$MeshFormat
4.1 0 8
$EndMeshFormat
$PhysicalNames
4
2 1 "anterior"
2 2 "posterior"
2 3 "limbus"
3 10 "cornea"
$EndPhysicalNames
$Entities
0 0 3 1
1 -5.442801716632686 -4.760393974375548 -1.332267629550188e-15 5.442801716632686 4.760393974375548 2.908416207305078 1 2 0 
2 -5.930000000000001 -5.250000000000001 0.4388794415106196 5.930000000000001 5.250000000000001 3.408416207305078 1 1 0 
3 -5.930000000000001 -5.250000000000001 -1.332267629550188e-15 5.930000000000001 5.250000000000001 0.8043515976926647 1 3 0 
1 -5.930000000000001 -5.250000000000001 -1.332267629550188e-15 5.930000000000001 5.250000000000001 3.408416207305078 1 10 3 1 2 3 
$EndEntities
$Nodes
4 3204 1 3204
2 1 0 0
2 2 0 0
2 3 0 0
3 1 0 3204
1
2
3
4
5
6
7
8
9
10
11
12
13
14
15
16
17
18
19
20
21
22
23
24
25
26
27
28
29
30
31
32
33
34
35
36
37
38
39
40
41
42
43
44
45
46
47
48
49
50
51
52
53
54
55
56
57
58
59
60
61
62
63
64
65
66
67
68
69
70
71
72
73
74
75
76
77
78
79
80
81
82
83
84
85
86
87
88
89
90
91
92
93
94
95
96
97
98
99
100
101
102
103
104
105
106
107
108
109
110
111
112
113
114
115
116
117
118
119
120
121
122
123
124
125
126
127
128
129
130
131
132
133
134
135
136
137
138
139
140
141
142
143
144
145
146
147
148
149
150
151
152
153
154
155
156
157
158
159
160
161
162
163
164
165
166
167
168
169
170
171
172
173
174
175
176
177
178
179
180
181
182
183
184
185
186
187
188
189
190
191
192
193
194
195
196
197
198
199
200
201
202
203
204
205
206
207
208
209
210
211
212
213
214
215
216
217
218
219
220
221
222
223
224
225
226
227
228
229
230
231
232
233
234
235
236
237
238
239
240
241
242
243
244
245
246
247
248
249
250
251
252
253
254
255
256
257
258
259
260
261
262
263
264
265
266
267
268
269
270
271
272
273
274
275
276
277
278
279
280
281
282
283
284
285
286
287
288
289
290
291
292
293
294
295
296
297
298
299
300
301
302
303
304
305
306
307
308
309
310
311
312
313
314
315
316
317
318
319
320
321
322
323
324
325
326
327
328
329
330
331
332
333
334
335
336
337
338
339
340
341
342
343
344
345
346
347
348
349
350
351
352
353
354
355
356
357
358
359
360
361
362
363
364
365
366
367
368
369
370
371
372
373
374
375
376
377
378
379
380
381
382
383
384
385
386
387
388
389
390
391
392
393
394
395
396
397
398
399
400
401
402
403
404
405
406
407
408
409
410
411
412
413
414
415
416
417
418
419
420
421
422
423
424
425
426
427
428
429
430
431
432
433
434
435
436
437
438
439
440
441
442
443
444
445
446
447
448
449
450
451
452
453
454
455
456
457
458
459
460
461
462
463
464
465
466
467
468
469
470
471
472
473
474
475
476
477
478
479
480
481
482
483
484
485
486
487
488
489
490
491
492
493
494
495
496
497
498
499
500
501
502
503
504
505
506
507
508
509
510
511
512
513
514
515
516
517
518
519
520
521
522
523
524
525
526
527
528
529
530
531
532
533
534
535
536
537
538
539
540
541
542
543
544
545
546
547
548
549
550
551
552
553
554
555
556
557
558
559
560
561
562
563
564
565
566
567
568
569
570
571
572
573
574
575
576
577
578
579
580
581
582
583
584
585
586
587
588
589
590
591
592
593
594
595
596
597
598
599
600
601
602
603
604
605
606
607
608
609
610
611
612
613
614
615
616
617
618
619
620
621
622
623
624
625
626
627
628
629
630
631
632
633
634
635
636
637
638
639
640
641
642
643
644
645
646
647
648
649
650
651
652
653
654
655
656
657
658
659
660
661
662
663
664
665
666
667
668
669
670
671
672
673
674
675
676
677
678
679
680
681
682
683
684
685
686
687
688
689
690
691
692
693
694
695
696
697
698
699
700
701
702
703
704
705
706
707
708
709
710
711
712
713
714
715
716
717
718
719
720
721
722
723
724
725
726
727
728
729
730
731
732
733
734
735
736
737
738
739
740
741
742
743
744
745
746
747
748
749
750
751
752
753
754
755
756
757
758
759
760
761
762
763
764
765
766
767
768
769
770
771
772
773
774
775
776
777
778
779
780
781
782
783
784
785
786
787
788
789
790
791
792
793
794
795
796
797
798
799
800
801
802
803
804
805
806
807
808
809
810
811
812
813
814
815
816
817
818
819
820
821
822
823
824
825
826
827
828
829
830
831
832
833
834
835
836
837
838
839
840
841
842
843
844
845
846
847
848
849
850
851
852
853
854
855
856
857
858
859
860
861
862
863
864
865
866
867
868
869
870
871
872
873
874
875
876
877
878
879
880
881
882
883
884
885
886
887
888
889
890
891
892
893
894
895
896
897
898
899
900
901
902
903
904
905
906
907
908
909
910
911
912
913
914
915
916
917
918
919
920
921
922
923
924
925
926
927
928
929
930
931
932
933
934
935
936
937
938
939
940
941
942
943
944
945
946
947
948
949
950
951
952
953
954
955
956
957
958
959
960
961
962
963
964
965
966
967
968
969
970
971
972
973
974
975
976
977
978
979
980
981
982
983
984
985
986
987
988
989
990
991
992
993
994
995
996
997
998
999
1000
1001
1002
1003
1004
1005
1006
1007
1008
1009
1010
1011
1012
1013
1014
1015
1016
1017
1018
1019
1020
1021
1022
1023
1024
1025
1026
1027
1028
1029
1030
1031
1032
1033
1034
1035
1036
1037
1038
1039
1040
1041
1042
1043
1044
1045
1046
1047
1048
1049
1050
1051
1052
1053
1054
1055
1056
1057
1058
1059
1060
1061
1062
1063
1064
1065
1066
1067
1068
1069
1070
1071
1072
1073
1074
1075
1076
1077
1078
1079
1080
1081
1082
1083
1084
1085
1086
1087
1088
1089
1090
1091
1092
1093
1094
1095
1096
1097
1098
1099
1100
1101
1102
1103
1104
1105
1106
1107
1108
1109
1110
1111
1112
1113
1114
1115
1116
1117
1118
1119
1120
1121
1122
1123
1124
1125
1126
1127
1128
1129
1130
1131
1132
1133
1134
1135
1136
1137
1138
1139
1140
1141
1142
1143
1144
1145
1146
1147
1148
1149
1150
1151
1152
1153
1154
1155
1156
1157
1158
1159
1160
1161
1162
1163
1164
1165
1166
1167
1168
1169
1170
1171
1172
1173
1174
1175
1176
1177
1178
1179
1180
1181
1182
1183
1184
1185
1186
1187
1188
1189
1190
1191
1192
1193
1194
1195
1196
1197
1198
1199
1200
1201
1202
1203
1204
1205
1206
1207
1208
1209
1210
1211
1212
1213
1214
1215
1216
1217
1218
1219
1220
1221
1222
1223
1224
1225
1226
1227
1228
1229
1230
1231
1232
1233
1234
1235
1236
1237
1238
1239
1240
1241
1242
1243
1244
1245
1246
1247
1248
1249
1250
1251
1252
1253
1254
1255
1256
1257
1258
1259
1260
1261
1262
1263
1264
1265
1266
1267
1268
1269
1270
1271
1272
1273
1274
1275
1276
1277
1278
1279
1280
1281
1282
1283
1284
1285
1286
1287
1288
1289
1290
1291
1292
1293
1294
1295
1296
1297
1298
1299
1300
1301
1302
1303
1304
1305
1306
1307
1308
1309
1310
1311
1312
1313
1314
1315
1316
1317
1318
1319
1320
1321
1322
1323
1324
1325
1326
1327
1328
1329
1330
1331
1332
1333
1334
1335
1336
1337
1338
1339
1340
1341
1342
1343
1344
1345
1346
1347
1348
1349
1350
1351
1352
1353
1354
1355
1356
1357
1358
1359
1360
1361
1362
1363
1364
1365
1366
1367
1368
1369
1370
1371
1372
1373
1374
1375
1376
1377
1378
1379
1380
1381
1382
1383
1384
1385
1386
1387
1388
1389
1390
1391
1392
1393
1394
1395
1396
1397
1398
1399
1400
1401
1402
1403
1404
1405
1406
1407
1408
1409
1410
1411
1412
1413
1414
1415
1416
1417
1418
1419
1420
1421
1422
1423
1424
1425
1426
1427
1428
1429
1430
1431
1432
1433
1434
1435
1436
1437
1438
1439
1440
1441
1442
1443
1444
1445
1446
1447
1448
1449
1450
1451
1452
1453
1454
1455
1456
1457
1458
1459
1460
1461
1462
1463
1464
1465
1466
1467
1468
1469
1470
1471
1472
1473
1474
1475
1476
1477
1478
1479
1480
1481
1482
1483
1484
1485
1486
1487
1488
1489
1490
1491
1492
1493
1494
1495
1496
1497
1498
1499
1500
1501
1502
1503
1504
1505
1506
1507
1508
1509
1510
1511
1512
1513
1514
1515
1516
1517
1518
1519
1520
1521
1522
1523
1524
1525
1526
1527
1528
1529
1530
1531
1532
1533
1534
1535
1536
1537
1538
1539
1540
1541
1542
1543
1544
1545
1546
1547
1548
1549
1550
1551
1552
1553
1554
1555
1556
1557
1558
1559
1560
1561
1562
1563
1564
1565
1566
1567
1568
1569
1570
1571
1572
1573
1574
1575
1576
1577
1578
1579
1580
1581
1582
1583
1584
1585
1586
1587
1588
1589
1590
1591
1592
1593
1594
1595
1596
1597
1598
1599
1600
1601
1602
1603
1604
1605
1606
1607
1608
1609
1610
1611
1612
1613
1614
1615
1616
1617
1618
1619
1620
1621
1622
1623
1624
1625
1626
1627
1628
1629
1630
1631
1632
1633
1634
1635
1636
1637
1638
1639
1640
1641
1642
1643
1644
1645
1646
1647
1648
1649
1650
1651
1652
1653
1654
1655
1656
1657
1658
1659
1660
1661
1662
1663
1664
1665
1666
1667
1668
1669
1670
1671
1672
1673
1674
1675
1676
1677
1678
1679
1680
1681
1682
1683
1684
1685
1686
1687
1688
1689
1690
1691
1692
1693
1694
1695
1696
1697
1698
1699
1700
1701
1702
1703
1704
1705
1706
1707
1708
1709
1710
1711
1712
1713
1714
1715
1716
1717
1718
1719
1720
1721
1722
1723
1724
1725
1726
1727
1728
1729
1730
1731
1732
1733
1734
1735
1736
1737
1738
1739
1740
1741
1742
1743
1744
1745
1746
1747
1748
1749
1750
1751
1752
1753
1754
1755
1756
1757
1758
1759
1760
1761
1762
1763
1764
1765
1766
1767
1768
1769
1770
1771
1772
1773
1774
1775
1776
1777
1778
1779
1780
1781
1782
1783
1784
1785
1786
1787
1788
1789
1790
1791
1792
1793
1794
1795
1796
1797
1798
1799
1800
1801
1802
1803
1804
1805
1806
1807
1808
1809
1810
1811
1812
1813
1814
1815
1816
1817
1818
1819
1820
1821
1822
1823
1824
1825
1826
1827
1828
1829
1830
1831
1832
1833
1834
1835
1836
1837
1838
1839
1840
1841
1842
1843
1844
1845
1846
1847
1848
1849
1850
1851
1852
1853
1854
1855
1856
1857
1858
1859
1860
1861
1862
1863
1864
1865
1866
1867
1868
1869
1870
1871
1872
1873
1874
1875
1876
1877
1878
1879
1880
1881
1882
1883
1884
1885
1886
1887
1888
1889
1890
1891
1892
1893
1894
1895
1896
1897
1898
1899
1900
1901
1902
1903
1904
1905
1906
1907
1908
1909
1910
1911
1912
1913
1914
1915
1916
1917
1918
1919
1920
1921
1922
1923
1924
1925
1926
1927
1928
1929
1930
1931
1932
1933
1934
1935
1936
1937
1938
1939
1940
1941
1942
1943
1944
1945
1946
1947
1948
1949
1950
1951
1952
1953
1954
1955
1956
1957
1958
1959
1960
1961
1962
1963
1964
1965
1966
1967
1968
1969
1970
1971
1972
1973
1974
1975
1976
1977
1978
1979
1980
1981
1982
1983
1984
1985
1986
1987
1988
1989
1990
1991
1992
1993
1994
1995
1996
1997
1998
1999
2000
2001
2002
2003
2004
2005
2006
2007
2008
2009
2010
2011
2012
2013
2014
2015
2016
2017
2018
2019
2020
2021
2022
2023
2024
2025
2026
2027
2028
2029
2030
2031
2032
2033
2034
2035
2036
2037
2038
2039
2040
2041
2042
2043
2044
2045
2046
2047
2048
2049
2050
2051
2052
2053
2054
2055
2056
2057
2058
2059
2060
2061
2062
2063
2064
2065
2066
2067
2068
2069
2070
2071
2072
2073
2074
2075
2076
2077
2078
2079
2080
2081
2082
2083
2084
2085
2086
2087
2088
2089
2090
2091
2092
2093
2094
2095
2096
2097
2098
2099
2100
2101
2102
2103
2104
2105
2106
2107
2108
2109
2110
2111
2112
2113
2114
2115
2116
2117
2118
2119
2120
2121
2122
2123
2124
2125
2126
2127
2128
2129
2130
2131
2132
2133
2134
2135
2136
2137
2138
2139
2140
2141
2142
2143
2144
2145
2146
2147
2148
2149
2150
2151
2152
2153
2154
2155
2156
2157
2158
2159
2160
2161
2162
2163
2164
2165
2166
2167
2168
2169
2170
2171
2172
2173
2174
2175
2176
2177
2178
2179
2180
2181
2182
2183
2184
2185
2186
2187
2188
2189
2190
2191
2192
2193
2194
2195
2196
2197
2198
2199
2200
2201
2202
2203
2204
2205
2206
2207
2208
2209
2210
2211
2212
2213
2214
2215
2216
2217
2218
2219
2220
2221
2222
2223
2224
2225
2226
2227
2228
2229
2230
2231
2232
2233
2234
2235
2236
2237
2238
2239
2240
2241
2242
2243
2244
2245
2246
2247
2248
2249
2250
2251
2252
2253
2254
2255
2256
2257
2258
2259
2260
2261
2262
2263
2264
2265
2266
2267
2268
2269
2270
2271
2272
2273
2274
2275
2276
2277
2278
2279
2280
2281
2282
2283
2284
2285
2286
2287
2288
2289
2290
2291
2292
2293
2294
2295
2296
2297
2298
2299
2300
2301
2302
2303
2304
2305
2306
2307
2308
2309
2310
2311
2312
2313
2314
2315
2316
2317
2318
2319
2320
2321
2322
2323
2324
2325
2326
2327
2328
2329
2330
2331
2332
2333
2334
2335
2336
2337
2338
2339
2340
2341
2342
2343
2344
2345
2346
2347
2348
2349
2350
2351
2352
2353
2354
2355
2356
2357
2358
2359
2360
2361
2362
2363
2364
2365
2366
2367
2368
2369
2370
2371
2372
2373
2374
2375
2376
2377
2378
2379
2380
2381
2382
2383
2384
2385
2386
2387
2388
2389
2390
2391
2392
2393
2394
2395
2396
2397
2398
2399
2400
2401
2402
2403
2404
2405
2406
2407
2408
2409
2410
2411
2412
2413
2414
2415
2416
2417
2418
2419
2420
2421
2422
2423
2424
2425
2426
2427
2428
2429
2430
2431
2432
2433
2434
2435
2436
2437
2438
2439
2440
2441
2442
2443
2444
2445
2446
2447
2448
2449
2450
2451
2452
2453
2454
2455
2456
2457
2458
2459
2460
2461
2462
2463
2464
2465
2466
2467
2468
2469
2470
2471
2472
2473
2474
2475
2476
2477
2478
2479
2480
2481
2482
2483
2484
2485
2486
2487
2488
2489
2490
2491
2492
2493
2494
2495
2496
2497
2498
2499
2500
2501
2502
2503
2504
2505
2506
2507
2508
2509
2510
2511
2512
2513
2514
2515
2516
2517
2518
2519
2520
2521
2522
2523
2524
2525
2526
2527
2528
2529
2530
2531
2532
2533
2534
2535
2536
2537
2538
2539
2540
2541
2542
2543
2544
2545
2546
2547
2548
2549
2550
2551
2552
2553
2554
2555
2556
2557
2558
2559
2560
2561
2562
2563
2564
2565
2566
2567
2568
2569
2570
2571
2572
2573
2574
2575
2576
2577
2578
2579
2580
2581
2582
2583
2584
2585
2586
2587
2588
2589
2590
2591
2592
2593
2594
2595
2596
2597
2598
2599
2600
2601
2602
2603
2604
2605
2606
2607
2608
2609
2610
2611
2612
2613
2614
2615
2616
2617
2618
2619
2620
2621
2622
2623
2624
2625
2626
2627
2628
2629
2630
2631
2632
2633
2634
2635
2636
2637
2638
2639
2640
2641
2642
2643
2644
2645
2646
2647
2648
2649
2650
2651
2652
2653
2654
2655
2656
2657
2658
2659
2660
2661
2662
2663
2664
2665
2666
2667
2668
2669
2670
2671
2672
2673
2674
2675
2676
2677
2678
2679
2680
2681
2682
2683
2684
2685
2686
2687
2688
2689
2690
2691
2692
2693
2694
2695
2696
2697
2698
2699
2700
2701
2702
2703
2704
2705
2706
2707
2708
2709
2710
2711
2712
2713
2714
2715
2716
2717
2718
2719
2720
2721
2722
2723
2724
2725
2726
2727
2728
2729
2730
2731
2732
2733
2734
2735
2736
2737
2738
2739
2740
2741
2742
2743
2744
2745
2746
2747
2748
2749
2750
2751
2752
2753
2754
2755
2756
2757
2758
2759
2760
2761
2762
2763
2764
2765
2766
2767
2768
2769
2770
2771
2772
2773
2774
2775
2776
2777
2778
2779
2780
2781
2782
2783
2784
2785
2786
2787
2788
2789
2790
2791
2792
2793
2794
2795
2796
2797
2798
2799
2800
2801
2802
2803
2804
2805
2806
2807
2808
2809
2810
2811
2812
2813
2814
2815
2816
2817
2818
2819
2820
2821
2822
2823
2824
2825
2826
2827
2828
2829
2830
2831
2832
2833
2834
2835
2836
2837
2838
2839
2840
2841
2842
2843
2844
2845
2846
2847
2848
2849
2850
2851
2852
2853
2854
2855
2856
2857
2858
2859
2860
2861
2862
2863
2864
2865
2866
2867
2868
2869
2870
2871
2872
2873
2874
2875
2876
2877
2878
2879
2880
2881
2882
2883
2884
2885
2886
2887
2888
2889
2890
2891
2892
2893
2894
2895
2896
2897
2898
2899
2900
2901
2902
2903
2904
2905
2906
2907
2908
2909
2910
2911
2912
2913
2914
2915
2916
2917
2918
2919
2920
2921
2922
2923
2924
2925
2926
2927
2928
2929
2930
2931
2932
2933
2934
2935
2936
2937
2938
2939
2940
2941
2942
2943
2944
2945
2946
2947
2948
2949
2950
2951
2952
2953
2954
2955
2956
2957
2958
2959
2960
2961
2962
2963
2964
2965
2966
2967
2968
2969
2970
2971
2972
2973
2974
2975
2976
2977
2978
2979
2980
2981
2982
2983
2984
2985
2986
2987
2988
2989
2990
2991
2992
2993
2994
2995
2996
2997
2998
2999
3000
3001
3002
3003
3004
3005
3006
3007
3008
3009
3010
3011
3012
3013
3014
3015
3016
3017
3018
3019
3020
3021
3022
3023
3024
3025
3026
3027
3028
3029
3030
3031
3032
3033
3034
3035
3036
3037
3038
3039
3040
3041
3042
3043
3044
3045
3046
3047
3048
3049
3050
3051
3052
3053
3054
3055
3056
3057
3058
3059
3060
3061
3062
3063
3064
3065
3066
3067
3068
3069
3070
3071
3072
3073
3074
3075
3076
3077
3078
3079
3080
3081
3082
3083
3084
3085
3086
3087
3088
3089
3090
3091
3092
3093
3094
3095
3096
3097
3098
3099
3100
3101
3102
3103
3104
3105
3106
3107
3108
3109
3110
3111
3112
3113
3114
3115
3116
3117
3118
3119
3120
3121
3122
3123
3124
3125
3126
3127
3128
3129
3130
3131
3132
3133
3134
3135
3136
3137
3138
3139
3140
3141
3142
3143
3144
3145
3146
3147
3148
3149
3150
3151
3152
3153
3154
3155
3156
3157
3158
3159
3160
3161
3162
3163
3164
3165
3166
3167
3168
3169
3170
3171
3172
3173
3174
3175
3176
3177
3178
3179
3180
3181
3182
3183
3184
3185
3186
3187
3188
3189
3190
3191
3192
3193
3194
3195
3196
3197
3198
3199
3200
3201
3202
3203
3204
-2.792540038005764 -2.451985334523112 1.520846245992066
-2.80298568665856 -2.154643797461274 1.66918346460806
-2.812616777812821 -1.854073383438697 1.798278239725603
-2.821269461872485 -1.550477917181799 1.907972596512046
-2.828757172616091 -1.244131916588586 1.998085518416534
-2.83487859895667 -0.9353977492756892 2.068428664108762
-2.839433697885853 -0.6247387958577547 2.118824747959674
-2.842247904223 -0.3127216192515059 2.149127366149911
-2.843200429158171 -1.497416676578773e-17 2.159239565510895
-2.842247904223 0.3127216192515059 2.149127366149911
-2.839433697885853 0.6247387958577547 2.118824747959674
-2.83487859895667 0.9353977492756892 2.068428664108762
-2.828757172616091 1.244131916588586 1.998085518416534
-2.821269461872485 1.550477917181799 1.907972596512046
-2.812616777812821 1.854073383438697 1.798278239725603
-2.80298568665856 2.154643797461274 1.66918346460806
-2.792540038005764 2.451985334523112 1.520846245992066
-2.452567418601278 -2.462427465782438 1.689173225964085
-2.462335341598163 -2.164410646744257 1.83808070631392
-2.471427094289211 -1.863016236112413 1.967786102515379
-2.479681760224264 -1.55841982153009 2.07809930740012
-2.486906260786372 -1.2508707377499 2.168802532978914
-2.492880336184403 -0.9407171568725466 2.239667021557487
-2.49737261972439 -0.6284300364516804 2.290474314063387
-2.500170807885691 -0.3146152712004258 2.321041159105522
-2.501122203574225 -1.146459643005623e-17 2.331244583622945
-2.500170807885691 0.3146152712004258 2.321041159105522
-2.49737261972439 0.6284300364516804 2.290474314063387
-2.492880336184403 0.9407171568725466 2.239667021557487
-2.486906260786372 1.2508707377499 2.168802532978914
-2.479681760224264 1.55841982153009 2.07809930740012
-2.471427094289211 1.863016236112413 1.967786102515379
-2.462335341598163 2.164410646744257 1.83808070631392
-2.452567418601278 2.462427465782438 1.689173225964085
-2.109385947483671 -2.472053020444728 1.835428995989463
-2.118327488550793 -2.173499191619606 1.984946824776658
-2.126741271378242 -1.87142925066925 2.115305060408187
-2.13447795269848 -1.565983287164916 2.226283398531291
-2.141346591493964 -1.257373439248293 2.317627219528458
-2.147113409596551 -0.94591795308108 2.389064403772455
-2.151513983326097 -0.6320808997152371 2.440329148769687
-2.154288075181911 -0.3165034000100861 2.471193059776007
-2.155237741401471 -8.422968805755596e-18 2.481499672234349
-2.154288075181911 0.3165034000100861 2.471193059776007
-2.151513983326097 0.6320808997152371 2.440329148769687
-2.147113409596551 0.94591795308108 2.389064403772455
-2.141346591493964 1.257373439248293 2.317627219528458
-2.13447795269848 1.565983287164916 2.226283398531291
-2.126741271378242 1.87142925066925 2.115305060408187
-2.118327488550793 2.173499191619606 1.984946824776658
-2.109385947483671 2.472053020444728 1.835428995989463
-1.763199120919113 -2.480698482463857 1.959525180282588
-1.771137622900932 -2.181748669120528 2.109660868060983
-1.778699504388083 -1.879163035192138 2.24068346329656
-1.785757827346002 -1.57304114629809 2.352346168686497
-1.792137508395827 -1.263545845748601 2.444359522434639
-1.797604104282111 -0.9509447392394788 2.516406710207596
-1.801864613669008 -0.6356698871701071 2.568168456746755
-1.804600217265654 -0.3183827939079578 2.599360668202627
-1.805547042639911 -5.849283892885831e-18 2.609782469689297
-1.804600217265654 0.3183827939079578 2.599360668202627
-1.801864613669008 0.6356698871701071 2.568168456746755
-1.797604104282111 0.9509447392394788 2.516406710207596
-1.792137508395827 1.263545845748601 2.444359522434639
-1.785757827346002 1.57304114629809 2.352346168686497
-1.778699504388083 1.879163035192138 2.24068346329656
-1.771137622900932 2.181748669120528 2.109660868060983
-1.763199120919113 2.480698482463857 1.959525180282588
-1.414280655716591 -2.48817790414377 2.061339512623883
-1.421014601419478 -2.188966448590521 2.212063666301108
-1.427513786132732 -1.886026857227811 2.343725092740193
-1.433684360151976 -1.579418244285185 2.456056215902791
-1.439385009501441 -1.269246333630778 2.548737740266147
-1.444404194453205 -0.9557058458596743 2.621410264450194
-1.448439293154023 -0.6391579791471467 2.673696932644347
-1.451108424471463 -0.3202471989644387 2.705245537738628
-1.452050107289543 -3.743541691446932e-18 2.715794535996741
-1.451108424471463 0.3202471989644387 2.705245537738628
-1.448439293154023 0.6391579791471467 2.673696932644347
-1.444404194453205 0.9557058458596743 2.621410264450194
-1.439385009501441 1.269246333630778 2.548737740266147
-1.433684360151976 1.579418244285185 2.456056215902791
-1.427513786132732 1.886026857227811 2.343725092740193
-1.421014601419478 2.188966448590521 2.212063666301108
-1.414280655716591 2.48817790414377 2.061339512623883
-1.062991366954432 -2.494290909353886 2.140732111894878
-1.068305400735747 -2.194933106695527 2.291975135606649
-1.073501618840583 -1.891787571080871 2.42420665610695
-1.078524909573741 -1.584880441290883 2.537145562049895
-1.083283986870918 -1.274263255111182 2.630451094609167
-1.087622817844561 -0.9600448126673126 2.703728929713549
-1.091274147873491 -0.6424683598120733 2.756546609141816
-1.093815995831524 -0.3220827249288092 2.788472537110089
-1.094746935350368 -2.105742201438899e-18 2.799160465372379
-1.093815995831524 0.3220827249288092 2.788472537110089
-1.091274147873491 0.6424683598120733 2.756546609141816
-1.087622817844561 0.9600448126673126 2.703728929713549
-1.083283986870918 1.274263255111182 2.630451094609167
-1.078524909573741 1.584880441290883 2.537145562049895
-1.073501618840583 1.891787571080871 2.42420665610695
-1.068305400735747 2.194933106695527 2.291975135606649
-1.062991366954432 2.494290909353886 2.140732111894878
-0.7097920276399334 -2.498838643734893 2.197564004328162
-0.7134786292733917 -2.199418502960674 2.349215661957355
-0.7171251586972477 -1.89618192565639 2.481901760060575
-0.7207102630562303 -1.589135688119876 2.595334844517279
-0.7241951639291477 -1.278294476035943 2.689162933992193
-0.727503446533183 -0.9636942143069528 2.762970360025973
-0.7304712523753603 -0.6454365834076945 2.816282609086633
-0.7327348232885056 -0.3238519947867867 2.848588534413186
-0.7336375268223857 -9.35885422861733e-19 2.859425658081645
-0.7327348232885056 0.3238519947867867 2.848588534413186
-0.7304712523753603 0.6454365834076945 2.816282609086633
-0.727503446533183 0.9636942143069528 2.762970360025973
-0.7241951639291477 1.278294476035943 2.689162933992193
-0.7207102630562303 1.589135688119876 2.595334844517279
-0.7171251586972477 1.89618192565639 2.481901760060575
-0.7134786292733917 2.199418502960674 2.349215661957355
-0.7097920276399334 2.498838643734893 2.197564004328162
-0.3552453324979816 -2.501647780558494 2.231716713887145
-0.3571362843065599 -2.202211753182892 2.383630631427252
-0.3590217580165236 -1.898951273874764 2.51661150919235
-0.360898567354099 -1.591866849558571 2.630370455414153
-0.3627605069099833 -1.280959660933723 2.72455254139165
-0.3645937896743119 -0.9662329814140974 2.798735206102364
-0.3663612909822869 -0.6476986190089856 2.85242611775542
-0.3679303130938401 -0.3254216458519236 2.885063586818348
-0.3687218817055964 -2.339713557154332e-19 2.896052695864646
-0.3679303130938401 0.3254216458519236 2.885063586818348
-0.3663612909822869 0.6476986190089856 2.85242611775542
-0.3645937896743119 0.9662329814140974 2.798735206102364
-0.3627605069099833 1.280959660933723 2.72455254139165
-0.360898567354099 1.591866849558571 2.630370455414153
-0.3590217580165236 1.898951273874764 2.51661150919235
-0.3571362843065599 2.202211753182892 2.383630631427252
-0.3552453324979816 2.501647780558494 2.231716713887145
-7.475954572951501e-18 -2.502598493593887 2.243110358944671
-5.723777719915994e-18 -2.203161346657819 2.395114763167351
-4.20522444728522e-18 -1.899899152646561 2.528197952280684
-2.92029475505918e-18 -1.592811911560112 2.642071113119361
-1.868988643237875e-18 -1.281899623398472 2.736379362119922
-1.051306111821305e-18 -0.9671622881616403 2.810699908905655
-4.672471608094688e-19 -0.6485999058496179 2.864539030667114
-1.168117902023672e-19 -0.3262124764624045 2.897327769099969
0 0 2.908416207305078
-1.168117902023672e-19 0.3262124764624045 2.897327769099969
-4.672471608094688e-19 0.6485999058496179 2.864539030667114
-1.051306111821305e-18 0.9671622881616403 2.810699908905655
-1.868988643237875e-18 1.281899623398472 2.736379362119922
-2.92029475505918e-18 1.592811911560112 2.642071113119361
-4.20522444728522e-18 1.899899152646561 2.528197952280684
-5.723777719915994e-18 2.203161346657819 2.395114763167351
-7.475954572951501e-18 2.502598493593887 2.243110358944671
0.3552453324979816 -2.501647780558494 2.231716713887145
0.3571362843065599 -2.202211753182892 2.383630631427252
0.3590217580165236 -1.898951273874764 2.51661150919235
0.360898567354099 -1.591866849558571 2.630370455414153
0.3627605069099833 -1.280959660933723 2.72455254139165
0.3645937896743119 -0.9662329814140974 2.798735206102364
0.3663612909822869 -0.6476986190089856 2.85242611775542
0.3679303130938401 -0.3254216458519236 2.885063586818348
0.3687218817055964 0 2.896052695864646
0.3679303130938401 0.3254216458519236 2.885063586818348
0.3663612909822869 0.6476986190089856 2.85242611775542
0.3645937896743119 0.9662329814140974 2.798735206102364
0.3627605069099833 1.280959660933723 2.72455254139165
0.360898567354099 1.591866849558571 2.630370455414153
0.3590217580165236 1.898951273874764 2.51661150919235
0.3571362843065599 2.202211753182892 2.383630631427252
0.3552453324979816 2.501647780558494 2.231716713887145
0.7097920276399334 -2.498838643734893 2.197564004328162
0.7134786292733917 -2.199418502960674 2.349215661957355
0.7171251586972476 -1.89618192565639 2.481901760060575
0.7207102630562303 -1.589135688119876 2.595334844517279
0.7241951639291477 -1.278294476035943 2.689162933992193
0.727503446533183 -0.9636942143069528 2.762970360025973
0.7304712523753603 -0.6454365834076945 2.816282609086633
0.7327348232885056 -0.3238519947867867 2.848588534413186
0.7336375268223857 0 2.859425658081645
0.7327348232885056 0.3238519947867867 2.848588534413186
0.7304712523753603 0.6454365834076945 2.816282609086633
0.727503446533183 0.9636942143069528 2.762970360025973
0.7241951639291477 1.278294476035943 2.689162933992193
0.7207102630562303 1.589135688119876 2.595334844517279
0.7171251586972476 1.89618192565639 2.481901760060575
0.7134786292733917 2.199418502960674 2.349215661957355
0.7097920276399334 2.498838643734893 2.197564004328162
1.062991366954432 -2.494290909353886 2.140732111894878
1.068305400735747 -2.194933106695527 2.291975135606649
1.073501618840582 -1.891787571080871 2.42420665610695
1.078524909573741 -1.584880441290883 2.537145562049895
1.083283986870918 -1.274263255111182 2.630451094609167
1.087622817844561 -0.9600448126673126 2.703728929713549
1.091274147873491 -0.6424683598120733 2.756546609141816
1.093815995831524 -0.3220827249288092 2.788472537110089
1.094746935350368 0 2.799160465372379
1.093815995831524 0.3220827249288092 2.788472537110089
1.091274147873491 0.6424683598120733 2.756546609141816
1.087622817844561 0.9600448126673126 2.703728929713549
1.083283986870918 1.274263255111182 2.630451094609167
1.078524909573741 1.584880441290883 2.537145562049895
1.073501618840582 1.891787571080871 2.42420665610695
1.068305400735747 2.194933106695527 2.291975135606649
1.062991366954432 2.494290909353886 2.140732111894878
1.414280655716591 -2.48817790414377 2.061339512623883
1.421014601419478 -2.188966448590521 2.212063666301108
1.427513786132732 -1.886026857227811 2.343725092740193
1.433684360151976 -1.579418244285185 2.456056215902791
1.439385009501441 -1.269246333630778 2.548737740266147
1.444404194453205 -0.9557058458596743 2.621410264450194
1.448439293154023 -0.6391579791471467 2.673696932644347
1.451108424471463 -0.3202471989644387 2.705245537738628
1.452050107289543 0 2.715794535996741
1.451108424471463 0.3202471989644387 2.705245537738628
1.448439293154023 0.6391579791471467 2.673696932644347
1.444404194453205 0.9557058458596743 2.621410264450194
1.439385009501441 1.269246333630778 2.548737740266147
1.433684360151976 1.579418244285185 2.456056215902791
1.427513786132732 1.886026857227811 2.343725092740193
1.421014601419478 2.188966448590521 2.212063666301108
1.414280655716591 2.48817790414377 2.061339512623883
1.763199120919113 -2.480698482463857 1.959525180282588
1.771137622900932 -2.181748669120528 2.109660868060983
1.778699504388083 -1.879163035192138 2.24068346329656
1.785757827346002 -1.57304114629809 2.352346168686497
1.792137508395827 -1.263545845748601 2.444359522434639
1.797604104282111 -0.9509447392394788 2.516406710207596
1.801864613669008 -0.6356698871701071 2.568168456746755
1.804600217265654 -0.3183827939079578 2.599360668202627
1.805547042639911 0 2.609782469689297
1.804600217265654 0.3183827939079578 2.599360668202627
1.801864613669008 0.6356698871701071 2.568168456746755
1.797604104282111 0.9509447392394788 2.516406710207596
1.792137508395827 1.263545845748601 2.444359522434639
1.785757827346002 1.57304114629809 2.352346168686497
1.778699504388083 1.879163035192138 2.24068346329656
1.771137622900932 2.181748669120528 2.109660868060983
1.763199120919113 2.480698482463857 1.959525180282588
2.109385947483671 -2.472053020444728 1.835428995989463
2.118327488550793 -2.173499191619606 1.984946824776658
2.126741271378242 -1.87142925066925 2.115305060408187
2.13447795269848 -1.565983287164916 2.226283398531291
2.141346591493964 -1.257373439248293 2.317627219528458
2.147113409596551 -0.94591795308108 2.389064403772455
2.151513983326097 -0.6320808997152371 2.440329148769687
2.154288075181911 -0.3165034000100862 2.471193059776007
2.155237741401471 0 2.481499672234349
2.154288075181911 0.3165034000100862 2.471193059776007
2.151513983326097 0.6320808997152371 2.440329148769687
2.147113409596551 0.94591795308108 2.389064403772455
2.141346591493964 1.257373439248293 2.317627219528458
2.13447795269848 1.565983287164916 2.226283398531291
2.126741271378242 1.87142925066925 2.115305060408187
2.118327488550793 2.173499191619606 1.984946824776658
2.109385947483671 2.472053020444728 1.835428995989463
2.452567418601278 -2.462427465782438 1.689173225964085
2.462335341598163 -2.164410646744257 1.83808070631392
2.471427094289211 -1.863016236112413 1.967786102515379
2.479681760224264 -1.55841982153009 2.07809930740012
2.486906260786372 -1.2508707377499 2.168802532978914
2.492880336184403 -0.9407171568725466 2.239667021557487
2.49737261972439 -0.6284300364516804 2.290474314063388
2.500170807885691 -0.3146152712004258 2.321041159105523
2.501122203574225 0 2.331244583622945
2.500170807885691 0.3146152712004258 2.321041159105523
2.49737261972439 0.6284300364516804 2.290474314063388
2.492880336184403 0.9407171568725466 2.239667021557487
2.486906260786372 1.2508707377499 2.168802532978914
2.479681760224264 1.55841982153009 2.07809930740012
2.471427094289211 1.863016236112413 1.967786102515379
2.462335341598163 2.164410646744257 1.83808070631392
2.452567418601278 2.462427465782438 1.689173225964085
2.792540038005764 -2.451985334523112 1.520846245992066
2.80298568665856 -2.154643797461274 1.66918346460806
2.812616777812821 -1.854073383438697 1.798278239725603
2.821269461872485 -1.550477917181799 1.907972596512046
2.828757172616091 -1.244131916588587 1.998085518416534
2.83487859895667 -0.9353977492756892 2.068428664108762
2.839433697885854 -0.6247387958577548 2.118824747959673
2.842247904223 -0.3127216192515059 2.149127366149911
2.843200429158171 0 2.159239565510895
2.842247904223 0.3127216192515059 2.149127366149911
2.839433697885854 0.6247387958577548 2.118824747959673
2.83487859895667 0.9353977492756892 2.068428664108762
2.828757172616091 1.244131916588587 1.998085518416534
2.821269461872485 1.550477917181799 1.907972596512046
2.812616777812821 1.854073383438697 1.798278239725603
2.80298568665856 2.154643797461274 1.66918346460806
2.792540038005764 2.451985334523112 1.520846245992066
2.950839952083655 -2.589591452260532 1.352450045091637
2.992170562376439 -2.29870491947009 1.489840825278132
3.032738528672805 -1.997896275044538 1.611608494887352
3.071472586232769 -1.686835104701357 1.71689587419564
3.106964640645412 -1.36552346692654 1.804792453397181
3.13749980282376 -1.034494581575012 1.874382452534424
3.161196850660804 -0.6950156401907398 1.924814184826698
3.176284597785408 -0.3492110745322904 1.955385486360034
3.18147241815331 0 1.965630448788769
3.176284597785408 0.3492110745322904 1.955385486360034
3.161196850660804 0.6950156401907398 1.924814184826698
3.13749980282376 1.034494581575012 1.874382452534424
3.106964640645412 1.36552346692654 1.804792453397181
3.071472586232769 1.686835104701357 1.71689587419564
3.032738528672805 1.997896275044538 1.611608494887352
2.992170562376439 2.29870491947009 1.489840825278132
2.950839952083655 2.589591452260532 1.352450045091637
3.099395824150643 -2.718570888622363 1.184440963651557
3.171341192600584 -2.43495796465493 1.30741952897534
3.243110782983654 -2.135151029183605 1.418101778568639
3.312697600308812 -1.81809900079823 1.515204729272446
3.377367617557517 -1.483322249835961 1.597350661205318
3.433697978073911 -1.131329492335878 1.663139269297937
3.477853547588552 -0.7640618657721621 1.711256922404705
3.506166937267448 -0.3851859796334712 1.740613947256099
3.515938170559643 0 1.750484686087779
3.506166937267448 0.3851859796334712 1.740613947256099
3.477853547588552 0.7640618657721621 1.711256922404705
3.433697978073911 1.131329492335878 1.663139269297937
3.377367617557517 1.483322249835961 1.597350661205318
3.312697600308812 1.81809900079823 1.515204729272446
3.243110782983654 2.135151029183605 1.418101778568639
3.171341192600584 2.43495796465493 1.30741952897534
3.099395824150643 2.718570888622363 1.184440963651557
3.239638234227043 -2.840190177353404 1.016711976970583
3.341858763264227 -2.564461580189787 1.122097280884409
3.444937138978671 -2.26664304770453 1.21812806715618
3.545921395392394 -1.944816297686124 1.303346108127387
3.640676433973644 -1.597847316723147 1.376172613868116
3.723914468815949 -1.226051576703234 1.434995899603146
3.78961439754674 -0.8319250098971793 1.478303458114333
3.831949868990233 -0.4206525444995309 1.504844109917542
3.846597686377168 0 1.513787992686434
3.831949868990233 0.4206525444995309 1.504844109917542
3.78961439754674 0.8319250098971793 1.478303458114333
3.723914468815949 1.226051576703234 1.434995899603146
3.640676433973644 1.597847316723147 1.376172613868116
3.545921395392394 1.944816297686124 1.303346108127387
3.444937138978671 2.26664304770453 1.21812806715618
3.341858763264227 2.564461580189787 1.122097280884409
3.239638234227043 2.840190177353404 1.016711976970583
3.372678600684708 -2.955433289187589 0.849168493185636
3.504792445664678 -2.688047498502109 0.9340055219434547
3.639173691078902 -2.393012441847415 1.011972165667037
3.771928724000528 -2.067426522176948 1.081662614361567
3.897467833881789 -1.709358010088777 1.141562664002668
4.008511043085832 -1.318783220709402 1.190146161668836
4.096653353023783 -0.8986444009853143 1.226009148556333
4.153679000890759 -0.4556159330001681 1.248018308197181
4.173450965605886 0 1.255439287526289
4.153679000890759 0.4556159330001681 1.248018308197181
4.096653353023783 0.8986444009853143 1.226009148556333
4.008511043085832 1.318783220709402 1.190146161668836
3.897467833881789 1.709358010088777 1.141562664002668
3.771928724000528 2.067426522176948 1.081662614361567
3.639173691078902 2.393012441847415 1.011972165667037
3.504792445664678 2.688047498502109 0.9340055219434547
3.372678600684708 2.955433289187589 0.849168493185636
3.499400776210019 -3.065082724395322 0.6817253686421001
3.661001075491932 -2.80638397811315 0.7432402380045344
3.826596434659849 -2.514779002243806 0.799851315833326
3.991363143191143 -2.186290404357856 0.8504104364289824
4.148219499117188 -1.818069361458785 0.8937305405604494
4.287789997165214 -1.409626830984303 0.9286875551760612
4.399116806061454 -0.9642531892084156 0.9543339641246429
4.47139289308086 -0.4900805186508781 0.9699846196665183
4.496498008245797 0 0.9752436574644947
4.47139289308086 0.4900805186508781 0.9699846196665183
4.399116806061454 0.9642531892084156 0.9543339641246429
4.287789997165214 1.409626830984303 0.9286875551760612
4.148219499117188 1.818069361458785 0.8937305405604494
3.991363143191143 2.186290404357856 0.8504104364289824
3.826596434659849 2.514779002243806 0.799851315833326
3.661001075491932 2.80638397811315 0.7432402380045344
3.499400776210019 3.065082724395322 0.6817253686421001
3.620521385163343 -3.169772931187721 0.5143047464366886
3.811187476741412 -2.920018003718662 0.5498693531790666
4.00784652520638 -2.632372403239216 0.5819274202461622
4.204761533552449 -2.301709108681899 0.6097717016412525
4.39333363788922 -1.924162617924873 0.6328000753008163
4.562007988900152 -1.498669468445559 0.6506241847940166
4.697129880809356 -1.028779752323494 0.6631393238260528
4.785124647826377 -0.5240500622595726 0.6704891455522795
4.8157388142969 0 0.6729029537161924
4.785124647826377 0.5240500622595726 0.6704891455522795
4.697129880809356 1.028779752323494 0.6631393238260528
4.562007988900152 1.498669468445559 0.6506241847940166
4.39333363788922 1.924162617924873 0.6328000753008163
4.204761533552449 2.301709108681899 0.6097717016412525
4.00784652520638 2.632372403239216 0.5819274202461622
3.811187476741412 2.920018003718662 0.5498693531790666
3.620521385163343 3.169772931187721 0.5143047464366886
3.736631028767852 -3.270026785858486 0.3468344420874412
3.955935888374808 -3.029404364191765 0.3539379151957753
4.18346173390161 -2.746153201292704 0.3583156786178927
4.412578292363201 -2.413937718206819 0.3598629581927035
4.633153644180861 -2.027792680677119 0.3588143691969257
4.831385871335186 -1.585986144408822 0.3558665366498071
4.990800929032507 -1.09224870075907 0.3521820090617354
5.094903049014869 -0.5575278393364744 0.3491653987449821
5.131173383759197 0 0.348003477135344
5.094903049014869 0.5575278393364744 0.3491653987449821
4.990800929032507 1.09224870075907 0.3521820090617354
4.831385871335186 1.585986144408822 0.3558665366498071
4.633153644180861 2.027792680677119 0.3588143691969257
4.412578292363201 2.413937718206819 0.3598629581927035
4.18346173390161 2.746153201292704 0.3583156786178927
3.955935888374808 3.029404364191765 0.3539379151957753
3.736631028767852 3.270026785858486 0.3468344420874412
3.848223288447755 -3.366281270275598 0.1792467046711632
4.095738523369233 -3.134926289983049 0.1554717969974067
4.353898951200824 -2.856427861603065 0.129090732283752
4.615202776900242 -2.523194960842995 0.1007408253714774
4.867976195000993 -2.129093509458257 0.07173810009672144
5.096115876859881 -1.67164223018257 0.04422833270475834
5.280224829667385 -1.154681615846413 0.02110489987112452
5.400753400928787 -0.5905167339531214 0.005520182414049835
5.442801716632686 0 -1.332267629550188e-15
5.400753400928787 0.5905167339531214 0.005520182414049835
5.280224829667385 1.154681615846413 0.02110489987112452
5.096115876859881 1.67164223018257 0.04422833270475834
4.867976195000993 2.129093509458257 0.07173810009672144
4.615202776900242 2.523194960842995 0.1007408253714774
4.353898951200824 2.856427861603065 0.129090732283752
4.095738523369233 3.134926289983049 0.1554717969974067
3.848223288447755 3.366281270275598 0.1792467046711632
2.618097467656995 2.627065380557504 1.51294116144982
2.274463987683655 2.663809112605454 1.655449053650125
1.919557530212282 2.698856966674389 1.778954086023161
1.553362988578575 2.730942226414115 1.882331010196757
1.176453380325166 2.758524630610149 1.964403265169027
0.7902160404142661 2.779916576856396 2.024034561012129
0.3969905669247352 2.793530590429087 2.060256054624589
1.947863689639028e-16 2.798210593454763 2.072408168909689
-0.3969905669247348 2.793530590429087 2.060256054624589
-0.7902160404142656 2.779916576856396 2.024034561012129
-1.176453380325165 2.758524630610149 1.964403265169027
-1.553362988578575 2.730942226414115 1.882331010196757
-1.919557530212282 2.698856966674389 1.778954086023161
-2.274463987683654 2.663809112605455 1.655449053650125
-2.618097467656995 2.627065380557504 1.51294116144982
-2.950839952083654 2.589591452260532 1.352450045091637
2.774864916087998 2.782779710873066 1.333728849791889
2.432229368782461 2.846807374235515 1.468983174281213
2.070303506562533 2.908865402670143 1.588530862714135
1.688541398824286 2.966519542295957 1.690475831545579
1.287504783157825 3.016724250511489 1.772778460786338
0.8693616469854846 3.056068889230304 1.833414684377389
0.4382154327705843 3.081293227317385 1.870618146035602
2.152611809467572e-16 3.089997646240448 1.883165767316915
-0.4382154327705839 3.081293227317385 1.870618146035602
-0.869361646985484 3.056068889230304 1.833414684377389
-1.287504783157824 3.016724250511489 1.772778460786338
-1.688541398824285 2.966519542295957 1.690475831545579
-2.070303506562533 2.908865402670144 1.588530862714134
-2.43222936878246 2.846807374235516 1.468983174281213
-2.774864916087997 2.782779710873067 1.333728849791889
-3.099395824150643 2.718570888622363 1.184440963651557
2.924060812866261 2.930780344868869 1.151711500691814
2.583584824759432 3.022121695115858 1.276394244245612
2.216047661635518 3.111598536323156 1.388696078618082
1.820171107829334 3.195548003796023 1.48619245582421
1.396311118682924 3.269287401964278 1.566186113401281
0.9472815160460437 3.327485758950731 1.625919546133267
0.4789268008593353 3.364985379674023 1.662927419241374
2.355023693492069e-16 3.377959651950943 1.67547318780261
-0.4789268008593348 3.364985379674023 1.662927419241374
-0.9472815160460433 3.327485758950731 1.625919546133267
-1.396311118682923 3.269287401964278 1.566186113401281
-1.820171107829333 3.195548003796023 1.48619245582421
-2.216047661635518 3.111598536323156 1.388696078618083
-2.583584824759431 3.022121695115858 1.276394244245612
-2.92406081286626 2.930780344868869 1.151711500691815
-3.239638234227042 2.840190177353405 1.016711976970584
3.066620692266401 3.072017838597772 0.9670189513697387
2.729247456345874 3.190605574397466 1.077962953478571
2.357280512820781 3.30775964356887 1.179791556979609
1.948540536666558 3.418546338979819 1.269799597233448
1.503008084681002 3.51654048839992 1.34486275324219
1.024019150483818 3.594324525612641 1.401682787953248
0.519130374469151 3.64464836648203 1.437234796537105
2.555099341712518e-16 3.662096610586246 1.449349912286329
-0.5191303744691504 3.64464836648203 1.437234796537105
-1.024019150483817 3.594324525612641 1.401682787953249
-1.503008084681001 3.51654048839992 1.34486275324219
-1.948540536666558 3.418546338979819 1.269799597233448
-2.357280512820781 3.30775964356887 1.179791556979609
-2.729247456345873 3.190605574397468 1.07796295347857
-3.066620692266401 3.072017838597773 0.9670189513697387
-3.372678600684707 2.955433289187589 0.8491684931856365
3.203296043465994 3.207255920069042 0.779746298290279
2.869799285812331 3.352952081310372 0.8739049141724862
2.494404324404412 3.497925921412697 0.9620776849853954
2.073888569745932 3.635944649061506 1.04152936021888
1.607709073442569 3.758756630652163 1.108960055922507
1.099611161678419 3.85671781336899 1.160757626142894
0.5588309756962013 3.920317183175174 1.193514652381234
2.752838754128921e-16 3.942408522146358 1.204740358691077
-0.5588309756962007 3.920317183175174 1.193514652381234
-1.099611161678419 3.85671781336899 1.160757626142894
-1.607709073442568 3.758756630652162 1.108960055922507
-2.073888569745932 3.635944649061506 1.04152936021888
-2.494404324404412 3.497925921412697 0.9620776849853949
-2.86979928581233 3.352952081310373 0.8739049141724857
-3.203296043465994 3.207255920069042 0.7797462982902794
-3.499400776210018 3.065082724395323 0.6817253686421001
3.334701844285427 3.337119718070508 0.5899611704370886
3.005721202200235 3.509734128099874 0.664382562521677
2.627754683098049 3.68257925848974 0.7357454136841861
2.196416350107842 3.848105462388548 0.8015359600325351
1.710510359888703 3.996168024196593 0.8585485485440372
1.174088842873455 4.114779154672151 0.9031155230859844
0.5980327442351837 4.192021922927207 0.9316598560348477
2.948241930741275e-16 4.218895386631279 0.9415076112175429
-0.598032744235183 4.192021922927207 0.9316598560348481
-1.174088842873455 4.114779154672151 0.9031155230859844
-1.710510359888703 3.996168024196593 0.8585485485440376
-2.196416350107842 3.848105462388548 0.8015359600325351
-2.627754683098048 3.682579258489741 0.7357454136841861
-3.005721202200234 3.509734128099875 0.6643825625216762
-3.334701844285426 3.337119718070508 0.5899611704370891
-3.620521385163343 3.169772931187721 0.5143047464366886
3.461349309745021 3.462128994286609 0.3977088324160993
3.137416553649562 3.661432468264664 0.449513587175487
2.757615619629335 3.862127810454224 0.5009245824248376
2.316295609900701 4.055338612189492 0.549901168553983
1.811494789662105 4.228974729337752 0.5936185760382324
1.24747929323348 4.368607010935335 0.6286425079710249
0.6367392798384568 4.45978879602114 0.6514746486503262
3.141308871549583e-16 4.491557204041009 0.6594250319889734
-0.636739279838456 4.45978879602114 0.6514746486503262
-1.247479293233479 4.368607010935335 0.6286425079710249
-1.811494789662105 4.228974729337752 0.5936185760382324
-2.316295609900701 4.055338612189492 0.549901168553983
-2.757615619629335 3.862127810454225 0.5009245824248376
-3.137416553649561 3.661432468264664 0.449513587175487
-3.46134930974502 3.462128994286609 0.3977088324160998
-3.736631028767851 3.270026785858488 0.3468344420874403
3.583669131403032 3.582721728983714 0.2030158298573701
3.265228025558198 3.808455732338503 0.2293769491354336
2.884230511469341 4.036921562439603 0.2576895699627166
2.433674719607843 4.257912046009625 0.2866371713375271
1.910734473555252 4.457351097231934 0.3140787971480292
1.319806242874617 4.618287725706118 0.3371330225702351
0.6749537471829805 4.723640880792519 0.3526649526658847
3.332039576553842e-16 4.760393974375548 0.3581652517366662
-0.6749537471829797 4.723640880792519 0.3526649526658847
-1.319806242874616 4.618287725706118 0.3371330225702351
-1.910734473555252 4.457351097231934 0.3140787971480297
-2.433674719607843 4.257912046009625 0.2866371713375271
-2.88423051146934 4.036921562439604 0.2576895699627162
-3.265228025558197 3.808455732338505 0.2293769491354327
-3.583669131403031 3.582721728983714 0.2030158298573701
-3.848223288447755 3.366281270275599 0.1792467046711637
-2.992170562376439 2.29870491947009 1.489840825278132
-3.032738528672805 1.997896275044538 1.611608494887352
-3.071472586232769 1.686835104701358 1.71689587419564
-3.106964640645412 1.365523466926541 1.804792453397181
-3.137499802823759 1.034494581575012 1.874382452534425
-3.161196850660804 0.6950156401907402 1.924814184826698
-3.176284597785408 0.3492110745322903 1.955385486360034
-3.18147241815331 3.427018280602527e-16 1.965630448788769
-3.176284597785409 -0.3492110745322896 1.955385486360034
-3.161196850660804 -0.6950156401907395 1.924814184826698
-3.13749980282376 -1.034494581575012 1.874382452534424
-3.106964640645413 -1.36552346692654 1.804792453397181
-3.071472586232769 -1.686835104701357 1.71689587419564
-3.032738528672806 -1.997896275044537 1.611608494887352
-2.992170562376439 -2.298704919470089 1.489840825278132
-2.950839952083655 -2.589591452260532 1.352450045091637
-3.171341192600583 2.43495796465493 1.307419528975341
-3.243110782983654 2.135151029183605 1.418101778568639
-3.312697600308812 1.81809900079823 1.515204729272447
-3.377367617557517 1.483322249835962 1.597350661205318
-3.433697978073911 1.131329492335878 1.663139269297937
-3.477853547588552 0.7640618657721627 1.711256922404705
-3.506166937267448 0.385185979633471 1.740613947256099
-3.515938170559643 3.78440095398682e-16 1.750484686087779
-3.506166937267449 -0.3851859796334703 1.740613947256098
-3.477853547588552 -0.764061865772162 1.711256922404705
-3.433697978073911 -1.131329492335877 1.663139269297937
-3.377367617557518 -1.483322249835961 1.597350661205318
-3.312697600308812 -1.81809900079823 1.515204729272447
-3.243110782983655 -2.135151029183604 1.418101778568639
-3.171341192600584 -2.43495796465493 1.30741952897534
-3.099395824150643 -2.718570888622363 1.184440963651558
-3.341858763264226 2.564461580189787 1.122097280884409
-3.444937138978671 2.26664304770453 1.21812806715618
-3.545921395392394 1.944816297686124 1.303346108127387
-3.640676433973644 1.597847316723147 1.376172613868116
-3.723914468815949 1.226051576703234 1.434995899603146
-3.789614397546739 0.8319250098971799 1.478303458114333
-3.831949868990233 0.4206525444995306 1.504844109917542
-3.846597686377168 4.137104200256804e-16 1.513787992686434
-3.831949868990233 -0.4206525444995299 1.504844109917542
-3.789614397546739 -0.8319250098971792 1.478303458114334
-3.723914468815949 -1.226051576703233 1.434995899603146
-3.640676433973644 -1.597847316723146 1.376172613868117
-3.545921395392394 -1.944816297686123 1.303346108127387
-3.444937138978671 -2.266643047704529 1.21812806715618
-3.341858763264227 -2.564461580189787 1.122097280884409
-3.239638234227044 -2.840190177353404 1.016711976970583
-3.504792445664677 2.688047498502109 0.9340055219434553
-3.639173691078902 2.393012441847415 1.011972165667037
-3.771928724000528 2.067426522176948 1.081662614361567
-3.897467833881789 1.709358010088778 1.141562664002667
-4.008511043085832 1.318783220709403 1.190146161668836
-4.096653353023783 0.898644400985315 1.226009148556333
-4.153679000890759 0.4556159330001677 1.248018308197181
-4.173450965605886 4.485128019412479e-16 1.255439287526289
-4.153679000890759 -0.455615933000167 1.248018308197181
-4.096653353023783 -0.8986444009853142 1.226009148556333
-4.008511043085832 -1.318783220709402 1.190146161668837
-3.897467833881789 -1.709358010088777 1.141562664002668
-3.771928724000528 -2.067426522176947 1.081662614361567
-3.639173691078903 -2.393012441847413 1.011972165667037
-3.504792445664678 -2.688047498502109 0.9340055219434547
-3.372678600684707 -2.955433289187588 0.8491684931856365
-3.661001075491932 2.80638397811315 0.7432402380045349
-3.826596434659849 2.514779002243806 0.799851315833326
-3.991363143191142 2.186290404357857 0.8504104364289828
-4.148219499117188 1.818069361458786 0.8937305405604494
-4.287789997165214 1.409626830984303 0.9286875551760612
-4.399116806061454 0.9642531892084164 0.9543339641246429
-4.47139289308086 0.4900805186508778 0.9699846196665183
-4.496498008245797 4.828472411453848e-16 0.9752436574644947
-4.47139289308086 -0.4900805186508769 0.9699846196665183
-4.399116806061454 -0.9642531892084155 0.9543339641246429
-4.287789997165214 -1.409626830984302 0.9286875551760614
-4.148219499117188 -1.818069361458785 0.8937305405604499
-3.991363143191143 -2.186290404357855 0.8504104364289828
-3.826596434659849 -2.514779002243805 0.7998513158333269
-3.661001075491933 -2.80638397811315 0.7432402380045344
-3.499400776210019 -3.065082724395322 0.6817253686421001
-3.811187476741412 2.920018003718662 0.5498693531790666
-4.00784652520638 2.632372403239216 0.5819274202461622
-4.204761533552448 2.301709108681899 0.6097717016412529
-4.39333363788922 1.924162617924873 0.6328000753008163
-4.562007988900152 1.49866946844556 0.6506241847940162
-4.697129880809356 1.028779752323495 0.6631393238260523
-4.785124647826377 0.5240500622595723 0.6704891455522795
-4.8157388142969 5.167137376380906e-16 0.6729029537161924
-4.785124647826377 -0.5240500622595713 0.6704891455522795
-4.697129880809356 -1.028779752323493 0.6631393238260528
-4.562007988900153 -1.498669468445559 0.6506241847940153
-4.39333363788922 -1.924162617924873 0.6328000753008163
-4.204761533552449 -2.301709108681898 0.6097717016412525
-4.007846525206381 -2.632372403239215 0.5819274202461622
-3.811187476741413 -2.920018003718662 0.5498693531790666
-3.620521385163344 -3.169772931187721 0.5143047464366886
-3.955935888374808 3.029404364191765 0.3539379151957758
-4.18346173390161 2.746153201292704 0.3583156786178927
-4.412578292363201 2.413937718206819 0.3598629581927031
-4.633153644180861 2.02779268067712 0.3588143691969252
-4.831385871335185 1.585986144408823 0.3558665366498079
-4.990800929032507 1.092248700759071 0.3521820090617354
-5.094903049014869 0.5575278393364741 0.3491653987449821
-5.131173383759197 5.501122914193655e-16 0.348003477135344
-5.09490304901487 -0.5575278393364732 0.3491653987449812
-4.990800929032507 -1.09224870075907 0.3521820090617362
-4.831385871335186 -1.585986144408821 0.3558665366498075
-4.633153644180861 -2.027792680677119 0.3588143691969257
-4.412578292363201 -2.413937718206818 0.3598629581927035
-4.18346173390161 -2.746153201292703 0.3583156786178936
-3.955935888374808 -3.029404364191764 0.3539379151957767
-3.736631028767852 -3.270026785858486 0.3468344420874403
-4.095738523369232 3.134926289983049 0.1554717969974071
-4.353898951200824 2.856427861603065 0.129090732283752
-4.615202776900242 2.523194960842995 0.1007408253714774
-4.867976195000993 2.129093509458257 0.07173810009672099
-5.09611587685988 1.67164223018257 0.04422833270475879
-5.280224829667385 1.154681615846414 0.02110489987112452
-5.400753400928787 0.5905167339531211 0.005520182414049835
-5.442801716632686 5.830429024892095e-16 -1.332267629550188e-15
-5.400753400928788 -0.5905167339531201 0.005520182414048946
-5.280224829667385 -1.154681615846413 0.02110489987112496
-5.09611587685988 -1.671642230182568 0.04422833270475923
-4.867976195000993 -2.129093509458256 0.07173810009672144
-4.615202776900242 -2.523194960842994 0.1007408253714779
-4.353898951200824 -2.856427861603064 0.1290907322837525
-4.095738523369232 -3.134926289983049 0.1554717969974071
-3.848223288447755 -3.366281270275598 0.1792467046711632
-2.618097467656995 -2.627065380557503 1.51294116144982
-2.274463987683655 -2.663809112605454 1.655449053650125
-1.919557530212282 -2.698856966674389 1.778954086023161
-1.553362988578576 -2.730942226414115 1.882331010196757
-1.176453380325166 -2.758524630610149 1.964403265169027
-0.7902160404142664 -2.779916576856396 2.024034561012128
-0.3969905669247363 -2.793530590429087 2.060256054624589
-5.878953092389953e-16 -2.798210593454763 2.072408168909689
0.3969905669247351 -2.793530590429087 2.060256054624589
0.7902160404142651 -2.779916576856396 2.024034561012129
1.176453380325165 -2.758524630610149 1.964403265169027
1.553362988578574 -2.730942226414116 1.882331010196757
1.91955753021228 -2.69885696667439 1.778954086023161
2.274463987683654 -2.663809112605455 1.655449053650126
2.618097467656992 -2.627065380557505 1.512941161449821
-2.774864916087998 -2.782779710873066 1.333728849791889
-2.432229368782461 -2.846807374235515 1.468983174281213
-2.070303506562532 -2.908865402670144 1.588530862714135
-1.688541398824286 -2.966519542295957 1.690475831545578
-1.287504783157825 -3.016724250511489 1.772778460786338
-0.8693616469854849 -3.056068889230304 1.833414684377389
-0.4382154327705854 -3.081293227317385 1.870618146035602
-6.501492247505025e-16 -3.089997646240448 1.883165767316915
0.4382154327705842 -3.081293227317385 1.870618146035602
0.8693616469854837 -3.056068889230304 1.833414684377389
1.287504783157824 -3.016724250511489 1.772778460786338
1.688541398824285 -2.966519542295957 1.690475831545579
2.070303506562531 -2.908865402670144 1.588530862714135
2.43222936878246 -2.846807374235516 1.468983174281213
2.774864916087995 -2.782779710873068 1.33372884979189
-2.924060812866261 -2.930780344868869 1.151711500691814
-2.583584824759432 -3.022121695115858 1.276394244245612
-2.216047661635517 -3.111598536323157 1.388696078618083
-1.820171107829334 -3.195548003796022 1.48619245582421
-1.396311118682924 -3.269287401964278 1.566186113401281
-0.9472815160460444 -3.327485758950731 1.625919546133266
-0.4789268008593365 -3.364985379674023 1.662927419241374
-7.117895831590002e-16 -3.377959651950943 1.67547318780261
0.4789268008593351 -3.364985379674023 1.662927419241374
0.9472815160460428 -3.327485758950731 1.625919546133267
1.396311118682923 -3.269287401964278 1.566186113401281
1.820171107829333 -3.195548003796023 1.48619245582421
2.216047661635516 -3.111598536323158 1.388696078618082
2.583584824759431 -3.022121695115858 1.276394244245612
2.924060812866259 -2.93078034486887 1.151711500691815
-3.066620692266401 -3.072017838597772 0.9670189513697387
-2.729247456345874 -3.190605574397467 1.07796295347857
-2.357280512820781 -3.307759643568871 1.179791556979608
-1.948540536666559 -3.418546338979819 1.269799597233448
-1.503008084681002 -3.51654048839992 1.34486275324219
-1.024019150483819 -3.594324525612641 1.401682787953248
-0.5191303744691524 -3.64464836648203 1.437234796537105
-7.72816384464488e-16 -3.662096610586246 1.449349912286329
0.5191303744691509 -3.64464836648203 1.437234796537105
1.024019150483817 -3.594324525612641 1.401682787953249
1.503008084681001 -3.51654048839992 1.34486275324219
1.948540536666557 -3.418546338979819 1.269799597233448
2.357280512820779 -3.307759643568871 1.179791556979609
2.729247456345872 -3.190605574397468 1.077962953478571
3.066620692266398 -3.072017838597774 0.9670189513697394
-3.203296043465995 -3.207255920069041 0.779746298290279
-2.869799285812331 -3.352952081310372 0.8739049141724862
-2.494404324404412 -3.497925921412699 0.9620776849853938
-2.073888569745934 -3.635944649061506 1.04152936021888
-1.60770907344257 -3.758756630652162 1.108960055922507
-1.099611161678419 -3.85671781336899 1.160757626142894
-0.5588309756962028 -3.920317183175174 1.193514652381233
-8.332296286669666e-16 -3.942408522146358 1.204740358691077
0.5588309756962011 -3.920317183175174 1.193514652381234
1.099611161678418 -3.85671781336899 1.160757626142895
1.607709073442568 -3.758756630652163 1.108960055922507
2.073888569745932 -3.635944649061507 1.04152936021888
2.49440432440441 -3.497925921412699 0.9620776849853949
2.869799285812329 -3.352952081310373 0.8739049141724862
3.203296043465993 -3.207255920069044 0.7797462982902785
-3.334701844285427 -3.337119718070509 0.5899611704370877
-3.005721202200235 -3.509734128099874 0.664382562521677
-2.627754683098048 -3.682579258489742 0.7357454136841852
-2.196416350107843 -3.848105462388548 0.8015359600325342
-1.710510359888703 -3.996168024196593 0.8585485485440372
-1.174088842873456 -4.114779154672151 0.903115523085984
-0.5980327442351854 -4.192021922927207 0.9316598560348475
-8.930293157664353e-16 -4.218895386631279 0.9415076112175429
0.5980327442351836 -4.192021922927207 0.9316598560348481
1.174088842873454 -4.114779154672151 0.9031155230859844
1.710510359888702 -3.996168024196593 0.8585485485440376
2.196416350107842 -3.848105462388548 0.8015359600325347
2.627754683098046 -3.682579258489742 0.735745413684187
3.005721202200233 -3.509734128099876 0.6643825625216762
3.334701844285424 -3.337119718070511 0.5899611704370886
-3.461349309745021 -3.462128994286609 0.3977088324160989
-3.137416553649562 -3.661432468264664 0.449513587175487
-2.757615619629334 -3.862127810454225 0.5009245824248381
-2.316295609900703 -4.055338612189491 0.5499011685539834
-1.811494789662106 -4.228974729337752 0.593618576038232
-1.24747929323348 -4.368607010935335 0.6286425079710245
-0.6367392798384585 -4.45978879602114 0.6514746486503258
-9.522154457628945e-16 -4.491557204041009 0.6594250319889734
0.6367392798384567 -4.45978879602114 0.6514746486503262
1.247479293233478 -4.368607010935335 0.6286425079710249
1.811494789662104 -4.228974729337752 0.5936185760382329
2.3162956099007 -4.055338612189493 0.549901168553983
2.757615619629333 -3.862127810454226 0.5009245824248376
3.137416553649561 -3.661432468264665 0.4495135871754865
3.461349309745017 -3.462128994286612 0.3977088324160998
-3.583669131403032 -3.582721728983713 0.2030158298573701
-3.265228025558199 -3.808455732338503 0.2293769491354332
-2.88423051146934 -4.036921562439605 0.2576895699627157
-2.433674719607844 -4.257912046009624 0.2866371713375271
-1.910734473555253 -4.457351097231933 0.3140787971480301
-1.319806242874617 -4.618287725706119 0.3371330225702338
-0.6749537471829824 -4.72364088079252 0.3526649526658834
-1.010788018656344e-15 -4.760393974375548 0.3581652517366662
0.6749537471829803 -4.723640880792519 0.3526649526658847
1.319806242874615 -4.618287725706118 0.3371330225702356
1.910734473555251 -4.457351097231934 0.3140787971480301
2.433674719607842 -4.257912046009626 0.2866371713375266
2.884230511469338 -4.036921562439606 0.2576895699627162
3.265228025558196 -3.808455732338505 0.2293769491354332
3.583669131403028 -3.582721728983715 0.2030158298573714
-2.850026692003842 -2.509656889682075 1.708038857876836
-2.856990457772373 -2.202054198307516 1.857450743117555
-2.863411185208547 -1.892298922292465 1.986852861219013
-2.869179641248324 -1.580526944787866 2.096339775582719
-2.874171448410727 -1.266921277725724 2.185952806091178
-2.878252399304447 -0.9517234995171262 2.255694332954758
-2.881289131923902 -0.6352425305718366 2.30554293599139
-2.883165269482 -0.3178560795010039 2.335468715859793
-2.883800286105448 -9.982777843858486e-18 2.345447105219009
-2.883165269482 0.3178560795010039 2.335468715859793
-2.881289131923902 0.6352425305718366 2.30554293599139
-2.878252399304447 0.9517234995171262 2.255694332954758
-2.874171448410727 1.266921277725724 2.185952806091178
-2.869179641248324 1.580526944787866 2.096339775582719
-2.863411185208547 1.892298922292465 1.986852861219013
-2.856990457772373 2.202054198307516 1.857450743117555
-2.850026692003842 2.509656889682075 1.708038857876836
-2.499836612400852 -2.516618310521626 1.87747975336329
-2.506348561065442 -2.208565431162838 2.026682725147143
-2.512409729526141 -1.898260824074942 2.155996346500799
-2.517912840149509 -1.585821547686727 2.265486856630803
-2.522729173857582 -1.2714138251666 2.355165612764127
-2.526711890789602 -0.9552697712483645 2.425003841176714
-2.529706746482927 -0.6377033576344536 2.474949543742535
-2.531572205257127 -0.3191185141336172 2.504946095317235
-2.532206469049483 -7.643064286704154e-18 2.514950314232864
-2.531572205257127 0.3191185141336172 2.504946095317235
-2.529706746482927 0.6377033576344536 2.474949543742535
-2.526711890789602 0.9552697712483645 2.425003841176714
-2.522729173857582 1.2714138251666 2.355165612764127
-2.517912840149509 1.585821547686727 2.265486856630803
-2.512409729526141 1.898260824074942 2.155996346500799
-2.506348561065442 2.208565431162838 2.026682725147143
-2.499836612400852 2.516618310521626 1.87747975336329
-2.147507298322447 -2.523035346963152 2.024066923702615
-2.153468325700529 -2.214624461079737 2.173181973567258
-2.159077514252162 -1.903869500446167 2.302514293354172
-2.164235301798986 -1.590863858109944 2.412104317721062
-2.168814394329309 -1.275748959498862 2.501934365430466
-2.172658939731034 -0.95873696872072 2.571943286302826
-2.175592655550732 -0.6401372664768248 2.622044939590753
-2.177442050121274 -0.3203772666733908 2.652150821535814
-2.178075160934315 -5.615312537170398e-18 2.662194376229608
-2.177442050121274 0.3203772666733908 2.652150821535814
-2.175592655550732 0.6401372664768248 2.622044939590753
-2.172658939731034 0.95873696872072 2.571943286302826
-2.168814394329309 1.275748959498862 2.501934365430466
-2.164235301798986 1.590863858109944 2.412104317721062
-2.159077514252162 1.903869500446167 2.302514293354172
-2.153468325700529 2.214624461079737 2.173181973567258
-2.147507298322447 2.523035346963152 2.024066923702615
-1.793174413946075 -2.528798988309238 2.14797038421825
-1.798466748600621 -2.220124112747019 2.297089518243733
-1.803508002925388 -1.909025356794759 2.426521277482517
-1.808213551564001 -1.59556909753206 2.536283843848138
-1.812466672263885 -1.279863897165734 2.626332675267381
-1.816111069521407 -0.9620881594929859 2.696574012501189
-1.818951409112672 -0.6425299247800714 2.746883972382406
-1.820775144843769 -0.3216301959386386 2.777135470720051
-1.821406361759941 -3.899522595257221e-18 2.78723149467815
-1.820775144843769 0.3216301959386386 2.777135470720051
-1.818951409112672 0.6425299247800714 2.746883972382406
-1.816111069521407 0.9620881594929859 2.696574012501189
-1.812466672263885 1.279863897165734 2.626332675267381
-1.808213551564001 1.59556909753206 2.536283843848138
-1.803508002925388 1.909025356794759 2.426521277482517
-1.798466748600621 2.220124112747019 2.297089518243733
-1.793174413946075 2.528798988309238 2.14797038421825
-1.437020437144394 -2.53378526942918 2.249294064347253
-1.441509734279652 -2.224935965727014 2.398478962092044
-1.445842524088488 -1.913601238151874 2.528061479742497
-1.449956240101317 -1.599820496190124 2.638042325652669
-1.453756673000961 -1.283664222420519 2.728354200577163
-1.457102796302137 -0.9652622305731163 2.798872731713493
-1.459792862102682 -0.6448553194314312 2.849433993506865
-1.461572282980976 -0.3228731326429591 2.879864347942514
-1.462200071526362 -2.495694460964621e-18 2.890025663792237
-1.461572282980976 0.3228731326429591 2.879864347942514
-1.459792862102682 0.6448553194314312 2.849433993506865
-1.457102796302137 0.9652622305731163 2.798872731713493
-1.453756673000961 1.283664222420519 2.728354200577163
-1.449956240101317 1.599820496190124 2.638042325652669
-1.445842524088488 1.913601238151874 2.528061479742497
-1.441509734279652 2.224935965727014 2.398478962092044
-1.437020437144394 2.53378526942918 2.249294064347253
-1.079285911302954 -2.537860606235924 2.328091099657776
-1.082828600490498 -2.228913737797018 2.477372224180439
-1.086292745893722 -1.917441714053914 2.607124366736211
-1.089641606382494 -1.603461960860589 2.717336476027916
-1.092814324580612 -1.287008836740788 2.807924775278638
-1.09570687856304 -0.9681548751115417 2.878739928584753
-1.098141098582327 -0.6470622398747156 2.929579689107531
-1.099835663887683 -0.3240968166192062 2.960216626065665
-1.100456290233579 -1.4038281342926e-18 2.970455629230978
-1.099835663887683 0.3240968166192062 2.960216626065665
-1.098141098582327 0.6470622398747156 2.929579689107531
-1.09570687856304 0.9681548751115417 2.878739928584753
-1.092814324580612 1.287008836740788 2.807924775278638
-1.089641606382494 1.603461960860589 2.717336476027916
-1.086292745893722 1.917441714053914 2.607124366736211
-1.082828600490498 2.228913737797018 2.477372224180439
-1.079285911302954 2.537860606235924 2.328091099657776
-0.7202780184266223 -2.540892429156595 2.384379526391844
-0.7227357528489278 -2.231904001973783 2.533756970693197
-0.7251667724648319 -1.920371283770927 2.663663709533769
-0.7275568420374869 -1.606298792079917 2.774082550258069
-0.7298801092860985 -1.289696317357295 2.864920717481569
-0.732085631022122 -0.9705878095379686 2.93601346916138
-0.7340641682502402 -0.6490410556051297 2.987129644454672
-0.7355732155256705 -0.3252763298578578 3.01798817153847
-0.7361750178815905 -6.239236152411554e-19 3.028316097045975
-0.7355732155256705 0.3252763298578578 3.01798817153847
-0.7340641682502402 0.6490410556051297 2.987129644454672
-0.732085631022122 0.9705878095379686 2.93601346916138
-0.7298801092860985 1.289696317357295 2.864920717481569
-0.7275568420374869 1.606298792079917 2.774082550258069
-0.7251667724648319 1.920371283770927 2.663663709533769
-0.7227357528489278 2.231904001973783 2.533756970693197
-0.7202780184266223 2.540892429156595 2.384379526391844
-0.3603718883319877 -2.542765187038996 2.418157779353006
-0.36163252287104 -2.233766168788595 2.56760528429934
-0.3628895053443491 -1.922217515916509 2.697620199973016
-0.3641407115693993 -1.608119566372381 2.80818324378453
-0.3653820046066556 -1.291473107289149 2.899198777814687
-0.366604193116208 -0.9722803209427316 2.970496768576258
-0.3677825273215246 -0.6505490793393238 3.021833657095018
-0.36882854206256 -0.3263227639012825 3.052894316908527
-0.3693562544703976 -1.559809038102888e-19 3.063317290419363
-0.36882854206256 0.3263227639012825 3.052894316908527
-0.3677825273215246 0.6505490793393238 3.021833657095018
-0.366604193116208 0.9722803209427316 2.970496768576258
-0.3653820046066556 1.291473107289149 2.899198777814687
-0.3641407115693993 1.608119566372381 2.80818324378453
-0.3628895053443491 1.922217515916509 2.697620199973016
-0.36163252287104 2.233766168788595 2.56760528429934
-0.3603718883319877 2.542765187038996 2.418157779353006
-4.983969715301001e-18 -2.543398995729258 2.429418414426198
-3.81585181327733e-18 -2.234399231105213 2.578891462944299
-2.803482964856814e-18 -1.922849435097708 2.708945259023764
-1.946863170039454e-18 -1.608749607706742 2.8195601979705
-1.24599242882525e-18 -1.292099748932314 2.910640374808467
-7.008707412142034e-19 -0.972899858774427 2.982015372578907
-3.114981072063126e-19 -0.6511499372330787 3.033440533012745
-7.787452680157814e-20 -0.3268499843082697 3.064595764765225
0 0 3.075082873971745
-7.787452680157814e-20 0.3268499843082697 3.064595764765225
-3.114981072063126e-19 0.6511499372330787 3.033440533012745
-7.008707412142034e-19 0.972899858774427 2.982015372578907
-1.24599242882525e-18 1.292099748932314 2.910640374808467
-1.946863170039454e-18 1.608749607706742 2.8195601979705
-2.803482964856814e-18 1.922849435097708 2.708945259023764
-3.81585181327733e-18 2.234399231105213 2.578891462944299
-4.983969715301001e-18 2.543398995729258 2.429418414426198
0.3603718883319877 -2.542765187038996 2.418157779353006
0.36163252287104 -2.233766168788595 2.56760528429934
0.3628895053443491 -1.922217515916509 2.697620199973016
0.3641407115693993 -1.608119566372381 2.80818324378453
0.3653820046066556 -1.291473107289149 2.899198777814687
0.366604193116208 -0.9722803209427316 2.970496768576258
0.3677825273215246 -0.6505490793393238 3.021833657095018
0.36882854206256 -0.3263227639012825 3.052894316908527
0.3693562544703976 0 3.063317290419363
0.36882854206256 0.3263227639012825 3.052894316908527
0.3677825273215246 0.6505490793393238 3.021833657095018
0.366604193116208 0.9722803209427316 2.970496768576258
0.3653820046066556 1.291473107289149 2.899198777814687
0.3641407115693993 1.608119566372381 2.80818324378453
0.3628895053443491 1.922217515916509 2.697620199973016
0.36163252287104 2.233766168788595 2.56760528429934
0.3603718883319877 2.542765187038996 2.418157779353006
0.7202780184266223 -2.540892429156595 2.384379526391844
0.7227357528489278 -2.231904001973783 2.533756970693197
0.7251667724648317 -1.920371283770927 2.663663709533769
0.7275568420374869 -1.606298792079917 2.774082550258069
0.7298801092860985 -1.289696317357295 2.864920717481569
0.732085631022122 -0.9705878095379686 2.93601346916138
0.7340641682502402 -0.6490410556051297 2.987129644454672
0.7355732155256705 -0.3252763298578578 3.01798817153847
0.7361750178815905 0 3.028316097045975
0.7355732155256705 0.3252763298578578 3.01798817153847
0.7340641682502402 0.6490410556051297 2.987129644454672
0.732085631022122 0.9705878095379686 2.93601346916138
0.7298801092860985 1.289696317357295 2.864920717481569
0.7275568420374869 1.606298792079917 2.774082550258069
0.7251667724648317 1.920371283770927 2.663663709533769
0.7227357528489278 2.231904001973783 2.533756970693197
0.7202780184266223 2.540892429156595 2.384379526391844
1.079285911302954 -2.537860606235924 2.328091099657776
1.082828600490498 -2.228913737797018 2.477372224180439
1.086292745893722 -1.917441714053914 2.607124366736211
1.089641606382494 -1.603461960860589 2.717336476027916
1.092814324580612 -1.287008836740788 2.807924775278638
1.09570687856304 -0.9681548751115417 2.878739928584753
1.098141098582327 -0.6470622398747156 2.929579689107531
1.099835663887683 -0.3240968166192062 2.960216626065665
1.100456290233579 0 2.970455629230978
1.099835663887683 0.3240968166192062 2.960216626065665
1.098141098582327 0.6470622398747156 2.929579689107531
1.09570687856304 0.9681548751115417 2.878739928584753
1.092814324580612 1.287008836740788 2.807924775278638
1.089641606382494 1.603461960860589 2.717336476027916
1.086292745893722 1.917441714053914 2.607124366736211
1.082828600490498 2.228913737797018 2.477372224180439
1.079285911302954 2.537860606235924 2.328091099657776
1.437020437144394 -2.53378526942918 2.249294064347253
1.441509734279652 -2.224935965727014 2.398478962092044
1.445842524088488 -1.913601238151874 2.528061479742497
1.449956240101317 -1.599820496190124 2.638042325652669
1.453756673000961 -1.283664222420519 2.728354200577163
1.457102796302137 -0.9652622305731163 2.798872731713493
1.459792862102682 -0.6448553194314312 2.849433993506865
1.461572282980976 -0.3228731326429591 2.879864347942514
1.462200071526362 0 2.890025663792237
1.461572282980976 0.3228731326429591 2.879864347942514
1.459792862102682 0.6448553194314312 2.849433993506865
1.457102796302137 0.9652622305731163 2.798872731713493
1.453756673000961 1.283664222420519 2.728354200577163
1.449956240101317 1.599820496190124 2.638042325652669
1.445842524088488 1.913601238151874 2.528061479742497
1.441509734279652 2.224935965727014 2.398478962092044
1.437020437144394 2.53378526942918 2.249294064347253
1.793174413946075 -2.528798988309238 2.14797038421825
1.798466748600621 -2.220124112747019 2.297089518243733
1.803508002925388 -1.909025356794759 2.426521277482517
1.808213551564001 -1.59556909753206 2.536283843848138
1.812466672263885 -1.279863897165734 2.626332675267381
1.816111069521407 -0.9620881594929859 2.696574012501189
1.818951409112672 -0.6425299247800714 2.746883972382406
1.820775144843769 -0.3216301959386386 2.777135470720051
1.821406361759941 0 2.78723149467815
1.820775144843769 0.3216301959386386 2.777135470720051
1.818951409112672 0.6425299247800714 2.746883972382406
1.816111069521407 0.9620881594929859 2.696574012501189
1.812466672263885 1.279863897165734 2.626332675267381
1.808213551564001 1.59556909753206 2.536283843848138
1.803508002925388 1.909025356794759 2.426521277482517
1.798466748600621 2.220124112747019 2.297089518243733
1.793174413946075 2.528798988309238 2.14797038421825
2.147507298322447 -2.523035346963152 2.024066923702615
2.153468325700529 -2.214624461079737 2.173181973567258
2.159077514252162 -1.903869500446167 2.302514293354171
2.164235301798986 -1.590863858109944 2.412104317721062
2.168814394329309 -1.275748959498862 2.501934365430466
2.172658939731034 -0.95873696872072 2.571943286302826
2.175592655550732 -0.6401372664768248 2.622044939590753
2.177442050121274 -0.3203772666733908 2.652150821535814
2.178075160934315 0 2.662194376229608
2.177442050121274 0.3203772666733908 2.652150821535814
2.175592655550732 0.6401372664768248 2.622044939590753
2.172658939731034 0.95873696872072 2.571943286302826
2.168814394329309 1.275748959498862 2.501934365430466
2.164235301798986 1.590863858109944 2.412104317721062
2.159077514252162 1.903869500446167 2.302514293354171
2.153468325700529 2.214624461079737 2.173181973567258
2.147507298322447 2.523035346963152 2.024066923702615
2.499836612400852 -2.516618310521626 1.87747975336329
2.506348561065442 -2.208565431162838 2.026682725147143
2.512409729526141 -1.898260824074942 2.155996346500799
2.517912840149509 -1.585821547686727 2.265486856630803
2.522729173857582 -1.2714138251666 2.355165612764127
2.526711890789602 -0.9552697712483645 2.425003841176714
2.529706746482927 -0.6377033576344536 2.474949543742535
2.531572205257127 -0.3191185141336172 2.504946095317236
2.532206469049483 0 2.514950314232864
2.531572205257127 0.3191185141336172 2.504946095317236
2.529706746482927 0.6377033576344536 2.474949543742535
2.526711890789602 0.9552697712483645 2.425003841176714
2.522729173857582 1.2714138251666 2.355165612764127
2.517912840149509 1.585821547686727 2.265486856630803
2.512409729526141 1.898260824074942 2.155996346500799
2.506348561065442 2.208565431162838 2.026682725147143
2.499836612400852 2.516618310521626 1.87747975336329
2.850026692003842 -2.509656889682075 1.708038857876836
2.856990457772373 -2.202054198307516 1.857450743117555
2.863411185208547 -1.892298922292465 1.986852861219013
2.869179641248324 -1.580526944787866 2.096339775582718
2.874171448410727 -1.266921277725725 2.185952806091178
2.878252399304447 -0.9517234995171262 2.255694332954758
2.881289131923903 -0.6352425305718366 2.30554293599139
2.883165269482 -0.3178560795010039 2.335468715859793
2.883800286105448 0 2.345447105219009
2.883165269482 0.3178560795010039 2.335468715859793
2.881289131923903 0.6352425305718366 2.30554293599139
2.878252399304447 0.9517234995171262 2.255694332954758
2.874171448410727 1.266921277725725 2.185952806091178
2.869179641248324 1.580526944787866 2.096339775582718
2.863411185208547 1.892298922292465 1.986852861219013
2.856990457772373 2.202054198307516 1.857450743117555
2.850026692003842 2.509656889682075 1.708038857876836
3.015512437831493 -2.654471951814365 1.537639302337366
3.054226444269725 -2.353183332668571 1.676818930419659
3.092330269791995 -2.042742283341642 1.799614315370127
3.128804689802779 -1.722793516574011 1.905360410321463
3.162303474594686 -1.393293075705087 1.99332831603994
3.191181039950447 -1.054700015799237 2.062769261094817
3.213627223957314 -0.7081731845986221 2.112977072830294
3.22793438489633 -0.3556922782250851 2.143364377491217
3.232856612102207 0 2.153539433704088
3.22793438489633 0.3556922782250851 2.143364377491217
3.213627223957314 0.7081731845986221 2.112977072830294
3.191181039950447 1.054700015799237 2.062769261094817
3.162303474594686 1.393293075705087 1.99332831603994
3.128804689802779 1.722793516574011 1.905360410321463
3.092330269791995 2.042742283341642 1.799614315370127
3.054226444269725 2.353183332668571 1.676818930419659
3.015512437831493 2.654471951814365 1.537639302337366
3.171254141648242 -2.790660332571067 1.366778755623941
3.241610973896693 -2.496647301169388 1.492096348666787
3.311855576554138 -2.186885204506298 1.604418646914261
3.380017659614107 -1.860321809121237 1.70259140996574
3.443408727412047 -1.516462373201091 1.785367545185585
3.498658813515309 -1.155780528823062 1.851475134332875
3.541988658604462 -0.7801567458624485 1.899719162923738
3.569782009101544 -0.3931686308998373 1.929108067826987
3.579375447039762 0 1.938981726130098
3.569782009101544 0.3931686308998373 1.929108067826987
3.541988658604462 0.7801567458624485 1.899719162923738
3.498658813515309 1.155780528823062 1.851475134332875
3.443408727412047 1.516462373201091 1.785367545185585
3.380017659614107 1.860321809121237 1.70259140996574
3.311855576554138 2.186885204506298 1.604418646914261
3.241610973896693 2.496647301169388 1.492096348666787
3.171254141648242 2.790660332571067 1.366778755623941
3.318682383474402 -2.919488565696978 1.195358506600723
3.420491712108731 -2.633492881453583 1.303425675459367
3.523167303926117 -2.325515478018322 1.401544598762587
3.623767695484114 -1.993641112181933 1.488326448513835
3.718171537937516 -1.636735174774189 1.56226903168512
3.801107771726175 -1.255106872147008 1.621841823456422
3.866573660415697 -0.8512381456833704 1.665612189784178
3.908760180848 -0.4302909826171588 1.692398334651615
3.923356790918112 0 1.70141831657218
3.908760180848 0.4302909826171588 1.692398334651615
3.866573660415697 0.8512381456833704 1.665612189784178
3.801107771726175 1.255106872147008 1.621841823456422
3.718171537937516 1.636735174774189 1.56226903168512
3.623767695484114 1.993641112181933 1.488326448513835
3.523167303926117 2.325515478018322 1.401544598762587
3.420491712108731 2.633492881453583 1.303425675459367
3.318682383474402 2.919488565696978 1.195358506600723
3.458908581681826 -3.041940621926033 1.023286352168211
3.59192657615415 -2.764541926099785 1.110899436911587
3.727201718264121 -2.459258293426583 1.19118198648657
3.86081563546891 -2.123175953536381 1.262748241966728
3.987145890366098 -1.754359401821615 1.324110686945423
4.098872567428973 -1.352794989704352 1.37377585428705
4.187546873788968 -0.9214543765903576 1.410375650118961
4.244911884673914 -0.4670641680530995 1.432810428715388
4.264800643737257 0 1.440370284377215
4.244911884673914 0.4670641680530995 1.432810428715388
4.187546873788968 0.9214543765903576 1.410375650118961
4.098872567428973 1.352794989704352 1.37377585428705
3.987145890366098 1.754359401821615 1.324110686945423
3.86081563546891 2.123175953536381 1.262748241966728
3.727201718264121 2.459258293426583 1.19118198648657
3.59192657615415 2.764541926099785 1.110899436911587
3.458908581681826 3.041940621926033 1.023286352168211
3.592816588956897 -3.158799001528636 0.8504744409470248
3.756764874399251 -2.890454329660176 0.9145702205044083
3.92471775513696 -2.588620602935388 0.9734471558770513
4.091784141059469 -2.24927395767546 1.025942707784708
4.250789297412684 -1.869539964792627 1.070857833793875
4.392240145149417 -1.448941509776534 1.107059871903382
4.505046263069514 -0.9908364738019506 1.133596530479533
4.578273291223313 -0.5034922608840183 1.149781135207732
4.603707005497199 0 1.155218049452894
4.578273291223313 0.5034922608840183 1.149781135207732
4.505046263069514 0.9908364738019506 1.133596530479533
4.392240145149417 1.448941509776534 1.107059871903382
4.250789297412684 1.869539964792627 1.070857833793875
4.091784141059469 2.24927395767546 1.025942707784708
3.92471775513696 2.588620602935388 0.9734471558770513
3.756764874399251 2.890454329660176 0.9145702205044083
3.592816588956897 3.158799001528636 0.8504744409470248
3.721123029659981 -3.270698152715906 0.6768376451579328
3.915701251249381 -3.011769896027101 0.7144574478106229
4.116341704856056 -2.714020894043228 0.7483931002756841
4.317191626441746 -2.372224707016038 0.7779073624221867
4.509485911270255 -1.982449050080036 0.8023657421376769
4.681453266204295 -1.543628262675048 0.8213468750465294
4.819189257820606 -1.059410884097848 0.8347150418762562
4.908875309211285 -0.5395787466630764 0.8425881630115406
4.940075876197934 0 0.8451784116862638
4.908875309211285 0.5395787466630764 0.8425881630115406
4.819189257820606 1.059410884097848 0.8347150418762562
4.681453266204295 1.543628262675048 0.8213468750465294
4.509485911270255 1.982449050080036 0.8023657421376769
4.317191626441746 2.372224707016038 0.7779073624221867
4.116341704856056 2.714020894043228 0.7483931002756841
3.915701251249381 3.011769896027101 0.7144574478106229
3.721123029659981 3.270698152715906 0.6768376451579328
3.844418505014249 -3.378160951781542 0.5022922734701459
4.069312839459704 -3.128937175585994 0.5105518729249551
4.302598246512523 -2.835809870701826 0.5160158754857525
4.537476012001748 -2.492272950390195 0.5185553740808394
4.763562822268436 -2.093233377529233 0.5183774073367846
4.966720106888044 -1.636925488230121 0.5161490787820598
5.1300771348318 -1.127200442422285 0.5130040920641409
5.236744695434672 -0.5753266465337595 0.5103224207842841
5.273907255839466 0 0.509274122138089
5.236744695434672 0.5753266465337595 0.5103224207842841
5.1300771348318 1.127200442422285 0.5130040920641409
4.966720106888044 1.636925488230121 0.5161490787820598
4.763562822268436 2.093233377529233 0.5183774073367846
4.537476012001748 2.492272950390195 0.5185553740808394
4.302598246512523 2.835809870701826 0.5160158754857525
4.069312839459704 3.128937175585994 0.5105518729249551
3.844418505014249 3.378160951781542 0.5022922734701459
3.963196596443913 -3.481624380593524 0.3267550065763181
4.218085615450085 -3.242333923758607 0.3028184962741848
4.483932634133883 -2.95428524106871 0.2762582692096636
4.753011832183552 -2.609628118900895 0.2477160090764993
5.01330187754383 -2.202019465097098 0.2185166927833489
5.248221258901399 -1.728894176234732 0.1908206316891567
5.437798228398863 -1.194225087711192 0.1675407416125051
5.561904870256542 -0.6107386081665291 0.1518506430429366
5.605201144421791 0 0.1462931471702056
5.561904870256542 0.6107386081665291 0.1518506430429366
5.437798228398863 1.194225087711192 0.1675407416125051
5.248221258901399 1.728894176234732 0.1908206316891567
5.01330187754383 2.202019465097098 0.2185166927833489
4.753011832183552 2.609628118900895 0.2477160090764993
4.483932634133883 2.95428524106871 0.2762582692096636
4.218085615450085 3.242333923758607 0.3028184962741848
3.963196596443913 3.481624380593524 0.3267550065763181
2.672413622454417 2.689335076206159 1.699973541764271
2.31918776313003 2.723621319486236 1.843545067451712
1.955427707004605 2.756416825953229 1.967532155648414
1.581072182801256 2.786516346450865 2.070995442099127
1.196620192825588 2.81244831751582 2.152928304706085
0.8033513578220387 2.832595415790113 2.212341756587674
0.4034617929130807 2.845432888581191 2.24838266307095
1.979402872993667e-16 2.849848728969842 2.260465979312853
-0.4034617929130803 2.845432888581191 2.24838266307095
-0.8033513578220383 2.832595415790113 2.212341756587674
-1.196620192825588 2.81244831751582 2.152928304706085
-1.581072182801255 2.786516346450865 2.070995442099127
-1.955427707004604 2.756416825953229 1.967532155648414
-2.319187763130029 2.723621319486237 1.843545067451712
-2.672413622454416 2.689335076206159 1.699973541764272
-3.015512437831493 2.654471951814365 1.537639302337366
2.836370517201265 2.853291606943302 1.518479254945792
2.48382253677875 2.915806496224425 1.655426577947883
2.112422708171834 2.976452895522628 1.776081384603303
1.721609423736375 3.032841441484871 1.878682296768561
1.31190908265498 3.081978479716487 1.961321216277098
0.8854293380433467 3.120507934210898 2.02209489238802
0.4461857948791285 3.145219307365109 2.059336431154815
2.191549072868361e-16 3.153748430826966 2.071888970968684
-0.4461857948791281 3.145219307365109 2.059336431154815
-0.885429338043346 3.120507934210898 2.02209489238802
-1.311909082654979 3.081978479716487 1.961321216277099
-1.721609423736375 3.032841441484872 1.878682296768561
-2.112422708171834 2.976452895522629 1.776081384603303
-2.483822536778749 2.915806496224425 1.655426577947883
-2.836370517201264 2.853291606943303 1.518479254945792
-3.171254141648241 2.790660332571067 1.366778755623941
2.992886511435182 3.00968422381017 1.333137767207271
2.642296791628206 3.10064128058653 1.459985187778312
2.26475266935442 3.189754086174665 1.573909495294922
1.858974362863766 3.273372596448198 1.672565798528138
1.425310876315277 3.346829346229124 1.753340550741855
0.9665620262101635 3.404809728974824 1.813558073696902
0.4885504007630375 3.442171210055787 1.850823730324608
2.402137782207024e-16 3.455098101300629 1.863449619757893
-0.488550400763037 3.442171210055787 1.850823730324608
-0.9665620262101631 3.404809728974824 1.813558073696903
-1.425310876315277 3.346829346229124 1.753340550741855
-1.858974362863766 3.273372596448198 1.672565798528137
-2.264752669354419 3.189754086174665 1.573909495294922
-2.642296791628206 3.10064128058653 1.459985187778312
-2.992886511435181 3.00968422381017 1.333137767207271
-3.318682383474401 2.919488565696978 1.195358506600723
3.142887289008087 3.159452190034757 1.144040754892401
2.795312747389222 3.278959270302719 1.25740894679556
2.412893145715036 3.396999664382045 1.361203262163027
1.993444025000158 3.50860568284474 1.452746259836276
1.536954841801742 3.607310127994837 1.528947075227065
1.046790593265824 3.685648787475686 1.586543793545077
0.5305609851561102 3.73632727941192 1.62254535082309
2.611169001009655e-16 3.753897740390831 1.634807327191584
-0.5305609851561096 3.73632727941192 1.62254535082309
-1.046790593265823 3.685648787475686 1.586543793545077
-1.536954841801741 3.607310127994837 1.528947075227065
-1.993444025000158 3.50860568284474 1.452746259836276
-2.412893145715036 3.396999664382045 1.361203262163027
-2.795312747389221 3.278959270302721 1.25740894679556
-3.142887289008086 3.159452190034757 1.144040754892401
-3.458908581681825 3.041940621926034 1.023286352168211
3.287116000039714 3.303349673476209 0.9512407452153729
2.943439622897682 3.451436411681827 1.04781524551717
2.557233328102133 3.598745848574154 1.138058502945264
2.125247195497901 3.738950547014545 1.219221162325033
1.646948604101441 3.863678524755662 1.287992038914333
1.126149539209416 3.963149266231354 1.340751100503697
0.572222070776977 4.027720109717579 1.374086359561056
2.818642729276255e-16 4.050147348097573 1.385504987864814
-0.5722220707769763 4.027720109717579 1.374086359561056
-1.126149539209415 3.963149266231354 1.340751100503697
-1.64694860410144 3.863678524755662 1.287992038914333
-2.125247195497901 3.738950547014545 1.219221162325033
-2.557233328102132 3.598745848574155 1.138058502945264
-2.943439622897682 3.451436411681829 1.047815245517169
-3.287116000039714 3.303349673476209 0.9512407452153733
-3.592816588956896 3.158799001528638 0.8504744409470248
3.426180462934336 3.441993595149474 0.7547577839627511
3.08714715083901 3.618630696800472 0.8312606776024887
2.69809724961127 3.795455987624795 0.9044883182600063
2.254575976410615 3.964751584519274 0.9718881248220543
1.755383217527375 4.11615277269464 1.030212987394686
1.204668229569229 4.23741696664351 1.075754380601607
0.6135375224893351 4.316377589871695 1.10489980316428
3.024558967006822e-16 4.343846924420853 1.114950846753719
-0.6135375224893345 4.316377589871695 1.104899803164281
-1.204668229569229 4.23741696664351 1.075754380601607
-1.755383217527374 4.11615277269464 1.030212987394687
-2.254575976410615 3.964751584519274 0.9718881248220543
-2.69809724961127 3.795455987624796 0.904488318260006
-3.087147150839008 3.618630696800473 0.8312606776024881
-3.426180462934335 3.441993595149474 0.7547577839627513
-3.721123029659981 3.270698152715906 0.6768376451579328
3.560585672805284 3.575896586048007 0.5545838690039697
3.226828853699962 3.781009738629806 0.6077473303658943
2.835758632102649 3.987521694839855 0.6604272406056828
2.381593936341066 4.186302255615301 0.7105435479538674
1.86233676535729 4.364920198112028 0.7552249104370194
1.282371991024852 4.508543241621844 0.7909869304141999
0.6545106860703996 4.602323893156306 0.8142846679304718
3.228917714201358e-16 4.634996469360673 0.8223943888351316
-0.6545106860703989 4.602323893156306 0.8142846679304718
-1.282371991024852 4.508543241621844 0.7909869304141999
-1.86233676535729 4.364920198112028 0.7552249104370199
-2.381593936341065 4.186302255615301 0.7105435479538675
-2.835758632102649 3.987521694839856 0.6604272406056831
-3.226828853699961 3.781009738629807 0.6077473303658943
-3.560585672805283 3.575896586048007 0.5545838690039702
-3.844418505014248 3.378160951781543 0.5022922734701454
3.690756862488792 3.705490368392846 0.3506858282643683
3.362818683705466 3.93897048822567 0.3772264336797616
2.970451579052514 4.175278073635306 0.4057320129754993
2.506442020176813 4.403855614922937 0.4348771000730141
1.967876985243223 4.610143458900451 0.4625061254186836
1.359282914071563 4.77660785905841 0.4857179310340874
0.6951444901599894 4.885580204777265 0.501356098641211
3.431718970859863e-16 4.923595982917033 0.5068940337219991
-0.6951444901599886 4.885580204777265 0.501356098641211
-1.359282914071562 4.77660785905841 0.4857179310340877
-1.967876985243222 4.610143458900451 0.4625061254186839
-2.506442020176813 4.403855614922937 0.4348771000730141
-2.970451579052513 4.175278073635306 0.4057320129754992
-3.362818683705465 3.938970488225671 0.3772264336797608
-3.690756862488791 3.705490368392846 0.3506858282643686
-3.963196596443912 3.481624380593524 0.3267550065763184
-3.054226444269724 2.353183332668571 1.676818930419659
-3.092330269791995 2.042742283341642 1.799614315370127
-3.128804689802779 1.722793516574012 1.905360410321463
-3.162303474594686 1.393293075705088 1.99332831603994
-3.191181039950446 1.054700015799237 2.062769261094817
-3.213627223957314 0.7081731845986226 2.112977072830294
-3.22793438489633 0.355692278225085 2.143364377491217
-3.232856612102207 3.490190546645694e-16 2.153539433704088
-3.22793438489633 -0.3556922782250843 2.143364377491217
-3.213627223957314 -0.7081731845986218 2.112977072830295
-3.191181039950447 -1.054700015799236 2.062769261094817
-3.162303474594687 -1.393293075705087 1.99332831603994
-3.128804689802779 -1.722793516574011 1.905360410321463
-3.092330269791995 -2.042742283341641 1.799614315370127
-3.054226444269725 -2.35318333266857 1.676818930419659
-3.015512437831493 -2.654471951814365 1.537639302337366
-3.241610973896692 2.496647301169388 1.492096348666788
-3.311855576554138 2.186885204506298 1.604418646914261
-3.380017659614106 1.860321809121237 1.702591409965741
-3.443408727412047 1.516462373201091 1.785367545185584
-3.498658813515309 1.155780528823063 1.851475134332875
-3.541988658604462 0.7801567458624492 1.899719162923738
-3.569782009101544 0.3931686308998371 1.929108067826987
-3.579375447039762 3.862391405891965e-16 1.938981726130098
-3.569782009101544 -0.3931686308998364 1.929108067826987
-3.541988658604462 -0.7801567458624485 1.899719162923738
-3.498658813515308 -1.155780528823062 1.851475134332875
-3.443408727412048 -1.516462373201091 1.785367545185584
-3.380017659614107 -1.860321809121236 1.702591409965741
-3.311855576554139 -2.186885204506297 1.604418646914261
-3.241610973896694 -2.496647301169387 1.492096348666787
-3.171254141648242 -2.790660332571067 1.366778755623941
-3.420491712108731 2.633492881453583 1.303425675459368
-3.523167303926117 2.325515478018322 1.401544598762587
-3.623767695484114 1.993641112181934 1.488326448513835
-3.718171537937516 1.63673517477419 1.56226903168512
-3.801107771726175 1.255106872147008 1.621841823456423
-3.866573660415696 0.8512381456833711 1.665612189784178
-3.908760180848 0.4302909826171585 1.692398334651615
-3.923356790918112 4.231472647062029e-16 1.70141831657218
-3.908760180848 -0.4302909826171578 1.692398334651615
-3.866573660415696 -0.8512381456833704 1.665612189784178
-3.801107771726175 -1.255106872147008 1.621841823456422
-3.718171537937516 -1.636735174774189 1.56226903168512
-3.623767695484114 -1.993641112181933 1.488326448513835
-3.523167303926117 -2.325515478018321 1.401544598762588
-3.420491712108731 -2.633492881453583 1.303425675459367
-3.318682383474402 -2.919488565696978 1.195358506600723
-3.591926576154149 2.764541926099785 1.110899436911588
-3.727201718264121 2.459258293426583 1.19118198648657
-3.86081563546891 2.123175953536381 1.262748241966728
-3.987145890366098 1.754359401821616 1.324110686945423
-4.098872567428973 1.352794989704352 1.37377585428705
-4.187546873788968 0.9214543765903582 1.41037565011896
-4.244911884673914 0.4670641680530991 1.432810428715388
-4.264800643737257 4.597434270155887e-16 1.440370284377215
-4.244911884673914 -0.4670641680530985 1.432810428715388
-4.187546873788968 -0.9214543765903573 1.410375650118961
-4.098872567428973 -1.352794989704351 1.37377585428705
-3.987145890366098 -1.754359401821615 1.324110686945423
-3.86081563546891 -2.12317595353638 1.262748241966729
-3.727201718264121 -2.459258293426582 1.191181986486571
-3.59192657615415 -2.764541926099784 1.110899436911587
-3.458908581681825 -3.041940621926033 1.023286352168211
-3.756764874399251 2.890454329660176 0.9145702205044087
-3.92471775513696 2.588620602935388 0.9734471558770513
-4.091784141059467 2.249273957675461 1.025942707784709
-4.250789297412684 1.869539964792628 1.070857833793875
-4.392240145149417 1.448941509776535 1.107059871903382
-4.505046263069514 0.9908364738019515 1.133596530479533
-4.578273291223313 0.503492260884018 1.149781135207732
-4.603707005497199 4.960276275173543e-16 1.155218049452894
-4.578273291223313 -0.503492260884017 1.149781135207732
-4.505046263069514 -0.9908364738019505 1.133596530479533
-4.392240145149417 -1.448941509776533 1.107059871903382
-4.250789297412684 -1.869539964792627 1.070857833793875
-4.091784141059469 -2.249273957675459 1.025942707784709
-3.92471775513696 -2.588620602935388 0.9734471558770522
-3.756764874399252 -2.890454329660175 0.9145702205044082
-3.592816588956897 -3.158799001528636 0.8504744409470248
-3.915701251249381 3.011769896027101 0.7144574478106229
-4.116341704856056 2.714020894043228 0.7483931002756841
-4.317191626441746 2.372224707016038 0.7779073624221872
-4.509485911270255 1.982449050080036 0.8023657421376766
-4.681453266204295 1.543628262675048 0.821346875046529
-4.819189257820606 1.059410884097849 0.8347150418762559
-4.908875309211285 0.539578746663076 0.8425881630115406
-4.940075876197934 5.319998662114988e-16 0.8451784116862638
-4.908875309211285 -0.539578746663075 0.8425881630115406
-4.819189257820606 -1.059410884097848 0.8347150418762562
-4.681453266204297 -1.543628262675047 0.8213468750465286
-4.509485911270255 -1.982449050080036 0.8023657421376769
-4.317191626441746 -2.372224707016038 0.7779073624221871
-4.116341704856057 -2.714020894043227 0.7483931002756841
-3.915701251249381 -3.011769896027101 0.7144574478106227
-3.721123029659982 -3.270698152715906 0.6768376451579328
-4.069312839459704 3.128937175585994 0.5105518729249557
-4.302598246512523 2.835809870701826 0.5160158754857525
-4.537476012001748 2.492272950390196 0.5185553740808391
-4.763562822268436 2.093233377529233 0.5183774073367842
-4.966720106888044 1.636925488230121 0.5161490787820608
-5.1300771348318 1.127200442422286 0.5130040920641409
-5.236744695434672 0.5753266465337592 0.5103224207842841
-5.273907255839466 5.67660143098023e-16 0.509274122138089
-5.236744695434673 -0.5753266465337583 0.5103224207842836
-5.1300771348318 -1.127200442422285 0.5130040920641414
-4.966720106888044 -1.63692548823012 0.5161490787820602
-4.763562822268436 -2.093233377529232 0.5183774073367846
-4.537476012001748 -2.492272950390195 0.5185553740808396
-4.302598246512524 -2.835809870701824 0.516015875485753
-4.069312839459704 -3.128937175585993 0.5105518729249562
-3.84441850501425 -3.378160951781542 0.5022922734701453
-4.218085615450084 3.242333923758607 0.3028184962741854
-4.483932634133883 2.95428524106871 0.2762582692096636
-4.753011832183552 2.609628118900895 0.2477160090764992
-5.01330187754383 2.202019465097099 0.2185166927833485
-5.248221258901398 1.728894176234732 0.1908206316891574
-5.437798228398863 1.194225087711193 0.167540741612505
-5.561904870256542 0.6107386081665288 0.1518506430429366
-5.605201144421791 6.030084581769266e-16 0.1462931471702056
-5.561904870256543 -0.6107386081665278 0.1518506430429357
-5.437798228398863 -1.194225087711192 0.1675407416125054
-5.248221258901399 -1.728894176234731 0.1908206316891574
-5.01330187754383 -2.202019465097097 0.2185166927833488
-4.753011832183552 -2.609628118900894 0.2477160090764996
-4.483932634133884 -2.954285241068709 0.2762582692096638
-4.218085615450084 -3.242333923758606 0.3028184962741851
-3.963196596443913 -3.481624380593524 0.3267550065763181
-2.672413622454417 -2.689335076206158 1.699973541764272
-2.31918776313003 -2.723621319486236 1.843545067451712
-1.955427707004604 -2.756416825953229 1.967532155648414
-1.581072182801257 -2.786516346450865 2.070995442099127
-1.196620192825589 -2.812448317515819 2.152928304706086
-0.803351357822039 -2.832595415790113 2.212341756587674
-0.4034617929130818 -2.845432888581191 2.24838266307095
-5.961783301296247e-16 -2.849848728969842 2.260465979312853
0.4034617929130807 -2.845432888581191 2.24838266307095
0.8033513578220377 -2.832595415790113 2.212341756587674
1.196620192825587 -2.81244831751582 2.152928304706085
1.581072182801255 -2.786516346450866 2.070995442099126
1.955427707004603 -2.75641682595323 1.967532155648414
2.319187763130029 -2.723621319486237 1.843545067451713
2.672413622454414 -2.689335076206159 1.699973541764272
-2.836370517201265 -2.853291606943302 1.518479254945792
-2.48382253677875 -2.915806496224425 1.655426577947883
-2.112422708171833 -2.976452895522629 1.776081384603303
-1.721609423736376 -3.032841441484872 1.87868229676856
-1.31190908265498 -3.081978479716487 1.961321216277098
-0.885429338043347 -3.120507934210898 2.02209489238802
-0.4461857948791297 -3.145219307365109 2.059336431154814
-6.603751764673289e-16 -3.153748430826966 2.071888970968684
0.4461857948791285 -3.145219307365109 2.059336431154815
0.8854293380433457 -3.120507934210898 2.02209489238802
1.311909082654979 -3.081978479716487 1.961321216277099
1.721609423736374 -3.032841441484872 1.878682296768561
2.112422708171832 -2.976452895522629 1.776081384603303
2.483822536778749 -2.915806496224425 1.655426577947883
2.836370517201262 -2.853291606943304 1.518479254945793
-2.992886511435182 -3.00968422381017 1.333137767207271
-2.642296791628207 -3.10064128058653 1.459985187778312
-2.264752669354418 -3.189754086174666 1.573909495294922
-1.858974362863766 -3.273372596448198 1.672565798528138
-1.425310876315278 -3.346829346229124 1.753340550741855
-0.9665620262101642 -3.404809728974825 1.813558073696902
-0.4885504007630388 -3.442171210055787 1.850823730324608
-7.241629847363601e-16 -3.455098101300629 1.863449619757893
0.4885504007630374 -3.442171210055787 1.850823730324608
0.9665620262101627 -3.404809728974824 1.813558073696903
1.425310876315276 -3.346829346229124 1.753340550741855
1.858974362863765 -3.273372596448198 1.672565798528138
2.264752669354417 -3.189754086174667 1.573909495294922
2.642296791628205 -3.10064128058653 1.459985187778312
2.992886511435179 -3.009684223810171 1.333137767207271
-3.142887289008087 -3.159452190034757 1.144040754892402
-2.795312747389222 -3.27895927030272 1.25740894679556
-2.412893145715036 -3.396999664382046 1.361203262163027
-1.993444025000159 -3.50860568284474 1.452746259836276
-1.536954841801742 -3.607310127994837 1.528947075227065
-1.046790593265824 -3.685648787475686 1.586543793545077
-0.5305609851561116 -3.73632727941192 1.62254535082309
-7.87541754936718e-16 -3.753897740390831 1.634807327191584
0.5305609851561101 -3.73632727941192 1.62254535082309
1.046790593265823 -3.685648787475686 1.586543793545077
1.53695484180174 -3.607310127994837 1.528947075227066
1.993444025000158 -3.50860568284474 1.452746259836277
2.412893145715034 -3.396999664382046 1.361203262163027
2.795312747389221 -3.278959270302721 1.25740894679556
3.142887289008083 -3.159452190034759 1.144040754892402
-3.287116000039715 -3.303349673476208 0.9512407452153728
-2.943439622897682 -3.451436411681827 1.04781524551717
-2.557233328102132 -3.598745848574156 1.138058502945263
-2.125247195497902 -3.738950547014545 1.219221162325032
-1.646948604101441 -3.863678524755661 1.287992038914333
-1.126149539209416 -3.963149266231355 1.340751100503697
-0.5722220707769785 -4.027720109717579 1.374086359561055
-8.505114870684033e-16 -4.050147348097573 1.385504987864814
0.5722220707769767 -4.027720109717579 1.374086359561056
1.126149539209415 -3.963149266231354 1.340751100503697
1.64694860410144 -3.863678524755662 1.287992038914333
2.1252471954979 -3.738950547014547 1.219221162325032
2.55723332810213 -3.598745848574156 1.138058502945264
2.943439622897681 -3.451436411681829 1.04781524551717
3.287116000039712 -3.303349673476212 0.9512407452153724
-3.426180462934336 -3.441993595149474 0.7547577839627502
-3.08714715083901 -3.618630696800472 0.8312606776024887
-2.698097249611269 -3.795455987624798 0.9044883182600052
-2.254575976410616 -3.964751584519274 0.9718881248220537
-1.755383217527375 -4.11615277269464 1.030212987394686
-1.20466822956923 -4.23741696664351 1.075754380601607
-0.6135375224893369 -4.316377589871695 1.10489980316428
-9.130721811314151e-16 -4.343846924420853 1.114950846753719
0.613537522489335 -4.316377589871695 1.104899803164281
1.204668229569228 -4.23741696664351 1.075754380601607
1.755383217527374 -4.11615277269464 1.030212987394687
2.254575976410615 -3.964751584519274 0.9718881248220543
2.698097249611267 -3.795455987624798 0.9044883182600069
3.087147150839007 -3.618630696800474 0.8312606776024882
3.426180462934333 -3.441993595149476 0.7547577839627507
-3.560585672805284 -3.575896586048007 0.5545838690039693
-3.226828853699963 -3.781009738629806 0.6077473303658943
-2.835758632102648 -3.987521694839856 0.6604272406056835
-2.381593936341067 -4.1863022556153 0.7105435479538678
-1.862336765357291 -4.364920198112028 0.7552249104370197
-1.282371991024853 -4.508543241621844 0.7909869304141994
-0.6545106860704013 -4.602323893156306 0.8142846679304714
-9.752238371257539e-16 -4.634996469360673 0.8223943888351316
0.6545106860703995 -4.602323893156306 0.8142846679304718
1.282371991024851 -4.508543241621844 0.7909869304141999
1.862336765357289 -4.364920198112028 0.7552249104370201
2.381593936341064 -4.186302255615302 0.7105435479538675
2.835758632102646 -3.987521694839858 0.660427240605683
3.226828853699961 -3.781009738629807 0.6077473303658942
3.56058567280528 -3.575896586048009 0.5545838690039702
-3.690756862488793 -3.705490368392845 0.3506858282643686
-3.362818683705466 -3.93897048822567 0.3772264336797613
-2.970451579052512 -4.175278073635308 0.4057320129754983
-2.506442020176814 -4.403855614922936 0.4348771000730141
-1.967876985243224 -4.61014345890045 0.4625061254186845
-1.359282914071564 -4.77660785905841 0.4857179310340866
-0.6951444901599912 -4.885580204777266 0.50135609864121
-1.03696645505142e-15 -4.923595982917033 0.5068940337219991
0.6951444901599891 -4.885580204777265 0.501356098641211
1.359282914071562 -4.77660785905841 0.4857179310340881
1.967876985243222 -4.610143458900451 0.4625061254186844
2.506442020176812 -4.403855614922938 0.4348771000730135
2.97045157905251 -4.175278073635309 0.4057320129754988
3.362818683705464 -3.938970488225671 0.3772264336797612
3.690756862488789 -3.705490368392848 0.3506858282643694
-2.907513346001921 -2.567328444841038 1.895231469761606
-2.910995228886187 -2.249464599153758 2.04571802162705
-2.914205592604274 -1.930524461146232 2.175427482712422
-2.917089820624162 -1.610575972393933 2.284706954653391
-2.919585724205364 -1.289710638862862 2.373820093765822
-2.921626199652223 -0.9680492497585631 2.442960001800753
-2.923144565961951 -0.6457462652859183 2.492261124023107
-2.924082634741 -0.322990539750502 2.521810065569675
-2.924400143052724 -4.991388921929243e-18 2.531654644927123
-2.924082634741 0.322990539750502 2.521810065569675
-2.923144565961951 0.6457462652859183 2.492261124023107
-2.921626199652223 0.9680492497585631 2.442960001800753
-2.919585724205364 1.289710638862862 2.373820093765822
-2.917089820624162 1.610575972393933 2.284706954653391
-2.914205592604274 1.930524461146232 2.175427482712422
-2.910995228886187 2.249464599153758 2.04571802162705
-2.907513346001921 2.567328444841038 1.895231469761606
-2.547105806200426 -2.570809155260813 2.065786280762495
-2.550361780532721 -2.252720215581419 2.215284743980366
-2.553392364763071 -1.933505412037471 2.344206590486219
-2.556143920074755 -1.613223273843363 2.452874405861486
-2.558552086928791 -1.2919569125833 2.541528692549341
-2.560543445394801 -0.9698223856241823 2.610340660795941
-2.562040873241464 -0.6469766788172269 2.659424773421682
-2.562973602628563 -0.3236217570668086 2.688851031528948
-2.563290734524742 -3.821532143352077e-18 2.698656044842783
-2.562973602628563 0.3236217570668086 2.688851031528948
-2.562040873241464 0.6469766788172269 2.659424773421682
-2.560543445394801 0.9698223856241823 2.610340660795941
-2.558552086928791 1.2919569125833 2.541528692549341
-2.556143920074755 1.613223273843363 2.452874405861486
-2.553392364763071 1.933505412037471 2.344206590486219
-2.550361780532721 2.252720215581419 2.215284743980366
-2.547105806200426 2.570809155260813 2.065786280762495
-2.185628649161224 -2.574017673481576 2.212704851415767
-2.188609162850264 -2.255749730539868 2.361417122357857
-2.191413757126081 -1.936309750223083 2.489723526300155
-2.193992650899493 -1.615744429054972 2.597925236910833
-2.196282197164654 -1.294124479749431 2.686241511332473
-2.198204469865517 -0.9715559843603601 2.754822168833198
-2.199671327775366 -0.6481936332384124 2.80376073041182
-2.200596025060637 -0.3242511333366954 2.833108583295622
-2.200912580467157 -2.807656268585199e-18 2.842889080224866
-2.200596025060637 0.3242511333366954 2.833108583295622
-2.199671327775366 0.6481936332384124 2.80376073041182
-2.198204469865517 0.9715559843603601 2.754822168833198
-2.196282197164654 1.294124479749431 2.686241511332473
-2.193992650899493 1.615744429054972 2.597925236910833
-2.191413757126081 1.936309750223083 2.489723526300155
-2.188609162850264 2.255749730539868 2.361417122357857
-2.185628649161224 2.574017673481576 2.212704851415767
-1.823149706973038 -2.576899494154619 2.336415588153911
-1.825795874300311 -2.25849955637351 2.484518168426482
-1.828316501462694 -1.938887678397379 2.612359091668473
-1.830669275782001 -1.61809704876603 2.720221519009779
-1.832795836131942 -1.296181948582867 2.808305828100123
-1.834618034760704 -0.973231579746493 2.876741314794781
-1.836038204556336 -0.6493899623900357 2.925599488018057
-1.836950072421885 -0.3248775979693193 2.954910273237473
-1.83726568087997 -1.949761297628611e-18 2.964680519667003
-1.836950072421885 0.3248775979693193 2.954910273237473
-1.836038204556336 0.6493899623900357 2.925599488018057
-1.834618034760704 0.973231579746493 2.876741314794781
-1.832795836131942 1.296181948582867 2.808305828100123
-1.830669275782001 1.61809704876603 2.720221519009779
-1.828316501462694 1.938887678397379 2.612359091668473
-1.825795874300311 2.25849955637351 2.484518168426482
-1.823149706973038 2.576899494154619 2.336415588153911
-1.459760218572197 -2.57939263471459 2.437248616070624
-1.462004867139826 -2.260905482863507 2.58489425788298
-1.464171262044244 -1.941175619075937 2.712397866744801
-1.466228120050658 -1.620222748095062 2.820028435402547
-1.46812833650048 -1.298082111210259 2.907970660888179
-1.469801398151068 -0.9748186152865581 2.97633519897679
-1.471146431051341 -0.6505526597157156 3.025171054369382
-1.472036141490488 -0.3254990663214796 3.0544831581464
-1.472350035763181 -1.247847230482311e-18 3.064256791587732
-1.472036141490488 0.3254990663214796 3.0544831581464
-1.471146431051341 0.6505526597157156 3.025171054369382
-1.469801398151068 0.9748186152865581 2.97633519897679
-1.46812833650048 1.298082111210259 2.907970660888179
-1.466228120050658 1.620222748095062 2.820028435402547
-1.464171262044244 1.941175619075937 2.712397866744801
-1.462004867139826 2.260905482863507 2.58489425788298
-1.459760218572197 2.57939263471459 2.437248616070624
-1.095580455651477 -2.581430303117962 2.515450087420674
-1.097351800245249 -2.262894368898509 2.662769312754229
-1.099083872946861 -1.943095857026957 2.79004207736547
-1.100758303191247 -1.622043480430294 2.897527390005936
-1.102344662290306 -1.299754418370394 2.985398455948107
-1.10379093928152 -0.9762649375557708 3.053750927455956
-1.105008049291164 -0.6516561199373578 3.102612769073245
-1.105855331943841 -0.3261109083096031 3.13196071502124
-1.106165645116789 -7.019140671462998e-19 3.141750793089577
-1.105855331943841 0.3261109083096031 3.13196071502124
-1.105008049291164 0.6516561199373578 3.102612769073245
-1.10379093928152 0.9762649375557708 3.053750927455956
-1.102344662290306 1.299754418370394 2.985398455948107
-1.100758303191247 1.622043480430294 2.897527390005936
-1.099083872946861 1.943095857026957 2.79004207736547
-1.097351800245249 2.262894368898509 2.662769312754229
-1.095580455651477 2.581430303117962 2.515450087420674
-0.7307640092133112 -2.582946214578298 2.571195048455526
-0.7319928764244639 -2.264389500986892 2.718298279429039
-0.7332083862324159 -1.944560641885464 2.845425659006964
-0.7344034210187435 -1.623461896039958 2.952830255998859
-0.7355650546430492 -1.301098158678648 3.040678500970944
-0.736667815511061 -0.9774814047689844 3.109056578296785
-0.7376570841251201 -0.6526455278025649 3.15797667982271
-0.7384116077628352 -0.3267006649289289 3.187387808663753
-0.7387125089407952 -3.119618076205777e-19 3.197206536010305
-0.7384116077628352 0.3267006649289289 3.187387808663753
-0.7376570841251201 0.6526455278025649 3.15797667982271
-0.736667815511061 0.9774814047689844 3.109056578296785
-0.7355650546430492 1.301098158678648 3.040678500970944
-0.7344034210187435 1.623461896039958 2.952830255998859
-0.7332083862324159 1.944560641885464 2.845425659006964
-0.7319928764244639 2.264389500986892 2.718298279429039
-0.7307640092133112 2.582946214578298 2.571195048455526
-0.3654984441659939 -2.583882593519498 2.604598844818867
-0.36612876143552 -2.265320584394297 2.751579937171427
-0.3667572526721745 -1.945483757958255 2.878628890753682
-0.3673828557846996 -1.62437228318619 2.985996032154907
-0.3680035023033278 -1.301986553644574 3.073845014237722
-0.368614596558104 -0.9783276604713658 3.142258331050153
-0.3692037636607623 -0.6533995396696619 3.191241196434615
-0.36972677103128 -0.3272238819506412 3.220725046998705
-0.3699906272351988 -7.799045190514442e-20 3.23058188497408
-0.36972677103128 0.3272238819506412 3.220725046998705
-0.3692037636607623 0.6533995396696619 3.191241196434615
-0.368614596558104 0.9783276604713658 3.142258331050153
-0.3680035023033278 1.301986553644574 3.073845014237722
-0.3673828557846996 1.62437228318619 2.985996032154907
-0.3667572526721745 1.945483757958255 2.878628890753682
-0.36612876143552 2.265320584394297 2.751579937171427
-0.3654984441659939 2.583882593519498 2.604598844818867
-2.491984857650501e-18 -2.584199497864629 2.615726469907724
-1.907925906638665e-18 -2.265637115552606 2.762668162721247
-1.401741482428407e-18 -1.945799717548854 2.889692565766843
-9.734315850197269e-19 -1.624687303853371 2.997049282821637
-6.229962144126252e-19 -1.302299874466157 3.084901387497011
-3.504353706071017e-19 -0.9786374293872135 3.153330836252159
-1.557490536031563e-19 -0.6536999686165393 3.202342035358375
-3.893726340078907e-20 -0.3274874921541349 3.231863760430481
0 0 3.241749540638412
-3.893726340078907e-20 0.3274874921541349 3.231863760430481
-1.557490536031563e-19 0.6536999686165393 3.202342035358375
-3.504353706071017e-19 0.9786374293872135 3.153330836252159
-6.229962144126252e-19 1.302299874466157 3.084901387497011
-9.734315850197269e-19 1.624687303853371 2.997049282821637
-1.401741482428407e-18 1.945799717548854 2.889692565766843
-1.907925906638665e-18 2.265637115552606 2.762668162721247
-2.491984857650501e-18 2.584199497864629 2.615726469907724
0.3654984441659939 -2.583882593519498 2.604598844818867
0.36612876143552 -2.265320584394297 2.751579937171427
0.3667572526721745 -1.945483757958255 2.878628890753682
0.3673828557846996 -1.62437228318619 2.985996032154907
0.3680035023033278 -1.301986553644574 3.073845014237722
0.368614596558104 -0.9783276604713658 3.142258331050153
0.3692037636607623 -0.6533995396696619 3.191241196434615
0.36972677103128 -0.3272238819506412 3.220725046998705
0.3699906272351988 0 3.23058188497408
0.36972677103128 0.3272238819506412 3.220725046998705
0.3692037636607623 0.6533995396696619 3.191241196434615
0.368614596558104 0.9783276604713658 3.142258331050153
0.3680035023033278 1.301986553644574 3.073845014237722
0.3673828557846996 1.62437228318619 2.985996032154907
0.3667572526721745 1.945483757958255 2.878628890753682
0.36612876143552 2.265320584394297 2.751579937171427
0.3654984441659939 2.583882593519498 2.604598844818867
0.7307640092133112 -2.582946214578298 2.571195048455526
0.7319928764244639 -2.264389500986892 2.718298279429039
0.7332083862324159 -1.944560641885464 2.845425659006964
0.7344034210187435 -1.623461896039958 2.952830255998859
0.7355650546430492 -1.301098158678648 3.040678500970944
0.736667815511061 -0.9774814047689844 3.109056578296785
0.7376570841251201 -0.6526455278025649 3.15797667982271
0.7384116077628352 -0.3267006649289289 3.187387808663753
0.7387125089407952 0 3.197206536010305
0.7384116077628352 0.3267006649289289 3.187387808663753
0.7376570841251201 0.6526455278025649 3.15797667982271
0.736667815511061 0.9774814047689844 3.109056578296785
0.7355650546430492 1.301098158678648 3.040678500970944
0.7344034210187435 1.623461896039958 2.952830255998859
0.7332083862324159 1.944560641885464 2.845425659006964
0.7319928764244639 2.264389500986892 2.718298279429039
0.7307640092133112 2.582946214578298 2.571195048455526
1.095580455651477 -2.581430303117962 2.515450087420674
1.097351800245249 -2.262894368898509 2.662769312754229
1.099083872946861 -1.943095857026957 2.79004207736547
1.100758303191247 -1.622043480430294 2.897527390005936
1.102344662290306 -1.299754418370394 2.985398455948107
1.10379093928152 -0.9762649375557708 3.053750927455956
1.105008049291164 -0.6516561199373578 3.102612769073245
1.105855331943841 -0.3261109083096031 3.13196071502124
1.106165645116789 0 3.141750793089577
1.105855331943841 0.3261109083096031 3.13196071502124
1.105008049291164 0.6516561199373578 3.102612769073245
1.10379093928152 0.9762649375557708 3.053750927455956
1.102344662290306 1.299754418370394 2.985398455948107
1.100758303191247 1.622043480430294 2.897527390005936
1.099083872946861 1.943095857026957 2.79004207736547
1.097351800245249 2.262894368898509 2.662769312754229
1.095580455651477 2.581430303117962 2.515450087420674
1.459760218572197 -2.57939263471459 2.437248616070624
1.462004867139826 -2.260905482863507 2.58489425788298
1.464171262044244 -1.941175619075937 2.712397866744801
1.466228120050658 -1.620222748095062 2.820028435402547
1.46812833650048 -1.298082111210259 2.907970660888179
1.469801398151068 -0.9748186152865581 2.97633519897679
1.471146431051341 -0.6505526597157156 3.025171054369382
1.472036141490488 -0.3254990663214796 3.0544831581464
1.472350035763181 0 3.064256791587732
1.472036141490488 0.3254990663214796 3.0544831581464
1.471146431051341 0.6505526597157156 3.025171054369382
1.469801398151068 0.9748186152865581 2.97633519897679
1.46812833650048 1.298082111210259 2.907970660888179
1.466228120050658 1.620222748095062 2.820028435402547
1.464171262044244 1.941175619075937 2.712397866744801
1.462004867139826 2.260905482863507 2.58489425788298
1.459760218572197 2.57939263471459 2.437248616070624
1.823149706973038 -2.576899494154619 2.336415588153911
1.825795874300311 -2.25849955637351 2.484518168426482
1.828316501462694 -1.938887678397379 2.612359091668473
1.830669275782001 -1.61809704876603 2.720221519009779
1.832795836131942 -1.296181948582867 2.808305828100123
1.834618034760704 -0.973231579746493 2.876741314794781
1.836038204556336 -0.6493899623900357 2.925599488018057
1.836950072421885 -0.3248775979693193 2.954910273237473
1.83726568087997 0 2.964680519667003
1.836950072421885 0.3248775979693193 2.954910273237473
1.836038204556336 0.6493899623900357 2.925599488018057
1.834618034760704 0.973231579746493 2.876741314794781
1.832795836131942 1.296181948582867 2.808305828100123
1.830669275782001 1.61809704876603 2.720221519009779
1.828316501462694 1.938887678397379 2.612359091668473
1.825795874300311 2.25849955637351 2.484518168426482
1.823149706973038 2.576899494154619 2.336415588153911
2.185628649161224 -2.574017673481576 2.212704851415767
2.188609162850264 -2.255749730539868 2.361417122357857
2.191413757126081 -1.936309750223084 2.489723526300155
2.193992650899493 -1.615744429054972 2.597925236910833
2.196282197164654 -1.294124479749431 2.686241511332473
2.198204469865517 -0.9715559843603601 2.754822168833198
2.199671327775366 -0.6481936332384124 2.80376073041182
2.200596025060637 -0.3242511333366954 2.833108583295622
2.200912580467157 0 2.842889080224866
2.200596025060637 0.3242511333366954 2.833108583295622
2.199671327775366 0.6481936332384124 2.80376073041182
2.198204469865517 0.9715559843603601 2.754822168833198
2.196282197164654 1.294124479749431 2.686241511332473
2.193992650899493 1.615744429054972 2.597925236910833
2.191413757126081 1.936309750223084 2.489723526300155
2.188609162850264 2.255749730539868 2.361417122357857
2.185628649161224 2.574017673481576 2.212704851415767
2.547105806200426 -2.570809155260813 2.065786280762495
2.550361780532721 -2.252720215581419 2.215284743980366
2.553392364763071 -1.933505412037471 2.344206590486219
2.556143920074755 -1.613223273843363 2.452874405861486
2.558552086928791 -1.2919569125833 2.541528692549341
2.560543445394801 -0.9698223856241823 2.610340660795941
2.562040873241463 -0.6469766788172269 2.659424773421682
2.562973602628563 -0.3236217570668086 2.688851031528948
2.563290734524742 0 2.698656044842783
2.562973602628563 0.3236217570668086 2.688851031528948
2.562040873241463 0.6469766788172269 2.659424773421682
2.560543445394801 0.9698223856241823 2.610340660795941
2.558552086928791 1.2919569125833 2.541528692549341
2.556143920074755 1.613223273843363 2.452874405861486
2.553392364763071 1.933505412037471 2.344206590486219
2.550361780532721 2.252720215581419 2.215284743980366
2.547105806200426 2.570809155260813 2.065786280762495
2.907513346001921 -2.567328444841038 1.895231469761606
2.910995228886187 -2.249464599153758 2.04571802162705
2.914205592604274 -1.930524461146232 2.175427482712422
2.917089820624162 -1.610575972393933 2.284706954653391
2.919585724205364 -1.289710638862862 2.373820093765822
2.921626199652223 -0.9680492497585631 2.442960001800753
2.923144565961951 -0.6457462652859183 2.492261124023106
2.924082634741 -0.322990539750502 2.521810065569675
2.924400143052724 0 2.531654644927123
2.924082634741 0.322990539750502 2.521810065569675
2.923144565961951 0.6457462652859183 2.492261124023106
2.921626199652223 0.9680492497585631 2.442960001800753
2.919585724205364 1.289710638862862 2.373820093765822
2.917089820624162 1.610575972393933 2.284706954653391
2.914205592604274 1.930524461146232 2.175427482712422
2.910995228886187 2.249464599153758 2.04571802162705
2.907513346001921 2.567328444841038 1.895231469761606
3.080184923579332 -2.719352451368198 1.722828559583094
3.116282326163011 -2.407661745867053 1.863797035561186
3.151922010911183 -2.087588291638746 1.9876201358529
3.186136793372788 -1.758751928446665 2.093824946447286
3.21764230854396 -1.421062684483634 2.181864178682699
3.244862277077134 -1.074905450023461 2.25115606965521
3.266057597253823 -0.7213307290065043 2.30113996083389
3.279584172007251 -0.3621734819178798 2.331343268622399
3.284240806051104 0 2.341448418619406
3.279584172007251 0.3621734819178798 2.331343268622399
3.266057597253823 0.7213307290065043 2.30113996083389
3.244862277077134 1.074905450023461 2.25115606965521
3.21764230854396 1.421062684483634 2.181864178682699
3.186136793372788 1.758751928446665 2.093824946447286
3.151922010911183 2.087588291638746 1.9876201358529
3.116282326163011 2.407661745867053 1.863797035561186
3.080184923579332 2.719352451368198 1.722828559583094
3.24311245914584 -2.86274977651977 1.549116547596324
3.311880755192802 -2.558336637683845 1.676773168358234
3.380600370124622 -2.23861937982899 1.790735515259882
3.447337718919401 -1.902544617444243 1.889978090659034
3.509449837266576 -1.54960249656622 1.973384429165851
3.563619648956706 -1.180231565310247 2.039810999367813
3.60612376962037 -0.796251625952735 2.088181403442771
3.633397080935638 -0.4011512821662034 2.117602188397876
3.642812723519881 0 2.127478766172418
3.633397080935638 0.4011512821662034 2.117602188397876
3.60612376962037 0.796251625952735 2.088181403442771
3.563619648956706 1.180231565310247 2.039810999367813
3.509449837266576 1.54960249656622 1.973384429165851
3.447337718919401 1.902544617444243 1.889978090659034
3.380600370124622 2.23861937982899 1.790735515259882
3.311880755192802 2.558336637683845 1.676773168358234
3.24311245914584 2.86274977651977 1.549116547596324
3.39772653272176 -2.998786954040552 1.374005036230862
3.499124660953235 -2.702524182717379 1.484754070034325
3.601397468873562 -2.384387908332113 1.584961130368995
3.701613995575833 -2.042465926677743 1.673306788900283
3.795666641901387 -1.675623032825232 1.748365449502124
3.8783010746364 -1.284162167590782 1.808687747309699
3.943532923284653 -0.8705512814695615 1.852920921454023
3.985570492705765 -0.4399294207347866 1.879952559385688
4.000115895459055 0 1.889048640457927
3.985570492705765 0.4399294207347866 1.879952559385688
3.943532923284653 0.8705512814695615 1.852920921454023
3.8783010746364 1.284162167590782 1.808687747309699
3.795666641901387 1.675623032825232 1.748365449502124
3.701613995575833 2.042465926677743 1.673306788900283
3.601397468873562 2.384387908332113 1.584961130368995
3.499124660953235 2.702524182717379 1.484754070034325
3.39772653272176 2.998786954040552 1.374005036230862
3.545138562678944 -3.128447954664477 1.197404211150785
3.679060706643622 -2.84103635369746 1.28779335187972
3.815229745449339 -2.525504145005751 1.370391807306104
3.949702546937291 -2.178925384895814 1.443833869571889
4.076823946850407 -1.799360793554453 1.506658709888179
4.189234091772114 -1.386806758699302 1.557405546905263
4.278440394554154 -0.9442643521954006 1.594742151681588
4.336144768457069 -0.4785124031060309 1.617602549233595
4.356150321868629 0 1.62530128122814
4.336144768457069 0.4785124031060309 1.617602549233595
4.278440394554154 0.9442643521954006 1.594742151681588
4.189234091772114 1.386806758699302 1.557405546905263
4.076823946850407 1.799360793554453 1.506658709888179
3.949702546937291 2.178925384895814 1.443833869571889
3.815229745449339 2.525504145005751 1.370391807306104
3.679060706643622 2.84103635369746 1.28779335187972
3.545138562678944 3.128447954664477 1.197404211150785
3.686232401703775 -3.252515278661951 1.01922351325195
3.85252867330657 -2.9745246812072 1.085900203004282
4.022839075614071 -2.662462203626971 1.147042995920776
4.192205138927793 -2.312257510993064 1.201474979140434
4.353359095708179 -1.921010568126469 1.2479851270273
4.49669029313362 -1.488256188568766 1.285432188630701
4.610975720077573 -1.017419758395486 1.312859096834423
4.685153689365768 -0.5169040031171585 1.329577650748946
4.7109160027486 0 1.335192441441292
4.685153689365768 0.5169040031171585 1.329577650748946
4.610975720077573 1.017419758395486 1.312859096834423
4.49669029313362 1.488256188568766 1.285432188630701
4.353359095708179 1.921010568126469 1.2479851270273
4.192205138927793 2.312257510993064 1.201474979140434
4.022839075614071 2.662462203626971 1.147042995920776
3.85252867330657 2.9745246812072 1.085900203004282
3.686232401703775 3.252515278661951 1.01922351325195
3.821724674156618 -3.37162337424409 0.839370543879177
4.020215025757349 -3.10352178833554 0.8790455424421791
4.224836884505732 -2.79566938484724 0.9148587803052057
4.429621719331044 -2.442740305350177 0.9460430232031208
4.625638184651288 -2.040735482235199 0.9719314089745372
4.800898543508439 -1.588587056904537 0.992069565299042
4.941248634831856 -1.090042015872202 1.00629075992646
5.032625970596192 -0.55510743106658 1.014687180470802
5.064412938098967 0 1.017453869656335
5.032625970596192 0.55510743106658 1.014687180470802
4.941248634831856 1.090042015872202 1.00629075992646
4.800898543508439 1.588587056904537 0.992069565299042
4.625638184651288 2.040735482235199 0.9719314089745372
4.429621719331044 2.442740305350177 0.9460430232031208
4.224836884505732 2.79566938484724 0.9148587803052057
4.020215025757349 3.10352178833554 0.8790455424421791
3.821724674156618 3.37162337424409 0.839370543879177
3.952205981260646 -3.486295117704597 0.6577501048528507
4.182689790544599 -3.228469986980222 0.6671658306541348
4.421734759123436 -2.925466540110946 0.6737160723536121
4.662373731640295 -2.570608182573571 0.6772477899689753
4.89397200035601 -2.158674074381346 0.6779404454766434
5.102054342440901 -1.687864832051419 0.6764316209143126
5.269353340631092 -1.1621521840855 0.6738261750665464
5.378586341854475 -0.5931254537310446 0.6714794428235862
5.416641127919734 0 0.670544767140834
5.378586341854475 0.5931254537310446 0.6714794428235862
5.269353340631092 1.1621521840855 0.6738261750665464
5.102054342440901 1.687864832051419 0.6764316209143126
4.89397200035601 2.158674074381346 0.6779404454766434
4.662373731640295 2.570608182573571 0.6772477899689753
4.421734759123436 2.925466540110946 0.6737160723536121
4.182689790544599 3.228469986980222 0.6671658306541348
3.952205981260646 3.486295117704597 0.6577501048528507
4.07816990444007 -3.59696749091145 0.4742633084814729
4.340432707530936 -3.349741557534164 0.450165195550963
4.613966317066942 -3.052142620534355 0.4234258061355752
4.890820887466862 -2.696061276958796 0.3946911927815211
5.158627560086666 -2.274945420735939 0.3652952854699764
5.400326640942917 -1.786146122286894 0.337412930673555
5.595371627130341 -1.23376855957597 0.3139765833538857
5.723056339584295 -0.6309604823799368 0.2981811036718233
5.767600572210895 0 0.2925862943404126
5.723056339584295 0.6309604823799368 0.2981811036718233
5.595371627130341 1.23376855957597 0.3139765833538857
5.400326640942917 1.786146122286894 0.337412930673555
5.158627560086666 2.274945420735939 0.3652952854699764
4.890820887466862 2.696061276958796 0.3946911927815211
4.613966317066942 3.052142620534355 0.4234258061355752
4.340432707530936 3.349741557534164 0.450165195550963
4.07816990444007 3.59696749091145 0.4742633084814729
2.726729777251838 2.751604771854812 1.887005922078722
2.363911538576405 2.783433526367018 2.0316410812533
1.991297883796927 2.813976685232069 2.156110225273666
1.608781377023937 2.842090466487614 2.259659874001496
1.216787005326011 2.86637200442149 2.341453344243144
0.8164866752298112 2.885274254723829 2.400648952163219
0.4099330189014262 2.897335186733294 2.436509271517311
2.010942056348306e-16 2.901486864484921 2.448523789716016
-0.4099330189014258 2.897335186733294 2.436509271517311
-0.8164866752298108 2.885274254723829 2.400648952163219
-1.21678700532601 2.86637200442149 2.341453344243144
-1.608781377023936 2.842090466487614 2.259659874001496
-1.991297883796926 2.813976685232069 2.156110225273667
-2.363911538576404 2.783433526367019 2.0316410812533
-2.726729777251838 2.751604771854812 1.887005922078723
-3.080184923579331 2.719352451368198 1.722828559583094
2.897876118314531 2.923803503013538 1.703229660099695
2.53541570477504 2.984805618213334 1.841869981614553
2.154541909781135 3.044040388375113 1.963631906492472
1.754677448648465 3.099163340673785 2.066888761991543
1.336313382152134 3.147232708921485 2.149863971767859
0.9014970291012085 3.184946979191492 2.21077510039865
0.4541561569876727 3.209145387412833 2.248054716274027
2.23048633626915e-16 3.217499215413483 2.260612174620451
-0.4541561569876723 3.209145387412833 2.248054716274027
-0.9014970291012081 3.184946979191492 2.21077510039865
-1.336313382152134 3.147232708921485 2.149863971767859
-1.754677448648464 3.099163340673786 2.066888761991543
-2.154541909781134 3.044040388375114 1.963631906492472
-2.535415704775039 2.984805618213334 1.841869981614553
-2.89787611831453 2.923803503013538 1.703229660099695
-3.24311245914584 2.86274977651977 1.549116547596324
3.061712210004102 3.088588102751471 1.514564033722727
2.701008758496981 3.179160866057201 1.643576131311012
2.31345767707332 3.267909636026173 1.759122911971761
1.897777617898198 3.351197189100373 1.858939141232065
1.454310633947631 3.42437129049397 1.940494988082429
0.9858425363742833 3.482133698998918 2.001196601260538
0.4981740006667397 3.519357040437551 2.038720041407842
2.449251870921978e-16 3.532236550650314 2.051426051713175
-0.4981740006667391 3.519357040437551 2.038720041407842
-0.9858425363742829 3.482133698998918 2.001196601260538
-1.45431063394763 3.42437129049397 1.940494988082429
-1.897777617898198 3.351197189100373 1.858939141232065
-2.31345767707332 3.267909636026173 1.759122911971761
-2.70100875849698 3.179160866057201 1.643576131311012
-3.061712210004101 3.088588102751471 1.514564033722727
-3.397726532721759 2.998786954040552 1.374005036230863
3.219153885749772 3.246886541471741 1.321062558415064
2.86137803843257 3.367312966207972 1.436854940112549
2.468505778609291 3.48623968519522 1.542614967346446
2.038347513333759 3.59866502670966 1.635692922439104
1.570901598922481 3.698079767589753 1.71303139721194
1.06956203604783 3.77697304933873 1.771404799136906
0.5419915958430692 3.828006192341809 1.807855905109075
2.66723866030679e-16 3.845698870195415 1.82026474209684
-0.5419915958430688 3.828006192341809 1.807855905109076
-1.069562036047829 3.77697304933873 1.771404799136906
-1.570901598922481 3.698079767589753 1.713031397211941
-2.038347513333758 3.59866502670966 1.635692922439104
-2.46850577860929 3.48623968519522 1.542614967346446
-2.861378038432569 3.367312966207973 1.436854940112549
-3.219153885749771 3.246886541471741 1.321062558415064
-3.545138562678943 3.128447954664478 1.197404211150785
3.370935956613433 3.399443426883376 1.122735192140467
3.017079959983034 3.549920742053283 1.221725576861853
2.620062331799853 3.699565775735612 1.314039320905133
2.17660582124987 3.841956444967584 1.396912964431185
1.686188134760312 3.968600418859161 1.467024021906159
1.152687916740412 4.069580719093718 1.5207445748645
0.5856131658577525 4.135123036259984 1.554658066740877
2.884446704423588e-16 4.157886174048786 1.566269617038551
-0.5856131658577518 4.135123036259984 1.554658066740877
-1.152687916740412 4.069580719093718 1.5207445748645
-1.686188134760311 3.968600418859161 1.467024021906159
-2.176605821249869 3.841956444967584 1.396912964431185
-2.620062331799852 3.699565775735612 1.314039320905132
-3.017079959983032 3.549920742053284 1.221725576861853
-3.370935956613433 3.399443426883376 1.122735192140467
-3.686232401703774 3.252515278661952 1.01922351325195
3.517659081583244 3.546867472228439 0.9195543974884133
3.168573099477783 3.72752726550107 0.9981387926833003
2.768439816124491 3.90833271675985 1.073231222835826
2.312735602713389 4.081397706649999 1.142240289611574
1.800256075166046 4.236137521192687 1.201877426245335
1.235247616265003 4.360054778614868 1.24839323811723
0.6290423007434864 4.440733256816182 1.278139750293713
3.100876003272368e-16 4.468798462210427 1.288394082289895
-0.6290423007434858 4.440733256816182 1.278139750293713
-1.235247616265003 4.360054778614868 1.24839323811723
-1.800256075166046 4.236137521192687 1.201877426245335
-2.312735602713388 4.081397706649999 1.142240289611574
-2.768439816124491 3.908332716759851 1.073231222835826
-3.168573099477782 3.727527265501071 0.9981387926833
-3.517659081583243 3.546867472228439 0.9195543974884135
-3.821724674156618 3.371623374244091 0.839370543879177
3.659822035865546 3.689664177809404 0.7114589055918401
3.316241153750362 3.900587008994948 0.7659810735563017
2.913901644575962 4.112915579225485 0.819929898786528
2.446892262781429 4.317265899041109 0.8711859273537518
1.913178741052475 4.500865666886304 0.9168312448358066
1.317264688816224 4.648479472308352 0.9533313528573746
0.6722820923023425 4.744858990291472 0.9770946872106173
3.316526556853133e-16 4.778435734680337 0.9853637456812898
-0.6722820923023417 4.744858990291472 0.9770946872106173
-1.317264688816224 4.648479472308352 0.9533313528573746
-1.913178741052474 4.500865666886304 0.9168312448358072
-2.446892262781429 4.317265899041109 0.8711859273537521
-2.913901644575962 4.112915579225486 0.8199298987865287
-3.316241153750361 3.900587008994949 0.7659810735563017
-3.659822035865545 3.689664177809404 0.7114589055918406
-3.952205981260646 3.486295117704598 0.6577501048528505
3.797844593574553 3.828259007801978 0.4983558266713665
3.460409341852734 4.069485244112835 0.5250759182240895
3.056672646635686 4.313634584831009 0.553774455988282
2.579209320745782 4.549799183836248 0.583117028808501
2.025019496931193 4.762935820568968 0.6109334536893379
1.398759585268509 4.934927992410701 0.6343028394979398
0.7153352331369981 5.047519528762011 0.6500472446165373
3.531398365165882e-16 5.086797991458517 0.6556228157073318
-0.7153352331369973 5.047519528762011 0.6500472446165373
-1.398759585268509 4.934927992410701 0.6343028394979401
-2.025019496931193 4.762935820568968 0.610933453689338
-2.579209320745782 4.549799183836248 0.583117028808501
-3.056672646635685 4.313634584831009 0.5537744559882821
-3.460409341852732 4.069485244112837 0.5250759182240889
-3.797844593574552 3.828259007801978 0.498355826671367
-4.078169904440069 3.59696749091145 0.474263308481473
-3.11628232616301 2.407661745867053 1.863797035561186
-3.151922010911183 2.087588291638746 1.9876201358529
-3.186136793372788 1.758751928446665 2.093824946447286
-3.21764230854396 1.421062684483635 2.181864178682699
-3.244862277077133 1.074905450023461 2.25115606965521
-3.266057597253823 0.7213307290065049 2.30113996083389
-3.279584172007251 0.3621734819178797 2.331343268622399
-3.284240806051104 3.55336281268886e-16 2.341448418619406
-3.279584172007251 -0.362173481917879 2.331343268622399
-3.266057597253823 -0.7213307290065041 2.30113996083389
-3.244862277077134 -1.07490545002346 2.25115606965521
-3.21764230854396 -1.421062684483634 2.181864178682699
-3.186136793372788 -1.758751928446664 2.093824946447286
-3.151922010911184 -2.087588291638745 1.987620135852901
-3.116282326163011 -2.407661745867052 1.863797035561186
-3.080184923579332 -2.719352451368198 1.722828559583094
-3.311880755192801 2.558336637683845 1.676773168358234
-3.380600370124622 2.23861937982899 1.790735515259882
-3.447337718919401 1.902544617444243 1.889978090659034
-3.509449837266576 1.549602496566221 1.973384429165851
-3.563619648956706 1.180231565310247 2.039810999367813
-3.60612376962037 0.7962516259527357 2.088181403442771
-3.633397080935638 0.4011512821662032 2.117602188397876
-3.642812723519881 3.940381857797109e-16 2.127478766172418
-3.633397080935639 -0.4011512821662024 2.117602188397875
-3.60612376962037 -0.796251625952735 2.088181403442771
-3.563619648956706 -1.180231565310246 2.039810999367813
-3.509449837266577 -1.54960249656622 1.973384429165851
-3.447337718919401 -1.902544617444242 1.889978090659034
-3.380600370124622 -2.23861937982899 1.790735515259882
-3.311880755192802 -2.558336637683845 1.676773168358233
-3.24311245914584 -2.86274977651977 1.549116547596324
-3.499124660953235 2.702524182717379 1.484754070034326
-3.601397468873562 2.384387908332113 1.584961130368995
-3.701613995575833 2.042465926677743 1.673306788900283
-3.795666641901387 1.675623032825232 1.748365449502124
-3.8783010746364 1.284162167590782 1.808687747309699
-3.943532923284653 0.8705512814695622 1.852920921454023
-3.985570492705765 0.4399294207347862 1.879952559385688
-4.000115895459055 4.325841093867254e-16 1.889048640457927
-3.985570492705765 -0.4399294207347856 1.879952559385688
-3.943532923284653 -0.8705512814695615 1.852920921454023
-3.8783010746364 -1.284162167590782 1.808687747309699
-3.795666641901387 -1.675623032825231 1.748365449502124
-3.701613995575833 -2.042465926677742 1.673306788900283
-3.601397468873562 -2.384387908332112 1.584961130368995
-3.499124660953235 -2.702524182717379 1.484754070034326
-3.397726532721761 -2.998786954040552 1.374005036230862
-3.679060706643621 2.84103635369746 1.287793351879721
-3.815229745449339 2.525504145005751 1.370391807306104
-3.949702546937291 2.178925384895814 1.443833869571889
-4.076823946850407 1.799360793554453 1.506658709888179
-4.189234091772114 1.386806758699302 1.557405546905263
-4.278440394554154 0.9442643521954014 1.594742151681587
-4.336144768457069 0.4785124031060306 1.617602549233595
-4.356150321868629 4.709740520899295e-16 1.62530128122814
-4.336144768457069 -0.4785124031060298 1.617602549233595
-4.278440394554154 -0.9442643521954004 1.594742151681588
-4.189234091772114 -1.386806758699301 1.557405546905263
-4.076823946850407 -1.799360793554453 1.506658709888179
-3.949702546937291 -2.178925384895813 1.44383386957189
-3.81522974544934 -2.52550414500575 1.370391807306105
-3.679060706643622 -2.841036353697459 1.28779335187972
-3.545138562678944 -3.128447954664477 1.197404211150785
-3.85252867330657 2.9745246812072 1.085900203004283
-4.022839075614071 2.662462203626971 1.147042995920776
-4.192205138927792 2.312257510993065 1.201474979140434
-4.353359095708179 1.92101056812647 1.2479851270273
-4.49669029313362 1.488256188568766 1.285432188630702
-4.610975720077573 1.017419758395486 1.312859096834423
-4.685153689365768 0.5169040031171581 1.329577650748946
-4.7109160027486 5.092080138893236e-16 1.335192441441292
-4.685153689365768 -0.516904003117157 1.329577650748946
-4.610975720077573 -1.017419758395485 1.312859096834423
-4.49669029313362 -1.488256188568765 1.285432188630702
-4.35335909570818 -1.921010568126469 1.2479851270273
-4.192205138927793 -2.312257510993064 1.201474979140434
-4.022839075614071 -2.66246220362697 1.147042995920778
-3.852528673306571 -2.9745246812072 1.085900203004282
-3.686232401703775 -3.252515278661951 1.01922351325195
-4.020215025757349 3.10352178833554 0.8790455424421791
-4.224836884505732 2.79566938484724 0.9148587803052057
-4.429621719331043 2.442740305350177 0.9460430232031214
-4.625638184651288 2.040735482235199 0.971931408974537
-4.800898543508439 1.588587056904537 0.9920695652990419
-4.941248634831856 1.090042015872203 1.006290759926459
-5.032625970596192 0.5551074310665797 1.014687180470802
-5.064412938098967 5.472859947849072e-16 1.017453869656335
-5.032625970596192 -0.5551074310665787 1.014687180470802
-4.941248634831856 -1.090042015872202 1.00629075992646
-4.800898543508439 -1.588587056904536 0.9920695652990418
-4.625638184651288 -2.040735482235199 0.9719314089745372
-4.429621719331044 -2.442740305350176 0.9460430232031214
-4.224836884505733 -2.795669384847238 0.9148587803052057
-4.020215025757349 -3.10352178833554 0.8790455424421788
-3.821724674156619 -3.37162337424409 0.839370543879177
-4.182689790544599 3.228469986980222 0.6671658306541357
-4.421734759123436 2.925466540110946 0.6737160723536121
-4.662373731640295 2.570608182573572 0.6772477899689752
-4.89397200035601 2.158674074381347 0.6779404454766429
-5.102054342440901 1.68786483205142 0.6764316209143137
-5.269353340631092 1.162152184085501 0.6738261750665464
-5.378586341854475 0.5931254537310443 0.6714794428235862
-5.416641127919734 5.852079947766805e-16 0.670544767140834
-5.378586341854476 -0.5931254537310433 0.6714794428235858
-5.269353340631092 -1.1621521840855 0.6738261750665467
-5.102054342440901 -1.687864832051418 0.676431620914313
-4.89397200035601 -2.158674074381346 0.6779404454766437
-4.662373731640295 -2.570608182573571 0.6772477899689756
-4.421734759123437 -2.925466540110945 0.6737160723536124
-4.182689790544599 -3.228469986980222 0.6671658306541356
-3.952205981260648 -3.486295117704597 0.6577501048528502
-4.340432707530935 3.349741557534164 0.4501651955509637
-4.613966317066942 3.052142620534355 0.4234258061355752
-4.890820887466862 2.696061276958796 0.3946911927815209
-5.158627560086666 2.27494542073594 0.3652952854699759
-5.400326640942916 1.786146122286895 0.337412930673556
-5.595371627130341 1.233768559575971 0.3139765833538855
-5.723056339584295 0.6309604823799364 0.2981811036718233
-5.767600572210895 6.229740138646436e-16 0.2925862943404126
-5.723056339584296 -0.6309604823799354 0.2981811036718224
-5.595371627130341 -1.23376855957597 0.3139765833538859
-5.400326640942916 -1.786146122286893 0.3374129306735556
-5.158627560086666 -2.274945420735938 0.3652952854699761
-4.890820887466862 -2.696061276958795 0.3946911927815213
-4.613966317066943 -3.052142620534354 0.4234258061355751
-4.340432707530935 -3.349741557534163 0.4501651955509631
-4.07816990444007 -3.59696749091145 0.4742633084814729
-2.726729777251839 -2.751604771854812 1.887005922078723
-2.363911538576405 -2.783433526367018 2.0316410812533
-1.991297883796926 -2.813976685232069 2.156110225273666
-1.608781377023937 -2.842090466487614 2.259659874001496
-1.216787005326011 -2.866372004421489 2.341453344243145
-0.8164866752298114 -2.885274254723829 2.400648952163219
-0.4099330189014274 -2.897335186733294 2.436509271517311
-6.04461351020254e-16 -2.901486864484921 2.448523789716016
0.4099330189014261 -2.897335186733294 2.436509271517311
0.8164866752298101 -2.885274254723829 2.400648952163219
1.21678700532601 -2.86637200442149 2.341453344243144
1.608781377023936 -2.842090466487615 2.259659874001496
1.991297883796924 -2.81397668523207 2.156110225273666
2.363911538576403 -2.783433526367019 2.0316410812533
2.726729777251836 -2.751604771854814 1.887005922078723
-2.897876118314531 -2.923803503013538 1.703229660099695
-2.53541570477504 -2.984805618213334 1.841869981614553
-2.154541909781134 -3.044040388375114 1.963631906492472
-1.754677448648465 -3.099163340673786 2.066888761991542
-1.336313382152134 -3.147232708921485 2.149863971767858
-0.901497029101209 -3.184946979191492 2.21077510039865
-0.4541561569876739 -3.209145387412833 2.248054716274027
-6.706011281841552e-16 -3.217499215413483 2.260612174620451
0.4541561569876726 -3.209145387412833 2.248054716274027
0.9014970291012077 -3.184946979191492 2.21077510039865
1.336313382152133 -3.147232708921485 2.149863971767859
1.754677448648464 -3.099163340673786 2.066888761991543
2.154541909781132 -3.044040388375114 1.963631906492472
2.535415704775039 -2.984805618213334 1.841869981614554
2.897876118314528 -2.92380350301354 1.703229660099695
-3.061712210004103 -3.08858810275147 1.514564033722727
-2.701008758496981 -3.179160866057201 1.643576131311012
-2.313457677073319 -3.267909636026174 1.759122911971761
-1.897777617898198 -3.351197189100372 1.858939141232065
-1.454310633947631 -3.42437129049397 1.940494988082429
-0.985842536374284 -3.482133698998918 2.001196601260538
-0.498174000666741 -3.519357040437551 2.038720041407842
-7.365363863137199e-16 -3.532236550650314 2.051426051713175
0.4981740006667396 -3.519357040437551 2.038720041407842
0.9858425363742824 -3.482133698998918 2.001196601260538
1.45431063394763 -3.42437129049397 1.940494988082429
1.897777617898197 -3.351197189100373 1.858939141232065
2.313457677073318 -3.267909636026175 1.75912291197176
2.70100875849698 -3.179160866057201 1.643576131311012
3.0617122100041 -3.088588102751472 1.514564033722727
-3.219153885749772 -3.24688654147174 1.321062558415064
-2.86137803843257 -3.367312966207972 1.436854940112549
-2.46850577860929 -3.486239685195221 1.542614967346445
-2.038347513333759 -3.59866502670966 1.635692922439104
-1.570901598922482 -3.698079767589753 1.71303139721194
-1.06956203604783 -3.77697304933873 1.771404799136906
-0.5419915958430708 -3.828006192341809 1.807855905109075
-8.02267125408948e-16 -3.845698870195415 1.82026474209684
0.5419915958430691 -3.828006192341809 1.807855905109075
1.069562036047828 -3.77697304933873 1.771404799136906
1.57090159892248 -3.698079767589753 1.713031397211941
2.038347513333758 -3.59866502670966 1.635692922439105
2.468505778609289 -3.486239685195221 1.542614967346445
2.861378038432569 -3.367312966207973 1.436854940112549
3.219153885749768 -3.246886541471743 1.321062558415065
-3.370935956613434 -3.399443426883375 1.122735192140466
-3.017079959983034 -3.549920742053283 1.221725576861853
-2.620062331799852 -3.699565775735613 1.314039320905132
-2.176605821249871 -3.841956444967584 1.396912964431184
-1.686188134760313 -3.96860041885916 1.467024021906159
-1.152687916740412 -4.069580719093718 1.5207445748645
-0.585613165857754 -4.135123036259984 1.554658066740877
-8.677933454698399e-16 -4.157886174048786 1.566269617038551
0.5856131658577522 -4.135123036259984 1.554658066740877
1.152687916740411 -4.069580719093718 1.5207445748645
1.686188134760311 -3.968600418859161 1.467024021906159
2.176605821249869 -3.841956444967585 1.396912964431184
2.620062331799851 -3.699565775735613 1.314039320905133
3.017079959983032 -3.549920742053284 1.221725576861853
3.370935956613431 -3.399443426883378 1.122735192140466
-3.517659081583244 -3.546867472228439 0.9195543974884124
-3.168573099477783 -3.72752726550107 0.9981387926833003
-2.768439816124491 -3.908332716759852 1.073231222835825
-2.312735602713389 -4.081397706649999 1.142240289611573
-1.800256075166047 -4.236137521192687 1.201877426245335
-1.235247616265004 -4.360054778614868 1.24839323811723
-0.6290423007434882 -4.440733256816182 1.278139750293713
-9.331150464963948e-16 -4.468798462210427 1.288394082289895
0.6290423007434863 -4.440733256816182 1.278139750293713
1.235247616265002 -4.360054778614868 1.24839323811723
1.800256075166045 -4.236137521192687 1.201877426245335
2.312735602713388 -4.081397706649999 1.142240289611574
2.768439816124488 -3.908332716759852 1.073231222835827
3.168573099477781 -3.727527265501072 0.9981387926833003
3.517659081583242 -3.546867472228442 0.9195543974884127
-3.659822035865546 -3.689664177809403 0.7114589055918397
-3.316241153750362 -3.900587008994948 0.7659810735563017
-2.913901644575962 -4.112915579225486 0.819929898786529
-2.44689226278143 -4.317265899041109 0.8711859273537519
-1.913178741052476 -4.500865666886304 0.9168312448358074
-1.317264688816225 -4.648479472308352 0.9533313528573741
-0.6722820923023443 -4.744858990291472 0.9770946872106168
-9.982322284886132e-16 -4.778435734680337 0.9853637456812898
0.6722820923023424 -4.744858990291472 0.9770946872106173
1.317264688816223 -4.648479472308352 0.9533313528573746
1.913178741052474 -4.500865666886304 0.9168312448358074
2.446892262781428 -4.31726589904111 0.8711859273537521
2.91390164457596 -4.112915579225488 0.8199298987865282
3.31624115375036 -3.900587008994949 0.7659810735563017
3.659822035865543 -3.689664177809406 0.7114589055918406
-3.797844593574553 -3.828259007801977 0.498355826671367
-3.460409341852734 -4.069485244112835 0.5250759182240894
-3.056672646635684 -4.313634584831011 0.5537744559882808
-2.579209320745783 -4.549799183836247 0.583117028808501
-2.025019496931194 -4.762935820568967 0.6109334536893388
-1.39875958526851 -4.934927992410702 0.6343028394979393
-0.715335233137 -5.047519528762011 0.6500472446165364
-1.063144891446495e-15 -5.086797991458517 0.6556228157073318
0.715335233136998 -5.047519528762011 0.6500472446165373
1.398759585268508 -4.934927992410701 0.6343028394979406
2.025019496931192 -4.762935820568968 0.6109334536893386
2.579209320745781 -4.549799183836249 0.5831170288085002
3.056672646635683 -4.313634584831012 0.5537744559882812
3.460409341852731 -4.069485244112837 0.5250759182240891
3.797844593574549 -3.82825900780198 0.4983558266713675
-2.965 -2.625 2.082424081646376
-2.965 -2.296875 2.233985300136546
-2.965 -1.96875 2.364002104205833
-2.965 -1.640625 2.473074133724063
-2.965 -1.3125 2.561687381440465
-2.965 -0.984375 2.630225670646749
-2.965 -0.65625 2.678979312054822
-2.965 -0.328125 2.708151415279556
-2.965 0 2.717862184635236
-2.965 0.328125 2.708151415279556
-2.965 0.65625 2.678979312054822
-2.965 0.984375 2.630225670646749
-2.965 1.3125 2.561687381440465
-2.965 1.640625 2.473074133724063
-2.965 1.96875 2.364002104205833
-2.965 2.296875 2.233985300136546
-2.965 2.625 2.082424081646376
-2.594375 -2.625 2.254092808161699
-2.594375 -2.296875 2.403886762813589
-2.594375 -1.96875 2.53241683447164
-2.594375 -1.640625 2.64026195509217
-2.594375 -1.3125 2.727891772334554
-2.594375 -0.984375 2.795677480415168
-2.594375 -0.65625 2.843900003100829
-2.594375 -0.328125 2.872755967740661
-2.594375 0 2.882361775452702
-2.594375 0.328125 2.872755967740661
-2.594375 0.65625 2.843900003100829
-2.594375 0.984375 2.795677480415168
-2.594375 1.3125 2.727891772334554
-2.594375 1.640625 2.64026195509217
-2.594375 1.96875 2.53241683447164
-2.594375 2.296875 2.403886762813589
-2.594375 2.625 2.254092808161699
-2.22375 -2.625 2.40134277912892
-2.22375 -2.296875 2.549652271148456
-2.22375 -1.96875 2.67693275924614
-2.22375 -1.640625 2.783746156100605
-2.22375 -1.3125 2.87054865723448
-2.22375 -0.984375 2.937701051363569
-2.22375 -0.65625 2.985476521232886
-2.22375 -0.328125 3.014066345055429
-2.22375 0 3.023583784220125
-2.22375 0.328125 3.014066345055429
-2.22375 0.65625 2.985476521232886
-2.22375 0.984375 2.937701051363569
-2.22375 1.3125 2.87054865723448
-2.22375 1.640625 2.783746156100605
-2.22375 1.96875 2.67693275924614
-2.22375 2.296875 2.549652271148456
-2.22375 2.625 2.40134277912892
-1.853125 -2.625 2.524860792089573
-1.853125 -2.296875 2.671946818609231
-1.853125 -1.96875 2.79819690585443
-1.853125 -1.640625 2.904159194171419
-1.853125 -1.3125 2.990278980932864
-1.853125 -0.984375 3.056908617088373
-1.853125 -0.65625 3.104315003653708
-1.853125 -0.328125 3.132685075754897
-1.853125 0 3.142129544655856
-1.853125 0.328125 3.132685075754897
-1.853125 0.65625 3.104315003653708
-1.853125 0.984375 3.056908617088373
-1.853125 1.3125 2.990278980932864
-1.853125 1.640625 2.904159194171419
-1.853125 1.96875 2.79819690585443
-1.853125 2.296875 2.671946818609231
-1.853125 2.625 2.524860792089573
-1.4825 -2.625 2.625203167793994
-1.4825 -2.296875 2.771309553673916
-1.4825 -1.96875 2.896734253747105
-1.4825 -1.640625 3.002014545152425
-1.4825 -1.3125 3.087587121199196
-1.4825 -0.984375 3.153797666240088
-1.4825 -0.65625 3.2009081152319
-1.4825 -0.328125 3.229101968350287
-1.4825 0 3.238487919383227
-1.4825 0.328125 3.229101968350287
-1.4825 0.65625 3.2009081152319
-1.4825 0.984375 3.153797666240088
-1.4825 1.3125 3.087587121199196
-1.4825 1.640625 3.002014545152425
-1.4825 1.96875 2.896734253747105
-1.4825 2.296875 2.771309553673916
-1.4825 2.625 2.625203167793994
-1.111875 -2.625 2.702809075183572
-1.111875 -2.296875 2.848166401328018
-1.111875 -1.96875 2.97295978799473
-1.111875 -1.640625 3.077718303983956
-1.111875 -1.3125 3.162872136617577
-1.111875 -0.984375 3.22876192632716
-1.111875 -0.65625 3.27564584903896
-1.111875 -0.328125 3.303704803976816
-1.111875 0 3.313045956948176
-1.111875 0.328125 3.303704803976816
-1.111875 0.65625 3.27564584903896
-1.111875 0.984375 3.22876192632716
-1.111875 1.3125 3.162872136617577
-1.111875 1.640625 3.077718303983956
-1.111875 1.96875 2.97295978799473
-1.111875 2.296875 2.848166401328018
-1.111875 2.625 2.702809075183572
-0.74125 -2.625 2.758010570519208
-0.74125 -2.296875 2.902839588164882
-0.74125 -1.96875 3.027187608480159
-0.74125 -1.640625 3.131577961739649
-0.74125 -1.3125 3.21643628446032
-0.74125 -0.984375 3.282099687432191
-0.74125 -0.65625 3.328823715190749
-0.74125 -0.328125 3.356787445789036
-0.74125 0 3.366096974974635
-0.74125 0.328125 3.356787445789036
-0.74125 0.65625 3.328823715190749
-0.74125 0.984375 3.282099687432191
-0.74125 1.3125 3.21643628446032
-0.74125 1.640625 3.131577961739649
-0.74125 1.96875 3.027187608480159
-0.74125 2.296875 2.902839588164882
-0.74125 2.625 2.758010570519208
-0.370625 -2.625 2.791039910284728
-0.370625 -2.296875 2.935554590043514
-0.370625 -1.96875 3.059637581534349
-0.370625 -1.640625 3.163808820525285
-0.370625 -1.3125 3.248491250660759
-0.370625 -0.984375 3.314019893524047
-0.370625 -0.65625 3.360648735774213
-0.370625 -0.328125 3.388555777088883
-0.370625 0 3.397846479528797
-0.370625 0.328125 3.388555777088883
-0.370625 0.65625 3.360648735774213
-0.370625 0.984375 3.314019893524047
-0.370625 1.3125 3.248491250660759
-0.370625 1.640625 3.163808820525285
-0.370625 1.96875 3.059637581534349
-0.370625 2.296875 2.935554590043514
-0.370625 2.625 2.791039910284728
0 -2.625 2.802034525389251
0 -2.296875 2.946444862498195
0 -1.96875 3.070439872509922
0 -1.640625 3.174538367672775
0 -1.3125 3.259162400185555
0 -0.984375 3.324646299925412
0 -0.65625 3.371243537704005
0 -0.328125 3.399131756095737
0 0 3.408416207305078
0 0.328125 3.399131756095737
0 0.65625 3.371243537704005
0 0.984375 3.324646299925412
0 1.3125 3.259162400185555
0 1.640625 3.174538367672775
0 1.96875 3.070439872509922
0 2.296875 2.946444862498195
0 2.625 2.802034525389251
0.370625 -2.625 2.791039910284728
0.370625 -2.296875 2.935554590043514
0.370625 -1.96875 3.059637581534349
0.370625 -1.640625 3.163808820525285
0.370625 -1.3125 3.248491250660759
0.370625 -0.984375 3.314019893524047
0.370625 -0.65625 3.360648735774213
0.370625 -0.328125 3.388555777088883
0.370625 0 3.397846479528797
0.370625 0.328125 3.388555777088883
0.370625 0.65625 3.360648735774213
0.370625 0.984375 3.314019893524047
0.370625 1.3125 3.248491250660759
0.370625 1.640625 3.163808820525285
0.370625 1.96875 3.059637581534349
0.370625 2.296875 2.935554590043514
0.370625 2.625 2.791039910284728
0.74125 -2.625 2.758010570519208
0.74125 -2.296875 2.902839588164882
0.74125 -1.96875 3.027187608480159
0.74125 -1.640625 3.131577961739649
0.74125 -1.3125 3.21643628446032
0.74125 -0.984375 3.282099687432191
0.74125 -0.65625 3.328823715190749
0.74125 -0.328125 3.356787445789036
0.74125 0 3.366096974974635
0.74125 0.328125 3.356787445789036
0.74125 0.65625 3.328823715190749
0.74125 0.984375 3.282099687432191
0.74125 1.3125 3.21643628446032
0.74125 1.640625 3.131577961739649
0.74125 1.96875 3.027187608480159
0.74125 2.296875 2.902839588164882
0.74125 2.625 2.758010570519208
1.111875 -2.625 2.702809075183572
1.111875 -2.296875 2.848166401328018
1.111875 -1.96875 2.97295978799473
1.111875 -1.640625 3.077718303983956
1.111875 -1.3125 3.162872136617577
1.111875 -0.984375 3.22876192632716
1.111875 -0.65625 3.27564584903896
1.111875 -0.328125 3.303704803976816
1.111875 0 3.313045956948176
1.111875 0.328125 3.303704803976816
1.111875 0.65625 3.27564584903896
1.111875 0.984375 3.22876192632716
1.111875 1.3125 3.162872136617577
1.111875 1.640625 3.077718303983956
1.111875 1.96875 2.97295978799473
1.111875 2.296875 2.848166401328018
1.111875 2.625 2.702809075183572
1.4825 -2.625 2.625203167793994
1.4825 -2.296875 2.771309553673916
1.4825 -1.96875 2.896734253747105
1.4825 -1.640625 3.002014545152425
1.4825 -1.3125 3.087587121199196
1.4825 -0.984375 3.153797666240088
1.4825 -0.65625 3.2009081152319
1.4825 -0.328125 3.229101968350287
1.4825 0 3.238487919383227
1.4825 0.328125 3.229101968350287
1.4825 0.65625 3.2009081152319
1.4825 0.984375 3.153797666240088
1.4825 1.3125 3.087587121199196
1.4825 1.640625 3.002014545152425
1.4825 1.96875 2.896734253747105
1.4825 2.296875 2.771309553673916
1.4825 2.625 2.625203167793994
1.853125 -2.625 2.524860792089573
1.853125 -2.296875 2.671946818609231
1.853125 -1.96875 2.79819690585443
1.853125 -1.640625 2.904159194171419
1.853125 -1.3125 2.990278980932864
1.853125 -0.984375 3.056908617088373
1.853125 -0.65625 3.104315003653708
1.853125 -0.328125 3.132685075754897
1.853125 0 3.142129544655856
1.853125 0.328125 3.132685075754897
1.853125 0.65625 3.104315003653708
1.853125 0.984375 3.056908617088373
1.853125 1.3125 2.990278980932864
1.853125 1.640625 2.904159194171419
1.853125 1.96875 2.79819690585443
1.853125 2.296875 2.671946818609231
1.853125 2.625 2.524860792089573
2.22375 -2.625 2.40134277912892
2.22375 -2.296875 2.549652271148456
2.22375 -1.96875 2.67693275924614
2.22375 -1.640625 2.783746156100605
2.22375 -1.3125 2.87054865723448
2.22375 -0.984375 2.937701051363569
2.22375 -0.65625 2.985476521232886
2.22375 -0.328125 3.014066345055429
2.22375 0 3.023583784220125
2.22375 0.328125 3.014066345055429
2.22375 0.65625 2.985476521232886
2.22375 0.984375 2.937701051363569
2.22375 1.3125 2.87054865723448
2.22375 1.640625 2.783746156100605
2.22375 1.96875 2.67693275924614
2.22375 2.296875 2.549652271148456
2.22375 2.625 2.40134277912892
2.594375 -2.625 2.254092808161699
2.594375 -2.296875 2.403886762813589
2.594375 -1.96875 2.53241683447164
2.594375 -1.640625 2.64026195509217
2.594375 -1.3125 2.727891772334554
2.594375 -0.984375 2.795677480415168
2.594375 -0.65625 2.843900003100829
2.594375 -0.328125 2.872755967740661
2.594375 0 2.882361775452702
2.594375 0.328125 2.872755967740661
2.594375 0.65625 2.843900003100829
2.594375 0.984375 2.795677480415168
2.594375 1.3125 2.727891772334554
2.594375 1.640625 2.64026195509217
2.594375 1.96875 2.53241683447164
2.594375 2.296875 2.403886762813589
2.594375 2.625 2.254092808161699
2.965 -2.625 2.082424081646376
2.965 -2.296875 2.233985300136546
2.965 -1.96875 2.364002104205833
2.965 -1.640625 2.473074133724063
2.965 -1.3125 2.561687381440465
2.965 -0.984375 2.630225670646749
2.965 -0.65625 2.678979312054822
2.965 -0.328125 2.708151415279556
2.965 0 2.717862184635236
2.965 0.328125 2.708151415279556
2.965 0.65625 2.678979312054822
2.965 0.984375 2.630225670646749
2.965 1.3125 2.561687381440465
2.965 1.640625 2.473074133724063
2.965 1.96875 2.364002104205833
2.965 2.296875 2.233985300136546
2.965 2.625 2.082424081646376
3.14485740932717 -2.784232950922031 1.908017816828823
3.178338208056297 -2.462140159065534 2.050775140702713
3.211513752030372 -2.13243429993585 2.175625956335674
3.243468896942798 -1.794710340319318 2.282289482573109
3.272981142493233 -1.448832293262182 2.370400041325459
3.298543514203821 -1.095110884247685 2.439542878215602
3.318487970550333 -0.7344882734143866 2.489302848837486
3.331233959118172 -0.3686546856106745 2.519322159753582
3.335625 0 2.529357403534724
3.331233959118172 0.3686546856106745 2.519322159753582
3.318487970550333 0.7344882734143866 2.489302848837486
3.298543514203821 1.095110884247685 2.439542878215602
3.272981142493233 1.448832293262182 2.370400041325459
3.243468896942798 1.794710340319318 2.282289482573109
3.211513752030372 2.13243429993585 2.175625956335674
3.178338208056297 2.462140159065534 2.050775140702713
3.14485740932717 2.784232950922031 1.908017816828823
3.314970776643438 -2.934839220468473 1.731454339568707
3.382150536488911 -2.620025974198303 1.86144998804968
3.449345163695106 -2.290353555151683 1.977052383605504
3.514657778224696 -1.944767425767249 2.077364771352328
3.575490947121106 -1.58274261993135 2.161401313146118
3.628580484398104 -1.204682601797431 2.228146864402751
3.67025888063628 -0.8123465060430215 2.276643643961805
3.697012152769733 -0.4091339334325695 2.306096308968764
3.70625 0 2.315975806214738
3.697012152769733 0.4091339334325695 2.306096308968764
3.67025888063628 0.8123465060430215 2.276643643961805
3.628580484398104 1.204682601797431 2.228146864402751
3.575490947121106 1.58274261993135 2.161401313146118
3.514657778224696 1.944767425767249 2.077364771352328
3.449345163695106 2.290353555151683 1.977052383605504
3.382150536488911 2.620025974198303 1.86144998804968
3.314970776643438 2.934839220468473 1.731454339568707
3.476770681969118 -3.078085342384126 1.552651565861002
3.57775760979774 -2.771555483981175 1.666082464609284
3.679627633821007 -2.443260338645904 1.768377661975403
3.779460295667553 -2.091290741173552 1.858287129286731
3.873161745865259 -1.714510890876274 1.934461867319128
3.955494377546625 -1.313217463034556 1.995533671162975
4.02049218615361 -0.8898644172557527 2.040229653123868
4.062380804563531 -0.4495678588524144 2.067506784119762
4.076875 0 2.076678964343673
4.062380804563531 0.4495678588524144 2.067506784119762
4.02049218615361 0.8898644172557527 2.040229653123868
3.955494377546625 1.313217463034556 1.995533671162975
3.873161745865259 1.714510890876274 1.934461867319128
3.779460295667553 2.091290741173552 1.858287129286731
3.679627633821007 2.443260338645904 1.768377661975403
3.57775760979774 2.771555483981175 1.666082464609284
3.476770681969118 3.078085342384126 1.552651565861002
3.631368543676062 -3.214955287402921 1.37152207013336
3.766194837133093 -2.917530781295135 1.464687266847853
3.903257772634558 -2.59174999658492 1.549601628125638
4.038589458405673 -2.234674816255247 1.624919497177051
4.166502003334716 -1.84436218528729 1.689206732830934
4.279595616115255 -1.420818527694251 1.741035239523476
4.369333915319339 -0.9670743278004438 1.779108653244215
4.427377652240224 -0.4899606381589623 1.802394669751802
4.447500000000001 0 1.810232278079066
4.427377652240224 0.4899606381589623 1.802394669751802
4.369333915319339 0.9670743278004438 1.779108653244215
4.279595616115255 1.420818527694251 1.741035239523476
4.166502003334716 1.84436218528729 1.689206732830934
4.038589458405673 2.234674816255247 1.624919497177051
3.903257772634558 2.59174999658492 1.549601628125638
3.766194837133093 2.917530781295135 1.464687266847853
3.631368543676062 3.214955287402921 1.37152207013336
3.779648214450653 -3.346231555795265 1.187972585556874
3.948292472213889 -3.058595032754225 1.257230185504156
4.120960396091181 -2.736303804318553 1.320638835964502
4.292626136796118 -2.375241064310668 1.37700725049616
4.455928894003676 -1.972481171460312 1.425112420260726
4.601140441117823 -1.527570867360997 1.463804505358022
4.716905177085632 -1.044003042989021 1.492121663189313
4.792034087508221 -0.5303157453502986 1.50937416629016
4.818125000000001 0 1.515166833429691
4.792034087508221 0.5303157453502986 1.50937416629016
4.716905177085632 1.044003042989021 1.492121663189313
4.601140441117823 1.527570867360997 1.463804505358022
4.455928894003676 1.972481171460312 1.425112420260726
4.292626136796118 2.375241064310668 1.37700725049616
4.120960396091181 2.736303804318553 1.320638835964502
3.948292472213889 3.058595032754225 1.257230185504156
3.779648214450653 3.346231555795265 1.187972585556874
3.922326318653256 -3.472548595772275 1.001903442600421
4.124728800265316 -3.19527368064398 1.043633637073735
4.333332064155409 -2.877317875651252 1.081324460334728
4.542051812220341 -2.513255903684316 1.114178683984055
4.741790458032322 -2.099021914390362 1.141497075811398
4.920343820812582 -1.633545851134026 1.162792255551555
5.063308011843107 -1.120673147646556 1.177866477976663
5.156376631981099 -0.5706361154700837 1.186786197930063
5.188750000000001 0 1.189729327626407
5.156376631981099 0.5706361154700837 1.186786197930063
5.063308011843107 1.120673147646556 1.177866477976663
4.920343820812582 1.633545851134026 1.162792255551555
4.741790458032322 2.099021914390362 1.141497075811398
4.542051812220341 2.513255903684316 1.114178683984055
4.333332064155409 2.877317875651252 1.081324460334728
4.124728800265316 3.19527368064398 1.043633637073735
3.922326318653256 3.472548595772275 1.001903442600421
4.059993457507044 -3.594429283627652 0.8132079362355555
4.296066741629495 -3.328002798374452 0.8237797883833147
4.540871271734349 -3.015123209520067 0.8314162692214717
4.787271451278841 -2.648943414756948 0.8359402058571113
5.024381178443585 -2.224114771233459 0.8375034836165023
5.23738857799376 -1.738804175872718 0.8367141630465653
5.408629546430385 -1.197103925748715 0.834648258068952
5.520427988274278 -0.6109242609283297 0.8326364648628881
5.559375000000001 0 0.831815412143579
5.520427988274278 0.6109242609283297 0.8326364648628881
5.408629546430385 1.197103925748715 0.834648258068952
5.23738857799376 1.738804175872718 0.8367141630465653
5.024381178443585 2.224114771233459 0.8375034836165023
4.787271451278841 2.648943414756948 0.8359402058571113
4.540871271734349 3.015123209520067 0.8314162692214717
4.296066741629495 3.328002798374452 0.8237797883833147
4.059993457507044 3.594429283627652 0.8132079362355555
4.193143212436228 -3.712310601229375 0.6217716103866278
4.462779799611787 -3.457149191309721 0.5975118948277411
4.744000000000002 -3.15 0.5705933430614869
5.028629942750173 -2.782494435016696 0.541666376486543
5.303953242629502 -2.34787137637478 0.5120738781566039
5.552432022984435 -1.843398068339057 0.4840052296579533
5.752945025861819 -1.273312031440748 0.4604124250952664
5.88420780891205 -0.6511823565933446 0.44451156430071
5.930000000000001 0 0.4388794415106196
5.88420780891205 0.6511823565933446 0.44451156430071
5.752945025861819 1.273312031440748 0.4604124250952664
5.552432022984435 1.843398068339057 0.4840052296579533
5.303953242629502 2.34787137637478 0.5120738781566039
5.028629942750173 2.782494435016696 0.541666376486543
4.744000000000002 3.15 0.5705933430614869
4.462779799611787 3.457149191309721 0.5975118948277411
4.193143212436228 3.712310601229375 0.6217716103866278
2.78104593204926 2.813874467503467 2.074038302393173
2.40863531402278 2.8432457332478 2.219737095054887
2.027168060589249 2.871536544510909 2.344688294898919
1.636490571246617 2.897664586524364 2.448324305903865
1.236953817826433 2.920295691327161 2.529978383780203
0.8296219926375837 2.937953093657546 2.588956147738765
0.4164042448897717 2.949237484885396 2.624635879963672
2.042481239702945e-16 2.953125 2.63658160011918
-0.4164042448897713 2.949237484885396 2.624635879963672
-0.8296219926375833 2.937953093657546 2.588956147738765
-1.236953817826433 2.920295691327161 2.529978383780203
-1.636490571246617 2.897664586524364 2.448324305903865
-2.027168060589248 2.871536544510909 2.34468829489892
-2.408635314022779 2.843245733247801 2.219737095054887
-2.781045932049259 2.813874467503467 2.074038302393174
-3.14485740932717 2.784232950922031 1.908017816828823
2.959381719427797 2.994315399083774 1.887980065253598
2.587008872771329 3.053804740202243 2.028313385281224
2.196661111390435 3.111627881227598 2.151182428381641
1.787745473560554 3.1654852398627 2.255095227214525
1.360717681649289 3.212486938126483 2.338406727258619
0.9175647201590706 3.249386024172086 2.39945530840928
0.4621265190962169 3.273071467460556 2.436773001393239
2.269423599669939e-16 3.28125 2.44933537827222
-0.4621265190962165 3.273071467460556 2.436773001393239
-0.9175647201590701 3.249386024172086 2.39945530840928
-1.360717681649289 3.212486938126483 2.338406727258619
-1.787745473560553 3.1654852398627 2.255095227214525
-2.196661111390435 3.111627881227598 2.151182428381641
-2.587008872771329 3.053804740202244 2.028313385281224
-2.959381719427796 2.994315399083774 1.887980065253598
-3.314970776643438 2.934839220468474 1.731454339568707
3.130537908573023 3.167491981692772 1.695990300238183
2.759720725365755 3.257680451527873 1.827167074843712
2.362162684792221 3.346065185877682 1.9443363286486
1.93658087293263 3.429021781752548 2.045312483935992
1.483310391579984 3.501913234758816 2.127649425423003
1.005123046538403 3.559457669023011 2.188835128824174
0.5077976005704419 3.596542870819315 2.226616352491076
2.496365959636933e-16 3.609375 2.239402483668457
-0.5077976005704413 3.596542870819315 2.226616352491076
-1.005123046538403 3.559457669023011 2.188835128824174
-1.483310391579984 3.501913234758816 2.127649425423003
-1.936580872932629 3.429021781752548 2.045312483935992
-2.362162684792221 3.346065185877682 1.9443363286486
-2.759720725365754 3.257680451527873 1.827167074843712
-3.130537908573022 3.167491981692772 1.695990300238184
-3.476770681969117 3.078085342384126 1.552651565861002
3.295420482491457 3.334320892908725 1.498084361937727
2.927443329475919 3.455666662113225 1.616300933429538
2.524118411503546 3.575479706008395 1.724026672529864
2.083251001667358 3.68872437057458 1.818639585041933
1.604848356043221 3.78884940718467 1.897115719196816
1.092333478829835 3.868297311201775 1.956265804728735
0.5534222065300284 3.919685105271699 1.99316645939506
2.723308319603927e-16 3.9375 2.005722157002095
-0.5534222065300278 3.919685105271699 1.993166459395061
-1.092333478829835 3.868297311201775 1.956265804728735
-1.604848356043221 3.78884940718467 1.897115719196816
-2.083251001667358 3.68872437057458 1.818639585041933
-2.524118411503545 3.575479706008395 1.724026672529864
-2.927443329475917 3.455666662113226 1.616300933429538
-3.295420482491456 3.334320892908725 1.498084361937727
-3.631368543676061 3.214955287402922 1.371522070133359
3.454755913187153 3.495537180290543 1.294229639065561
3.090720297068386 3.648405072424738 1.395635908206537
2.682891335497573 3.800385702897068 1.490020138865001
2.227964447001838 3.944962342920623 1.574604766537337
1.725427665419184 4.07352231296266 1.646056004897985
1.179226294271409 4.176012171956082 1.700738049225303
0.5990042609385281 4.242525962802389 1.735229773920699
2.950250679570921e-16 4.265625000000001 1.747034246212287
-0.5990042609385274 4.242525962802389 1.735229773920699
-1.179226294271408 4.176012171956082 1.700738049225303
-1.725427665419183 4.07352231296266 1.646056004897985
-2.227964447001838 3.944962342920623 1.574604766537337
-2.682891335497573 3.800385702897069 1.490020138865001
-3.090720297068384 3.648405072424739 1.395635908206537
-3.454755913187153 3.495537180290543 1.294229639065561
-3.779648214450652 3.346231555795266 1.187972585556874
3.609137700232152 3.651741349307405 1.084351011014076
3.249999048116557 3.836423834201668 1.165016907764112
2.838782382637713 4.021209445894905 1.241974127411646
2.370895229016162 4.198043828780724 1.312592454401093
1.845128932804718 4.356122269690735 1.373541865095984
1.265827002960777 4.482692590586225 1.421032095632852
0.6445470789976379 4.56508892376067 1.451379697423146
3.177193039537915e-16 4.593750000000001 1.461837317826071
-0.6445470789976372 4.56508892376067 1.451379697423146
-1.265827002960777 4.482692590586225 1.421032095632852
-1.845128932804718 4.356122269690735 1.373541865095984
-2.370895229016161 4.198043828780724 1.312592454401093
-2.838782382637712 4.021209445894906 1.241974127411646
-3.249999048116556 3.836423834201669 1.165016907764112
-3.609137700232152 3.651741349307405 1.084351011014076
-3.922326318653256 3.472548595772276 1.001903442600421
3.759058398925809 3.803431769570801 0.8683339421797105
3.405653453800762 4.02016427936009 0.924214816746709
2.992044657049276 4.238309463611117 0.9794325569673732
2.512190589221793 4.448229542466918 1.031828306753636
1.96402071674766 4.63681113566058 1.078437579234594
1.352157386607597 4.78841570299486 1.11567577530055
0.6900534985342853 4.887394087426638 1.139904706490763
3.404135399504909e-16 4.921875000000001 1.148333102527448
-0.6900534985342845 4.887394087426638 1.139904706490763
-1.352157386607596 4.78841570299486 1.11567577530055
-1.964020716747659 4.63681113566058 1.078437579234595
-2.512190589221793 4.448229542466918 1.031828306753637
-2.992044657049276 4.238309463611117 0.9794325569673741
-3.405653453800761 4.020164279360091 0.924214816746709
-3.759058398925808 3.803431769570801 0.8683339421797109
-4.059993457507043 3.594429283627653 0.8132079362355555
3.904932324660313 3.95102764721111 0.6460258250783646
3.558000000000001 4.200000000000001 0.6729254027684175
3.142893714218858 4.451991096026712 0.7018168990010647
2.651976621314752 4.69574275274956 0.731356957543988
2.082162008619163 4.915728182237485 0.7593607819599923
1.438236256465456 5.093248125762994 0.7828877479617922
0.7355259761140068 5.209458852746756 0.7987383905918635
3.631077759471903e-16 5.250000000000001 0.8043515976926647
-0.7355259761140061 5.209458852746756 0.7987383905918635
-1.438236256465455 5.093248125762994 0.7828877479617926
-2.082162008619163 4.915728182237485 0.7593607819599923
-2.651976621314751 4.69574275274956 0.731356957543988
-3.142893714218857 4.451991096026712 0.7018168990010651
-3.558 4.200000000000003 0.6729254027684171
-3.904932324660312 3.95102764721111 0.6460258250783655
-4.193143212436227 3.712310601229375 0.6217716103866278
-3.178338208056296 2.462140159065534 2.050775140702714
-3.211513752030372 2.13243429993585 2.175625956335674
-3.243468896942798 1.794710340319319 2.282289482573109
-3.272981142493233 1.448832293262182 2.370400041325459
-3.29854351420382 1.095110884247685 2.439542878215602
-3.318487970550333 0.7344882734143872 2.489302848837486
-3.331233959118172 0.3686546856106744 2.519322159753582
-3.335625 3.616535078732027e-16 2.529357403534724
-3.331233959118172 -0.3686546856106737 2.519322159753582
-3.318487970550333 -0.7344882734143863 2.489302848837486
-3.298543514203821 -1.095110884247685 2.439542878215602
-3.272981142493234 -1.448832293262182 2.370400041325458
-3.243468896942798 -1.794710340319318 2.282289482573109
-3.211513752030373 -2.132434299935849 2.175625956335675
-3.178338208056297 -2.462140159065533 2.050775140702714
-3.14485740932717 -2.784232950922031 1.908017816828823
-3.38215053648891 2.620025974198303 1.861449988049681
-3.449345163695106 2.290353555151683 1.977052383605504
-3.514657778224696 1.944767425767249 2.077364771352328
-3.575490947121106 1.582742619931351 2.161401313146118
-3.628580484398104 1.204682601797432 2.228146864402751
-3.67025888063628 0.8123465060430223 2.276643643961805
-3.697012152769733 0.4091339334325693 2.306096308968764
-3.70625 4.018372309702253e-16 2.315975806214738
-3.697012152769734 -0.4091339334325685 2.306096308968764
-3.67025888063628 -0.8123465060430214 2.276643643961805
-3.628580484398104 -1.204682601797431 2.228146864402751
-3.575490947121107 -1.58274261993135 2.161401313146117
-3.514657778224696 -1.944767425767248 2.077364771352328
-3.449345163695106 -2.290353555151682 1.977052383605504
-3.382150536488911 -2.620025974198303 1.86144998804968
-3.314970776643438 -2.934839220468473 1.731454339568707
-3.577757609797739 2.771555483981175 1.666082464609284
-3.679627633821007 2.443260338645904 1.768377661975403
-3.779460295667553 2.091290741173552 1.858287129286731
-3.873161745865259 1.714510890876275 1.934461867319127
-3.955494377546624 1.313217463034557 1.995533671162976
-4.02049218615361 0.8898644172557534 2.040229653123868
-4.062380804563531 0.4495678588524141 2.067506784119762
-4.076875 4.420209540672479e-16 2.076678964343673
-4.062380804563531 -0.4495678588524134 2.067506784119762
-4.02049218615361 -0.8898644172557527 2.040229653123868
-3.955494377546625 -1.313217463034556 1.995533671162975
-3.873161745865259 -1.714510890876274 1.934461867319128
-3.779460295667553 -2.091290741173551 1.858287129286732
-3.679627633821007 -2.443260338645904 1.768377661975403
-3.57775760979774 -2.771555483981175 1.666082464609284
-3.476770681969119 -3.078085342384126 1.552651565861002
-3.766194837133092 2.917530781295135 1.464687266847854
-3.903257772634558 2.59174999658492 1.549601628125638
-4.038589458405673 2.234674816255247 1.62491949717705
-4.166502003334716 1.844362185287291 1.689206732830934
-4.279595616115255 1.420818527694252 1.741035239523476
-4.369333915319339 0.9670743278004446 1.779108653244215
-4.427377652240224 0.489960638158962 1.802394669751802
-4.447500000000001 4.822046771642703e-16 1.810232278079066
-4.427377652240224 -0.4899606381589612 1.802394669751803
-4.369333915319339 -0.9670743278004436 1.779108653244215
-4.279595616115255 -1.420818527694251 1.741035239523476
-4.166502003334716 -1.84436218528729 1.689206732830934
-4.038589458405673 -2.234674816255247 1.624919497177051
-3.903257772634559 -2.591749996584918 1.549601628125639
-3.766194837133094 -2.917530781295134 1.464687266847853
-3.631368543676062 -3.214955287402921 1.37152207013336
-3.948292472213888 3.058595032754225 1.257230185504156
-4.120960396091181 2.736303804318553 1.320638835964502
-4.292626136796117 2.375241064310669 1.37700725049616
-4.455928894003676 1.972481171460313 1.425112420260725
-4.601140441117822 1.527570867360998 1.463804505358023
-4.716905177085632 1.044003042989021 1.492121663189313
-4.792034087508221 0.5303157453502982 1.50937416629016
-4.818125000000001 5.22388400261293e-16 1.515166833429691
-4.792034087508221 -0.5303157453502971 1.50937416629016
-4.716905177085632 -1.04400304298902 1.492121663189313
-4.601140441117823 -1.527570867360996 1.463804505358022
-4.455928894003677 -1.972481171460312 1.425112420260725
-4.292626136796118 -2.375241064310667 1.37700725049616
-4.120960396091181 -2.736303804318552 1.320638835964503
-3.94829247221389 -3.058595032754225 1.257230185504155
-3.779648214450653 -3.346231555795265 1.187972585556874
-4.124728800265316 3.19527368064398 1.043633637073735
-4.333332064155409 2.877317875651252 1.081324460334728
-4.54205181222034 2.513255903684316 1.114178683984056
-4.741790458032322 2.099021914390363 1.141497075811397
-4.920343820812582 1.633545851134026 1.162792255551555
-5.063308011843107 1.120673147646557 1.177866477976663
-5.156376631981099 0.5706361154700834 1.186786197930063
-5.188750000000001 5.625721233583155e-16 1.189729327626407
-5.156376631981099 -0.5706361154700824 1.186786197930063
-5.063308011843107 -1.120673147646556 1.177866477976663
-4.920343820812582 -1.633545851134025 1.162792255551555
-4.741790458032322 -2.099021914390362 1.141497075811398
-4.542051812220341 -2.513255903684315 1.114178683984056
-4.333332064155409 -2.87731787565125 1.081324460334728
-4.124728800265317 -3.195273680643979 1.043633637073735
-3.922326318653257 -3.472548595772275 1.001903442600421
-4.296066741629494 3.328002798374452 0.8237797883833156
-4.540871271734349 3.015123209520067 0.8314162692214717
-4.787271451278841 2.648943414756948 0.8359402058571113
-5.024381178443585 2.22411477123346 0.8375034836165018
-5.237388577993759 1.738804175872718 0.8367141630465667
-5.408629546430385 1.197103925748716 0.834648258068952
-5.520427988274278 0.6109242609283294 0.8326364648628881
-5.559375000000001 6.02755846455338e-16 0.831815412143579
-5.520427988274279 -0.6109242609283283 0.8326364648628881
-5.408629546430385 -1.197103925748715 0.834648258068952
-5.23738857799376 -1.738804175872717 0.8367141630465658
-5.024381178443585 -2.224114771233459 0.8375034836165027
-4.787271451278841 -2.648943414756948 0.8359402058571117
-4.54087127173435 -3.015123209520066 0.8314162692214717
-4.296066741629495 -3.328002798374451 0.8237797883833151
-4.059993457507045 -3.594429283627652 0.8132079362355551
-4.462779799611786 3.457149191309721 0.597511894827742
-4.744000000000002 3.15 0.5705933430614869
-5.028629942750173 2.782494435016696 0.5416663764865426
-5.303953242629502 2.347871376374781 0.5120738781566034
-5.552432022984434 1.843398068339057 0.4840052296579547
-5.752945025861819 1.273312031440749 0.4604124250952659
-5.88420780891205 0.6511823565933441 0.44451156430071
-5.930000000000001 6.429395695523605e-16 0.4388794415106196
-5.884207808912051 -0.651182356593343 0.4445115643007091
-5.752945025861819 -1.273312031440748 0.4604124250952664
-5.552432022984435 -1.843398068339056 0.4840052296579538
-5.303953242629503 -2.347871376374779 0.5120738781566034
-5.028629942750173 -2.782494435016695 0.541666376486543
-4.744000000000002 -3.149999999999999 0.5705933430614865
-4.462779799611787 -3.45714919130972 0.5975118948277411
-4.193143212436228 -3.712310601229375 0.6217716103866278
-2.78104593204926 -2.813874467503466 2.074038302393173
-2.40863531402278 -2.8432457332478 2.219737095054887
-2.027168060589248 -2.871536544510909 2.34468829489892
-1.636490571246618 -2.897664586524364 2.448324305903865
-1.236953817826433 -2.92029569132716 2.529978383780203
-0.8296219926375841 -2.937953093657546 2.588956147738765
-0.4164042448897729 -2.949237484885396 2.624635879963672
-6.127443719108834e-16 -2.953125 2.63658160011918
0.4164042448897717 -2.949237484885396 2.624635879963672
0.8296219926375827 -2.937953093657546 2.588956147738765
1.236953817826432 -2.920295691327161 2.529978383780203
1.636490571246616 -2.897664586524364 2.448324305903865
2.027168060589247 -2.87153654451091 2.344688294898919
2.408635314022778 -2.843245733247801 2.219737095054887
2.781045932049257 -2.813874467503468 2.074038302393174
-2.959381719427797 -2.994315399083774 1.887980065253598
-2.587008872771329 -3.053804740202243 2.028313385281224
-2.196661111390434 -3.111627881227598 2.151182428381641
-1.787745473560554 -3.1654852398627 2.255095227214524
-1.360717681649289 -3.212486938126483 2.338406727258619
-0.917564720159071 -3.249386024172086 2.39945530840928
-0.4621265190962182 -3.273071467460556 2.436773001393238
-6.808270799009816e-16 -3.28125 2.44933537827222
0.4621265190962169 -3.273071467460556 2.436773001393239
0.9175647201590696 -3.249386024172086 2.39945530840928
1.360717681649288 -3.212486938126483 2.338406727258619
1.787745473560553 -3.1654852398627 2.255095227214525
2.196661111390433 -3.111627881227599 2.151182428381641
2.587008872771328 -3.053804740202244 2.028313385281224
2.959381719427795 -2.994315399083776 1.887980065253598
-3.130537908573023 -3.167491981692771 1.695990300238183
-2.759720725365755 -3.257680451527873 1.827167074843712
-2.36216268479222 -3.346065185877683 1.9443363286486
-1.93658087293263 -3.429021781752547 2.045312483935993
-1.483310391579985 -3.501913234758816 2.127649425423003
-1.005123046538404 -3.559457669023011 2.188835128824174
-0.5077976005704432 -3.596542870819315 2.226616352491076
-7.489097878910799e-16 -3.609375 2.239402483668457
0.5077976005704418 -3.596542870819315 2.226616352491076
1.005123046538402 -3.559457669023011 2.188835128824174
1.483310391579983 -3.501913234758816 2.127649425423003
1.936580872932629 -3.429021781752548 2.045312483935992
2.362162684792219 -3.346065185877684 1.9443363286486
2.759720725365754 -3.257680451527873 1.827167074843712
3.13053790857302 -3.167491981692773 1.695990300238183
-3.295420482491457 -3.334320892908725 1.498084361937727
-2.927443329475919 -3.455666662113225 1.616300933429538
-2.524118411503545 -3.575479706008396 1.724026672529864
-2.083251001667359 -3.68872437057458 1.818639585041932
-1.604848356043221 -3.78884940718467 1.897115719196816
-1.092333478829836 -3.868297311201775 1.956265804728735
-0.5534222065300298 -3.919685105271699 1.99316645939506
-8.16992495881178e-16 -3.9375 2.005722157002095
0.5534222065300283 -3.919685105271699 1.99316645939506
1.092333478829834 -3.868297311201775 1.956265804728735
1.60484835604322 -3.78884940718467 1.897115719196816
2.083251001667358 -3.68872437057458 1.818639585041933
2.524118411503543 -3.575479706008396 1.724026672529864
2.927443329475917 -3.455666662113226 1.616300933429538
3.295420482491453 -3.334320892908727 1.498084361937728
-3.454755913187154 -3.495537180290542 1.29422963906556
-3.090720297068386 -3.648405072424738 1.395635908206537
-2.682891335497573 -3.80038570289707 1.490020138865001
-2.227964447001839 -3.944962342920623 1.574604766537337
-1.725427665419184 -4.073522312962659 1.646056004897985
-1.179226294271409 -4.176012171956082 1.700738049225303
-0.5990042609385297 -4.242525962802389 1.735229773920699
-8.850752038712764e-16 -4.265625000000001 1.747034246212287
0.5990042609385279 -4.242525962802389 1.735229773920699
1.179226294271408 -4.176012171956082 1.700738049225303
1.725427665419183 -4.07352231296266 1.646056004897985
2.227964447001837 -3.944962342920625 1.574604766537336
2.682891335497571 -3.800385702897071 1.490020138865001
3.090720297068384 -3.648405072424739 1.395635908206537
3.454755913187151 -3.495537180290545 1.29422963906556
-3.609137700232153 -3.651741349307405 1.084351011014075
-3.249999048116557 -3.836423834201668 1.165016907764112
-2.838782382637712 -4.021209445894907 1.241974127411645
-2.370895229016162 -4.198043828780724 1.312592454401092
-1.845128932804719 -4.356122269690735 1.373541865095984
-1.265827002960778 -4.482692590586225 1.421032095632852
-0.6445470789976396 -4.56508892376067 1.451379697423145
-9.531579118613744e-16 -4.593750000000001 1.461837317826071
0.6445470789976377 -4.56508892376067 1.451379697423146
1.265827002960776 -4.482692590586225 1.421032095632853
1.845128932804717 -4.356122269690735 1.373541865095984
2.370895229016161 -4.198043828780724 1.312592454401093
2.83878238263771 -4.021209445894907 1.241974127411646
3.249999048116555 -3.836423834201669 1.165016907764112
3.60913770023215 -3.651741349307408 1.084351011014075
-3.759058398925809 -3.803431769570801 0.86833394217971
-3.405653453800762 -4.02016427936009 0.924214816746709
-2.992044657049275 -4.238309463611117 0.9794325569673745
-2.512190589221794 -4.448229542466917 1.031828306753636
-1.964020716747661 -4.636811135660579 1.078437579234595
-1.352157386607598 -4.78841570299486 1.115675775300549
-0.6900534985342871 -4.887394087426638 1.139904706490762
-1.021240619851473e-15 -4.921875000000001 1.148333102527448
0.6900534985342852 -4.887394087426638 1.139904706490763
1.352157386607596 -4.78841570299486 1.11567577530055
1.964020716747659 -4.63681113566058 1.078437579234595
2.512190589221792 -4.448229542466918 1.031828306753637
2.992044657049273 -4.238309463611118 0.9794325569673736
3.40565345380076 -4.020164279360091 0.9242148167467095
3.759058398925805 -3.803431769570803 0.8683339421797109
-3.904932324660314 -3.951027647211109 0.6460258250783655
-3.558000000000001 -4.200000000000001 0.6729254027684175
-3.142893714218857 -4.451991096026714 0.7018168990010634
-2.651976621314752 -4.695742752749559 0.731356957543988
-2.082162008619164 -4.915728182237484 0.7593607819599932
-1.438236256465456 -5.093248125762994 0.7828877479617922
-0.7355259761140088 -5.209458852746756 0.798738390591863
-1.089323327841571e-15 -5.250000000000001 0.8043515976926647
0.7355259761140067 -5.209458852746756 0.7987383905918635
1.438236256465454 -5.093248125762994 0.7828877479617931
2.082162008619162 -4.915728182237485 0.7593607819599928
2.65197662131475 -4.695742752749561 0.7313569575439871
3.142893714218855 -4.451991096026715 0.7018168990010638
3.557999999999999 -4.200000000000003 0.6729254027684171
3.90493232466031 -3.951027647211112 0.6460258250783655
$EndNodes
$Elements
4 4032 1 4032
2 1 3 768
2305 1 18 19 2 
2306 2 19 20 3 
2307 3 20 21 4 
2308 4 21 22 5 
2309 5 22 23 6 
2310 6 23 24 7 
2311 7 24 25 8 
2312 8 25 26 9 
2313 9 26 27 10 
2314 10 27 28 11 
2315 11 28 29 12 
2316 12 29 30 13 
2317 13 30 31 14 
2318 14 31 32 15 
2319 15 32 33 16 
2320 16 33 34 17 
2321 18 35 36 19 
2322 19 36 37 20 
2323 20 37 38 21 
2324 21 38 39 22 
2325 22 39 40 23 
2326 23 40 41 24 
2327 24 41 42 25 
2328 25 42 43 26 
2329 26 43 44 27 
2330 27 44 45 28 
2331 28 45 46 29 
2332 29 46 47 30 
2333 30 47 48 31 
2334 31 48 49 32 
2335 32 49 50 33 
2336 33 50 51 34 
2337 35 52 53 36 
2338 36 53 54 37 
2339 37 54 55 38 
2340 38 55 56 39 
2341 39 56 57 40 
2342 40 57 58 41 
2343 41 58 59 42 
2344 42 59 60 43 
2345 43 60 61 44 
2346 44 61 62 45 
2347 45 62 63 46 
2348 46 63 64 47 
2349 47 64 65 48 
2350 48 65 66 49 
2351 49 66 67 50 
2352 50 67 68 51 
2353 52 69 70 53 
2354 53 70 71 54 
2355 54 71 72 55 
2356 55 72 73 56 
2357 56 73 74 57 
2358 57 74 75 58 
2359 58 75 76 59 
2360 59 76 77 60 
2361 60 77 78 61 
2362 61 78 79 62 
2363 62 79 80 63 
2364 63 80 81 64 
2365 64 81 82 65 
2366 65 82 83 66 
2367 66 83 84 67 
2368 67 84 85 68 
2369 69 86 87 70 
2370 70 87 88 71 
2371 71 88 89 72 
2372 72 89 90 73 
2373 73 90 91 74 
2374 74 91 92 75 
2375 75 92 93 76 
2376 76 93 94 77 
2377 77 94 95 78 
2378 78 95 96 79 
2379 79 96 97 80 
2380 80 97 98 81 
2381 81 98 99 82 
2382 82 99 100 83 
2383 83 100 101 84 
2384 84 101 102 85 
2385 86 103 104 87 
2386 87 104 105 88 
2387 88 105 106 89 
2388 89 106 107 90 
2389 90 107 108 91 
2390 91 108 109 92 
2391 92 109 110 93 
2392 93 110 111 94 
2393 94 111 112 95 
2394 95 112 113 96 
2395 96 113 114 97 
2396 97 114 115 98 
2397 98 115 116 99 
2398 99 116 117 100 
2399 100 117 118 101 
2400 101 118 119 102 
2401 103 120 121 104 
2402 104 121 122 105 
2403 105 122 123 106 
2404 106 123 124 107 
2405 107 124 125 108 
2406 108 125 126 109 
2407 109 126 127 110 
2408 110 127 128 111 
2409 111 128 129 112 
2410 112 129 130 113 
2411 113 130 131 114 
2412 114 131 132 115 
2413 115 132 133 116 
2414 116 133 134 117 
2415 117 134 135 118 
2416 118 135 136 119 
2417 120 137 138 121 
2418 121 138 139 122 
2419 122 139 140 123 
2420 123 140 141 124 
2421 124 141 142 125 
2422 125 142 143 126 
2423 126 143 144 127 
2424 127 144 145 128 
2425 128 145 146 129 
2426 129 146 147 130 
2427 130 147 148 131 
2428 131 148 149 132 
2429 132 149 150 133 
2430 133 150 151 134 
2431 134 151 152 135 
2432 135 152 153 136 
2433 137 154 155 138 
2434 138 155 156 139 
2435 139 156 157 140 
2436 140 157 158 141 
2437 141 158 159 142 
2438 142 159 160 143 
2439 143 160 161 144 
2440 144 161 162 145 
2441 145 162 163 146 
2442 146 163 164 147 
2443 147 164 165 148 
2444 148 165 166 149 
2445 149 166 167 150 
2446 150 167 168 151 
2447 151 168 169 152 
2448 152 169 170 153 
2449 154 171 172 155 
2450 155 172 173 156 
2451 156 173 174 157 
2452 157 174 175 158 
2453 158 175 176 159 
2454 159 176 177 160 
2455 160 177 178 161 
2456 161 178 179 162 
2457 162 179 180 163 
2458 163 180 181 164 
2459 164 181 182 165 
2460 165 182 183 166 
2461 166 183 184 167 
2462 167 184 185 168 
2463 168 185 186 169 
2464 169 186 187 170 
2465 171 188 189 172 
2466 172 189 190 173 
2467 173 190 191 174 
2468 174 191 192 175 
2469 175 192 193 176 
2470 176 193 194 177 
2471 177 194 195 178 
2472 178 195 196 179 
2473 179 196 197 180 
2474 180 197 198 181 
2475 181 198 199 182 
2476 182 199 200 183 
2477 183 200 201 184 
2478 184 201 202 185 
2479 185 202 203 186 
2480 186 203 204 187 
2481 188 205 206 189 
2482 189 206 207 190 
2483 190 207 208 191 
2484 191 208 209 192 
2485 192 209 210 193 
2486 193 210 211 194 
2487 194 211 212 195 
2488 195 212 213 196 
2489 196 213 214 197 
2490 197 214 215 198 
2491 198 215 216 199 
2492 199 216 217 200 
2493 200 217 218 201 
2494 201 218 219 202 
2495 202 219 220 203 
2496 203 220 221 204 
2497 205 222 223 206 
2498 206 223 224 207 
2499 207 224 225 208 
2500 208 225 226 209 
2501 209 226 227 210 
2502 210 227 228 211 
2503 211 228 229 212 
2504 212 229 230 213 
2505 213 230 231 214 
2506 214 231 232 215 
2507 215 232 233 216 
2508 216 233 234 217 
2509 217 234 235 218 
2510 218 235 236 219 
2511 219 236 237 220 
2512 220 237 238 221 
2513 222 239 240 223 
2514 223 240 241 224 
2515 224 241 242 225 
2516 225 242 243 226 
2517 226 243 244 227 
2518 227 244 245 228 
2519 228 245 246 229 
2520 229 246 247 230 
2521 230 247 248 231 
2522 231 248 249 232 
2523 232 249 250 233 
2524 233 250 251 234 
2525 234 251 252 235 
2526 235 252 253 236 
2527 236 253 254 237 
2528 237 254 255 238 
2529 239 256 257 240 
2530 240 257 258 241 
2531 241 258 259 242 
2532 242 259 260 243 
2533 243 260 261 244 
2534 244 261 262 245 
2535 245 262 263 246 
2536 246 263 264 247 
2537 247 264 265 248 
2538 248 265 266 249 
2539 249 266 267 250 
2540 250 267 268 251 
2541 251 268 269 252 
2542 252 269 270 253 
2543 253 270 271 254 
2544 254 271 272 255 
2545 256 273 274 257 
2546 257 274 275 258 
2547 258 275 276 259 
2548 259 276 277 260 
2549 260 277 278 261 
2550 261 278 279 262 
2551 262 279 280 263 
2552 263 280 281 264 
2553 264 281 282 265 
2554 265 282 283 266 
2555 266 283 284 267 
2556 267 284 285 268 
2557 268 285 286 269 
2558 269 286 287 270 
2559 270 287 288 271 
2560 271 288 289 272 
2561 273 290 291 274 
2562 274 291 292 275 
2563 275 292 293 276 
2564 276 293 294 277 
2565 277 294 295 278 
2566 278 295 296 279 
2567 279 296 297 280 
2568 280 297 298 281 
2569 281 298 299 282 
2570 282 299 300 283 
2571 283 300 301 284 
2572 284 301 302 285 
2573 285 302 303 286 
2574 286 303 304 287 
2575 287 304 305 288 
2576 288 305 306 289 
2577 290 307 308 291 
2578 291 308 309 292 
2579 292 309 310 293 
2580 293 310 311 294 
2581 294 311 312 295 
2582 295 312 313 296 
2583 296 313 314 297 
2584 297 314 315 298 
2585 298 315 316 299 
2586 299 316 317 300 
2587 300 317 318 301 
2588 301 318 319 302 
2589 302 319 320 303 
2590 303 320 321 304 
2591 304 321 322 305 
2592 305 322 323 306 
2593 307 324 325 308 
2594 308 325 326 309 
2595 309 326 327 310 
2596 310 327 328 311 
2597 311 328 329 312 
2598 312 329 330 313 
2599 313 330 331 314 
2600 314 331 332 315 
2601 315 332 333 316 
2602 316 333 334 317 
2603 317 334 335 318 
2604 318 335 336 319 
2605 319 336 337 320 
2606 320 337 338 321 
2607 321 338 339 322 
2608 322 339 340 323 
2609 324 341 342 325 
2610 325 342 343 326 
2611 326 343 344 327 
2612 327 344 345 328 
2613 328 345 346 329 
2614 329 346 347 330 
2615 330 347 348 331 
2616 331 348 349 332 
2617 332 349 350 333 
2618 333 350 351 334 
2619 334 351 352 335 
2620 335 352 353 336 
2621 336 353 354 337 
2622 337 354 355 338 
2623 338 355 356 339 
2624 339 356 357 340 
2625 341 358 359 342 
2626 342 359 360 343 
2627 343 360 361 344 
2628 344 361 362 345 
2629 345 362 363 346 
2630 346 363 364 347 
2631 347 364 365 348 
2632 348 365 366 349 
2633 349 366 367 350 
2634 350 367 368 351 
2635 351 368 369 352 
2636 352 369 370 353 
2637 353 370 371 354 
2638 354 371 372 355 
2639 355 372 373 356 
2640 356 373 374 357 
2641 358 375 376 359 
2642 359 376 377 360 
2643 360 377 378 361 
2644 361 378 379 362 
2645 362 379 380 363 
2646 363 380 381 364 
2647 364 381 382 365 
2648 365 382 383 366 
2649 366 383 384 367 
2650 367 384 385 368 
2651 368 385 386 369 
2652 369 386 387 370 
2653 370 387 388 371 
2654 371 388 389 372 
2655 372 389 390 373 
2656 373 390 391 374 
2657 375 392 393 376 
2658 376 393 394 377 
2659 377 394 395 378 
2660 378 395 396 379 
2661 379 396 397 380 
2662 380 397 398 381 
2663 381 398 399 382 
2664 382 399 400 383 
2665 383 400 401 384 
2666 384 401 402 385 
2667 385 402 403 386 
2668 386 403 404 387 
2669 387 404 405 388 
2670 388 405 406 389 
2671 389 406 407 390 
2672 390 407 408 391 
2673 392 409 410 393 
2674 393 410 411 394 
2675 394 411 412 395 
2676 395 412 413 396 
2677 396 413 414 397 
2678 397 414 415 398 
2679 398 415 416 399 
2680 399 416 417 400 
2681 400 417 418 401 
2682 401 418 419 402 
2683 402 419 420 403 
2684 403 420 421 404 
2685 404 421 422 405 
2686 405 422 423 406 
2687 406 423 424 407 
2688 407 424 425 408 
2689 289 306 426 272 
2690 272 426 427 255 
2691 255 427 428 238 
2692 238 428 429 221 
2693 221 429 430 204 
2694 204 430 431 187 
2695 187 431 432 170 
2696 170 432 433 153 
2697 153 433 434 136 
2698 136 434 435 119 
2699 119 435 436 102 
2700 102 436 437 85 
2701 85 437 438 68 
2702 68 438 439 51 
2703 51 439 440 34 
2704 34 440 441 17 
2705 306 323 442 426 
2706 426 442 443 427 
2707 427 443 444 428 
2708 428 444 445 429 
2709 429 445 446 430 
2710 430 446 447 431 
2711 431 447 448 432 
2712 432 448 449 433 
2713 433 449 450 434 
2714 434 450 451 435 
2715 435 451 452 436 
2716 436 452 453 437 
2717 437 453 454 438 
2718 438 454 455 439 
2719 439 455 456 440 
2720 440 456 457 441 
2721 323 340 458 442 
2722 442 458 459 443 
2723 443 459 460 444 
2724 444 460 461 445 
2725 445 461 462 446 
2726 446 462 463 447 
2727 447 463 464 448 
2728 448 464 465 449 
2729 449 465 466 450 
2730 450 466 467 451 
2731 451 467 468 452 
2732 452 468 469 453 
2733 453 469 470 454 
2734 454 470 471 455 
2735 455 471 472 456 
2736 456 472 473 457 
2737 340 357 474 458 
2738 458 474 475 459 
2739 459 475 476 460 
2740 460 476 477 461 
2741 461 477 478 462 
2742 462 478 479 463 
2743 463 479 480 464 
2744 464 480 481 465 
2745 465 481 482 466 
2746 466 482 483 467 
2747 467 483 484 468 
2748 468 484 485 469 
2749 469 485 486 470 
2750 470 486 487 471 
2751 471 487 488 472 
2752 472 488 489 473 
2753 357 374 490 474 
2754 474 490 491 475 
2755 475 491 492 476 
2756 476 492 493 477 
2757 477 493 494 478 
2758 478 494 495 479 
2759 479 495 496 480 
2760 480 496 497 481 
2761 481 497 498 482 
2762 482 498 499 483 
2763 483 499 500 484 
2764 484 500 501 485 
2765 485 501 502 486 
2766 486 502 503 487 
2767 487 503 504 488 
2768 488 504 505 489 
2769 374 391 506 490 
2770 490 506 507 491 
2771 491 507 508 492 
2772 492 508 509 493 
2773 493 509 510 494 
2774 494 510 511 495 
2775 495 511 512 496 
2776 496 512 513 497 
2777 497 513 514 498 
2778 498 514 515 499 
2779 499 515 516 500 
2780 500 516 517 501 
2781 501 517 518 502 
2782 502 518 519 503 
2783 503 519 520 504 
2784 504 520 521 505 
2785 391 408 522 506 
2786 506 522 523 507 
2787 507 523 524 508 
2788 508 524 525 509 
2789 509 525 526 510 
2790 510 526 527 511 
2791 511 527 528 512 
2792 512 528 529 513 
2793 513 529 530 514 
2794 514 530 531 515 
2795 515 531 532 516 
2796 516 532 533 517 
2797 517 533 534 518 
2798 518 534 535 519 
2799 519 535 536 520 
2800 520 536 537 521 
2801 408 425 538 522 
2802 522 538 539 523 
2803 523 539 540 524 
2804 524 540 541 525 
2805 525 541 542 526 
2806 526 542 543 527 
2807 527 543 544 528 
2808 528 544 545 529 
2809 529 545 546 530 
2810 530 546 547 531 
2811 531 547 548 532 
2812 532 548 549 533 
2813 533 549 550 534 
2814 534 550 551 535 
2815 535 551 552 536 
2816 536 552 553 537 
2817 17 441 554 16 
2818 16 554 555 15 
2819 15 555 556 14 
2820 14 556 557 13 
2821 13 557 558 12 
2822 12 558 559 11 
2823 11 559 560 10 
2824 10 560 561 9 
2825 9 561 562 8 
2826 8 562 563 7 
2827 7 563 564 6 
2828 6 564 565 5 
2829 5 565 566 4 
2830 4 566 567 3 
2831 3 567 568 2 
2832 2 568 569 1 
2833 441 457 570 554 
2834 554 570 571 555 
2835 555 571 572 556 
2836 556 572 573 557 
2837 557 573 574 558 
2838 558 574 575 559 
2839 559 575 576 560 
2840 560 576 577 561 
2841 561 577 578 562 
2842 562 578 579 563 
2843 563 579 580 564 
2844 564 580 581 565 
2845 565 581 582 566 
2846 566 582 583 567 
2847 567 583 584 568 
2848 568 584 585 569 
2849 457 473 586 570 
2850 570 586 587 571 
2851 571 587 588 572 
2852 572 588 589 573 
2853 573 589 590 574 
2854 574 590 591 575 
2855 575 591 592 576 
2856 576 592 593 577 
2857 577 593 594 578 
2858 578 594 595 579 
2859 579 595 596 580 
2860 580 596 597 581 
2861 581 597 598 582 
2862 582 598 599 583 
2863 583 599 600 584 
2864 584 600 601 585 
2865 473 489 602 586 
2866 586 602 603 587 
2867 587 603 604 588 
2868 588 604 605 589 
2869 589 605 606 590 
2870 590 606 607 591 
2871 591 607 608 592 
2872 592 608 609 593 
2873 593 609 610 594 
2874 594 610 611 595 
2875 595 611 612 596 
2876 596 612 613 597 
2877 597 613 614 598 
2878 598 614 615 599 
2879 599 615 616 600 
2880 600 616 617 601 
2881 489 505 618 602 
2882 602 618 619 603 
2883 603 619 620 604 
2884 604 620 621 605 
2885 605 621 622 606 
2886 606 622 623 607 
2887 607 623 624 608 
2888 608 624 625 609 
2889 609 625 626 610 
2890 610 626 627 611 
2891 611 627 628 612 
2892 612 628 629 613 
2893 613 629 630 614 
2894 614 630 631 615 
2895 615 631 632 616 
2896 616 632 633 617 
2897 505 521 634 618 
2898 618 634 635 619 
2899 619 635 636 620 
2900 620 636 637 621 
2901 621 637 638 622 
2902 622 638 639 623 
2903 623 639 640 624 
2904 624 640 641 625 
2905 625 641 642 626 
2906 626 642 643 627 
2907 627 643 644 628 
2908 628 644 645 629 
2909 629 645 646 630 
2910 630 646 647 631 
2911 631 647 648 632 
2912 632 648 649 633 
2913 521 537 650 634 
2914 634 650 651 635 
2915 635 651 652 636 
2916 636 652 653 637 
2917 637 653 654 638 
2918 638 654 655 639 
2919 639 655 656 640 
2920 640 656 657 641 
2921 641 657 658 642 
2922 642 658 659 643 
2923 643 659 660 644 
2924 644 660 661 645 
2925 645 661 662 646 
2926 646 662 663 647 
2927 647 663 664 648 
2928 648 664 665 649 
2929 537 553 666 650 
2930 650 666 667 651 
2931 651 667 668 652 
2932 652 668 669 653 
2933 653 669 670 654 
2934 654 670 671 655 
2935 655 671 672 656 
2936 656 672 673 657 
2937 657 673 674 658 
2938 658 674 675 659 
2939 659 675 676 660 
2940 660 676 677 661 
2941 661 677 678 662 
2942 662 678 679 663 
2943 663 679 680 664 
2944 664 680 681 665 
2945 1 569 682 18 
2946 18 682 683 35 
2947 35 683 684 52 
2948 52 684 685 69 
2949 69 685 686 86 
2950 86 686 687 103 
2951 103 687 688 120 
2952 120 688 689 137 
2953 137 689 690 154 
2954 154 690 691 171 
2955 171 691 692 188 
2956 188 692 693 205 
2957 205 693 694 222 
2958 222 694 695 239 
2959 239 695 696 256 
2960 256 696 290 273 
2961 569 585 697 682 
2962 682 697 698 683 
2963 683 698 699 684 
2964 684 699 700 685 
2965 685 700 701 686 
2966 686 701 702 687 
2967 687 702 703 688 
2968 688 703 704 689 
2969 689 704 705 690 
2970 690 705 706 691 
2971 691 706 707 692 
2972 692 707 708 693 
2973 693 708 709 694 
2974 694 709 710 695 
2975 695 710 711 696 
2976 696 711 307 290 
2977 585 601 712 697 
2978 697 712 713 698 
2979 698 713 714 699 
2980 699 714 715 700 
2981 700 715 716 701 
2982 701 716 717 702 
2983 702 717 718 703 
2984 703 718 719 704 
2985 704 719 720 705 
2986 705 720 721 706 
2987 706 721 722 707 
2988 707 722 723 708 
2989 708 723 724 709 
2990 709 724 725 710 
2991 710 725 726 711 
2992 711 726 324 307 
2993 601 617 727 712 
2994 712 727 728 713 
2995 713 728 729 714 
2996 714 729 730 715 
2997 715 730 731 716 
2998 716 731 732 717 
2999 717 732 733 718 
3000 718 733 734 719 
3001 719 734 735 720 
3002 720 735 736 721 
3003 721 736 737 722 
3004 722 737 738 723 
3005 723 738 739 724 
3006 724 739 740 725 
3007 725 740 741 726 
3008 726 741 341 324 
3009 617 633 742 727 
3010 727 742 743 728 
3011 728 743 744 729 
3012 729 744 745 730 
3013 730 745 746 731 
3014 731 746 747 732 
3015 732 747 748 733 
3016 733 748 749 734 
3017 734 749 750 735 
3018 735 750 751 736 
3019 736 751 752 737 
3020 737 752 753 738 
3021 738 753 754 739 
3022 739 754 755 740 
3023 740 755 756 741 
3024 741 756 358 341 
3025 633 649 757 742 
3026 742 757 758 743 
3027 743 758 759 744 
3028 744 759 760 745 
3029 745 760 761 746 
3030 746 761 762 747 
3031 747 762 763 748 
3032 748 763 764 749 
3033 749 764 765 750 
3034 750 765 766 751 
3035 751 766 767 752 
3036 752 767 768 753 
3037 753 768 769 754 
3038 754 769 770 755 
3039 755 770 771 756 
3040 756 771 375 358 
3041 649 665 772 757 
3042 757 772 773 758 
3043 758 773 774 759 
3044 759 774 775 760 
3045 760 775 776 761 
3046 761 776 777 762 
3047 762 777 778 763 
3048 763 778 779 764 
3049 764 779 780 765 
3050 765 780 781 766 
3051 766 781 782 767 
3052 767 782 783 768 
3053 768 783 784 769 
3054 769 784 785 770 
3055 770 785 786 771 
3056 771 786 392 375 
3057 665 681 787 772 
3058 772 787 788 773 
3059 773 788 789 774 
3060 774 789 790 775 
3061 775 790 791 776 
3062 776 791 792 777 
3063 777 792 793 778 
3064 778 793 794 779 
3065 779 794 795 780 
3066 780 795 796 781 
3067 781 796 797 782 
3068 782 797 798 783 
3069 783 798 799 784 
3070 784 799 800 785 
3071 785 800 801 786 
3072 786 801 409 392 
2 2 3 768
3073 2404 2421 2422 2405 
3074 2405 2422 2423 2406 
3075 2406 2423 2424 2407 
3076 2407 2424 2425 2408 
3077 2408 2425 2426 2409 
3078 2409 2426 2427 2410 
3079 2410 2427 2428 2411 
3080 2411 2428 2429 2412 
3081 2412 2429 2430 2413 
3082 2413 2430 2431 2414 
3083 2414 2431 2432 2415 
3084 2415 2432 2433 2416 
3085 2416 2433 2434 2417 
3086 2417 2434 2435 2418 
3087 2418 2435 2436 2419 
3088 2419 2436 2437 2420 
3089 2421 2438 2439 2422 
3090 2422 2439 2440 2423 
3091 2423 2440 2441 2424 
3092 2424 2441 2442 2425 
3093 2425 2442 2443 2426 
3094 2426 2443 2444 2427 
3095 2427 2444 2445 2428 
3096 2428 2445 2446 2429 
3097 2429 2446 2447 2430 
3098 2430 2447 2448 2431 
3099 2431 2448 2449 2432 
3100 2432 2449 2450 2433 
3101 2433 2450 2451 2434 
3102 2434 2451 2452 2435 
3103 2435 2452 2453 2436 
3104 2436 2453 2454 2437 
3105 2438 2455 2456 2439 
3106 2439 2456 2457 2440 
3107 2440 2457 2458 2441 
3108 2441 2458 2459 2442 
3109 2442 2459 2460 2443 
3110 2443 2460 2461 2444 
3111 2444 2461 2462 2445 
3112 2445 2462 2463 2446 
3113 2446 2463 2464 2447 
3114 2447 2464 2465 2448 
3115 2448 2465 2466 2449 
3116 2449 2466 2467 2450 
3117 2450 2467 2468 2451 
3118 2451 2468 2469 2452 
3119 2452 2469 2470 2453 
3120 2453 2470 2471 2454 
3121 2455 2472 2473 2456 
3122 2456 2473 2474 2457 
3123 2457 2474 2475 2458 
3124 2458 2475 2476 2459 
3125 2459 2476 2477 2460 
3126 2460 2477 2478 2461 
3127 2461 2478 2479 2462 
3128 2462 2479 2480 2463 
3129 2463 2480 2481 2464 
3130 2464 2481 2482 2465 
3131 2465 2482 2483 2466 
3132 2466 2483 2484 2467 
3133 2467 2484 2485 2468 
3134 2468 2485 2486 2469 
3135 2469 2486 2487 2470 
3136 2470 2487 2488 2471 
3137 2472 2489 2490 2473 
3138 2473 2490 2491 2474 
3139 2474 2491 2492 2475 
3140 2475 2492 2493 2476 
3141 2476 2493 2494 2477 
3142 2477 2494 2495 2478 
3143 2478 2495 2496 2479 
3144 2479 2496 2497 2480 
3145 2480 2497 2498 2481 
3146 2481 2498 2499 2482 
3147 2482 2499 2500 2483 
3148 2483 2500 2501 2484 
3149 2484 2501 2502 2485 
3150 2485 2502 2503 2486 
3151 2486 2503 2504 2487 
3152 2487 2504 2505 2488 
3153 2489 2506 2507 2490 
3154 2490 2507 2508 2491 
3155 2491 2508 2509 2492 
3156 2492 2509 2510 2493 
3157 2493 2510 2511 2494 
3158 2494 2511 2512 2495 
3159 2495 2512 2513 2496 
3160 2496 2513 2514 2497 
3161 2497 2514 2515 2498 
3162 2498 2515 2516 2499 
3163 2499 2516 2517 2500 
3164 2500 2517 2518 2501 
3165 2501 2518 2519 2502 
3166 2502 2519 2520 2503 
3167 2503 2520 2521 2504 
3168 2504 2521 2522 2505 
3169 2506 2523 2524 2507 
3170 2507 2524 2525 2508 
3171 2508 2525 2526 2509 
3172 2509 2526 2527 2510 
3173 2510 2527 2528 2511 
3174 2511 2528 2529 2512 
3175 2512 2529 2530 2513 
3176 2513 2530 2531 2514 
3177 2514 2531 2532 2515 
3178 2515 2532 2533 2516 
3179 2516 2533 2534 2517 
3180 2517 2534 2535 2518 
3181 2518 2535 2536 2519 
3182 2519 2536 2537 2520 
3183 2520 2537 2538 2521 
3184 2521 2538 2539 2522 
3185 2523 2540 2541 2524 
3186 2524 2541 2542 2525 
3187 2525 2542 2543 2526 
3188 2526 2543 2544 2527 
3189 2527 2544 2545 2528 
3190 2528 2545 2546 2529 
3191 2529 2546 2547 2530 
3192 2530 2547 2548 2531 
3193 2531 2548 2549 2532 
3194 2532 2549 2550 2533 
3195 2533 2550 2551 2534 
3196 2534 2551 2552 2535 
3197 2535 2552 2553 2536 
3198 2536 2553 2554 2537 
3199 2537 2554 2555 2538 
3200 2538 2555 2556 2539 
3201 2540 2557 2558 2541 
3202 2541 2558 2559 2542 
3203 2542 2559 2560 2543 
3204 2543 2560 2561 2544 
3205 2544 2561 2562 2545 
3206 2545 2562 2563 2546 
3207 2546 2563 2564 2547 
3208 2547 2564 2565 2548 
3209 2548 2565 2566 2549 
3210 2549 2566 2567 2550 
3211 2550 2567 2568 2551 
3212 2551 2568 2569 2552 
3213 2552 2569 2570 2553 
3214 2553 2570 2571 2554 
3215 2554 2571 2572 2555 
3216 2555 2572 2573 2556 
3217 2557 2574 2575 2558 
3218 2558 2575 2576 2559 
3219 2559 2576 2577 2560 
3220 2560 2577 2578 2561 
3221 2561 2578 2579 2562 
3222 2562 2579 2580 2563 
3223 2563 2580 2581 2564 
3224 2564 2581 2582 2565 
3225 2565 2582 2583 2566 
3226 2566 2583 2584 2567 
3227 2567 2584 2585 2568 
3228 2568 2585 2586 2569 
3229 2569 2586 2587 2570 
3230 2570 2587 2588 2571 
3231 2571 2588 2589 2572 
3232 2572 2589 2590 2573 
3233 2574 2591 2592 2575 
3234 2575 2592 2593 2576 
3235 2576 2593 2594 2577 
3236 2577 2594 2595 2578 
3237 2578 2595 2596 2579 
3238 2579 2596 2597 2580 
3239 2580 2597 2598 2581 
3240 2581 2598 2599 2582 
3241 2582 2599 2600 2583 
3242 2583 2600 2601 2584 
3243 2584 2601 2602 2585 
3244 2585 2602 2603 2586 
3245 2586 2603 2604 2587 
3246 2587 2604 2605 2588 
3247 2588 2605 2606 2589 
3248 2589 2606 2607 2590 
3249 2591 2608 2609 2592 
3250 2592 2609 2610 2593 
3251 2593 2610 2611 2594 
3252 2594 2611 2612 2595 
3253 2595 2612 2613 2596 
3254 2596 2613 2614 2597 
3255 2597 2614 2615 2598 
3256 2598 2615 2616 2599 
3257 2599 2616 2617 2600 
3258 2600 2617 2618 2601 
3259 2601 2618 2619 2602 
3260 2602 2619 2620 2603 
3261 2603 2620 2621 2604 
3262 2604 2621 2622 2605 
3263 2605 2622 2623 2606 
3264 2606 2623 2624 2607 
3265 2608 2625 2626 2609 
3266 2609 2626 2627 2610 
3267 2610 2627 2628 2611 
3268 2611 2628 2629 2612 
3269 2612 2629 2630 2613 
3270 2613 2630 2631 2614 
3271 2614 2631 2632 2615 
3272 2615 2632 2633 2616 
3273 2616 2633 2634 2617 
3274 2617 2634 2635 2618 
3275 2618 2635 2636 2619 
3276 2619 2636 2637 2620 
3277 2620 2637 2638 2621 
3278 2621 2638 2639 2622 
3279 2622 2639 2640 2623 
3280 2623 2640 2641 2624 
3281 2625 2642 2643 2626 
3282 2626 2643 2644 2627 
3283 2627 2644 2645 2628 
3284 2628 2645 2646 2629 
3285 2629 2646 2647 2630 
3286 2630 2647 2648 2631 
3287 2631 2648 2649 2632 
3288 2632 2649 2650 2633 
3289 2633 2650 2651 2634 
3290 2634 2651 2652 2635 
3291 2635 2652 2653 2636 
3292 2636 2653 2654 2637 
3293 2637 2654 2655 2638 
3294 2638 2655 2656 2639 
3295 2639 2656 2657 2640 
3296 2640 2657 2658 2641 
3297 2642 2659 2660 2643 
3298 2643 2660 2661 2644 
3299 2644 2661 2662 2645 
3300 2645 2662 2663 2646 
3301 2646 2663 2664 2647 
3302 2647 2664 2665 2648 
3303 2648 2665 2666 2649 
3304 2649 2666 2667 2650 
3305 2650 2667 2668 2651 
3306 2651 2668 2669 2652 
3307 2652 2669 2670 2653 
3308 2653 2670 2671 2654 
3309 2654 2671 2672 2655 
3310 2655 2672 2673 2656 
3311 2656 2673 2674 2657 
3312 2657 2674 2675 2658 
3313 2659 2676 2677 2660 
3314 2660 2677 2678 2661 
3315 2661 2678 2679 2662 
3316 2662 2679 2680 2663 
3317 2663 2680 2681 2664 
3318 2664 2681 2682 2665 
3319 2665 2682 2683 2666 
3320 2666 2683 2684 2667 
3321 2667 2684 2685 2668 
3322 2668 2685 2686 2669 
3323 2669 2686 2687 2670 
3324 2670 2687 2688 2671 
3325 2671 2688 2689 2672 
3326 2672 2689 2690 2673 
3327 2673 2690 2691 2674 
3328 2674 2691 2692 2675 
3329 2676 2693 2694 2677 
3330 2677 2694 2695 2678 
3331 2678 2695 2696 2679 
3332 2679 2696 2697 2680 
3333 2680 2697 2698 2681 
3334 2681 2698 2699 2682 
3335 2682 2699 2700 2683 
3336 2683 2700 2701 2684 
3337 2684 2701 2702 2685 
3338 2685 2702 2703 2686 
3339 2686 2703 2704 2687 
3340 2687 2704 2705 2688 
3341 2688 2705 2706 2689 
3342 2689 2706 2707 2690 
3343 2690 2707 2708 2691 
3344 2691 2708 2709 2692 
3345 2693 2710 2711 2694 
3346 2694 2711 2712 2695 
3347 2695 2712 2713 2696 
3348 2696 2713 2714 2697 
3349 2697 2714 2715 2698 
3350 2698 2715 2716 2699 
3351 2699 2716 2717 2700 
3352 2700 2717 2718 2701 
3353 2701 2718 2719 2702 
3354 2702 2719 2720 2703 
3355 2703 2720 2721 2704 
3356 2704 2721 2722 2705 
3357 2705 2722 2723 2706 
3358 2706 2723 2724 2707 
3359 2707 2724 2725 2708 
3360 2708 2725 2726 2709 
3361 2710 2727 2728 2711 
3362 2711 2728 2729 2712 
3363 2712 2729 2730 2713 
3364 2713 2730 2731 2714 
3365 2714 2731 2732 2715 
3366 2715 2732 2733 2716 
3367 2716 2733 2734 2717 
3368 2717 2734 2735 2718 
3369 2718 2735 2736 2719 
3370 2719 2736 2737 2720 
3371 2720 2737 2738 2721 
3372 2721 2738 2739 2722 
3373 2722 2739 2740 2723 
3374 2723 2740 2741 2724 
3375 2724 2741 2742 2725 
3376 2725 2742 2743 2726 
3377 2727 2744 2745 2728 
3378 2728 2745 2746 2729 
3379 2729 2746 2747 2730 
3380 2730 2747 2748 2731 
3381 2731 2748 2749 2732 
3382 2732 2749 2750 2733 
3383 2733 2750 2751 2734 
3384 2734 2751 2752 2735 
3385 2735 2752 2753 2736 
3386 2736 2753 2754 2737 
3387 2737 2754 2755 2738 
3388 2738 2755 2756 2739 
3389 2739 2756 2757 2740 
3390 2740 2757 2758 2741 
3391 2741 2758 2759 2742 
3392 2742 2759 2760 2743 
3393 2744 2761 2762 2745 
3394 2745 2762 2763 2746 
3395 2746 2763 2764 2747 
3396 2747 2764 2765 2748 
3397 2748 2765 2766 2749 
3398 2749 2766 2767 2750 
3399 2750 2767 2768 2751 
3400 2751 2768 2769 2752 
3401 2752 2769 2770 2753 
3402 2753 2770 2771 2754 
3403 2754 2771 2772 2755 
3404 2755 2772 2773 2756 
3405 2756 2773 2774 2757 
3406 2757 2774 2775 2758 
3407 2758 2775 2776 2759 
3408 2759 2776 2777 2760 
3409 2761 2778 2779 2762 
3410 2762 2779 2780 2763 
3411 2763 2780 2781 2764 
3412 2764 2781 2782 2765 
3413 2765 2782 2783 2766 
3414 2766 2783 2784 2767 
3415 2767 2784 2785 2768 
3416 2768 2785 2786 2769 
3417 2769 2786 2787 2770 
3418 2770 2787 2788 2771 
3419 2771 2788 2789 2772 
3420 2772 2789 2790 2773 
3421 2773 2790 2791 2774 
3422 2774 2791 2792 2775 
3423 2775 2792 2793 2776 
3424 2776 2793 2794 2777 
3425 2778 2795 2796 2779 
3426 2779 2796 2797 2780 
3427 2780 2797 2798 2781 
3428 2781 2798 2799 2782 
3429 2782 2799 2800 2783 
3430 2783 2800 2801 2784 
3431 2784 2801 2802 2785 
3432 2785 2802 2803 2786 
3433 2786 2803 2804 2787 
3434 2787 2804 2805 2788 
3435 2788 2805 2806 2789 
3436 2789 2806 2807 2790 
3437 2790 2807 2808 2791 
3438 2791 2808 2809 2792 
3439 2792 2809 2810 2793 
3440 2793 2810 2811 2794 
3441 2795 2812 2813 2796 
3442 2796 2813 2814 2797 
3443 2797 2814 2815 2798 
3444 2798 2815 2816 2799 
3445 2799 2816 2817 2800 
3446 2800 2817 2818 2801 
3447 2801 2818 2819 2802 
3448 2802 2819 2820 2803 
3449 2803 2820 2821 2804 
3450 2804 2821 2822 2805 
3451 2805 2822 2823 2806 
3452 2806 2823 2824 2807 
3453 2807 2824 2825 2808 
3454 2808 2825 2826 2809 
3455 2809 2826 2827 2810 
3456 2810 2827 2828 2811 
3457 2692 2709 2829 2675 
3458 2675 2829 2830 2658 
3459 2658 2830 2831 2641 
3460 2641 2831 2832 2624 
3461 2624 2832 2833 2607 
3462 2607 2833 2834 2590 
3463 2590 2834 2835 2573 
3464 2573 2835 2836 2556 
3465 2556 2836 2837 2539 
3466 2539 2837 2838 2522 
3467 2522 2838 2839 2505 
3468 2505 2839 2840 2488 
3469 2488 2840 2841 2471 
3470 2471 2841 2842 2454 
3471 2454 2842 2843 2437 
3472 2437 2843 2844 2420 
3473 2709 2726 2845 2829 
3474 2829 2845 2846 2830 
3475 2830 2846 2847 2831 
3476 2831 2847 2848 2832 
3477 2832 2848 2849 2833 
3478 2833 2849 2850 2834 
3479 2834 2850 2851 2835 
3480 2835 2851 2852 2836 
3481 2836 2852 2853 2837 
3482 2837 2853 2854 2838 
3483 2838 2854 2855 2839 
3484 2839 2855 2856 2840 
3485 2840 2856 2857 2841 
3486 2841 2857 2858 2842 
3487 2842 2858 2859 2843 
3488 2843 2859 2860 2844 
3489 2726 2743 2861 2845 
3490 2845 2861 2862 2846 
3491 2846 2862 2863 2847 
3492 2847 2863 2864 2848 
3493 2848 2864 2865 2849 
3494 2849 2865 2866 2850 
3495 2850 2866 2867 2851 
3496 2851 2867 2868 2852 
3497 2852 2868 2869 2853 
3498 2853 2869 2870 2854 
3499 2854 2870 2871 2855 
3500 2855 2871 2872 2856 
3501 2856 2872 2873 2857 
3502 2857 2873 2874 2858 
3503 2858 2874 2875 2859 
3504 2859 2875 2876 2860 
3505 2743 2760 2877 2861 
3506 2861 2877 2878 2862 
3507 2862 2878 2879 2863 
3508 2863 2879 2880 2864 
3509 2864 2880 2881 2865 
3510 2865 2881 2882 2866 
3511 2866 2882 2883 2867 
3512 2867 2883 2884 2868 
3513 2868 2884 2885 2869 
3514 2869 2885 2886 2870 
3515 2870 2886 2887 2871 
3516 2871 2887 2888 2872 
3517 2872 2888 2889 2873 
3518 2873 2889 2890 2874 
3519 2874 2890 2891 2875 
3520 2875 2891 2892 2876 
3521 2760 2777 2893 2877 
3522 2877 2893 2894 2878 
3523 2878 2894 2895 2879 
3524 2879 2895 2896 2880 
3525 2880 2896 2897 2881 
3526 2881 2897 2898 2882 
3527 2882 2898 2899 2883 
3528 2883 2899 2900 2884 
3529 2884 2900 2901 2885 
3530 2885 2901 2902 2886 
3531 2886 2902 2903 2887 
3532 2887 2903 2904 2888 
3533 2888 2904 2905 2889 
3534 2889 2905 2906 2890 
3535 2890 2906 2907 2891 
3536 2891 2907 2908 2892 
3537 2777 2794 2909 2893 
3538 2893 2909 2910 2894 
3539 2894 2910 2911 2895 
3540 2895 2911 2912 2896 
3541 2896 2912 2913 2897 
3542 2897 2913 2914 2898 
3543 2898 2914 2915 2899 
3544 2899 2915 2916 2900 
3545 2900 2916 2917 2901 
3546 2901 2917 2918 2902 
3547 2902 2918 2919 2903 
3548 2903 2919 2920 2904 
3549 2904 2920 2921 2905 
3550 2905 2921 2922 2906 
3551 2906 2922 2923 2907 
3552 2907 2923 2924 2908 
3553 2794 2811 2925 2909 
3554 2909 2925 2926 2910 
3555 2910 2926 2927 2911 
3556 2911 2927 2928 2912 
3557 2912 2928 2929 2913 
3558 2913 2929 2930 2914 
3559 2914 2930 2931 2915 
3560 2915 2931 2932 2916 
3561 2916 2932 2933 2917 
3562 2917 2933 2934 2918 
3563 2918 2934 2935 2919 
3564 2919 2935 2936 2920 
3565 2920 2936 2937 2921 
3566 2921 2937 2938 2922 
3567 2922 2938 2939 2923 
3568 2923 2939 2940 2924 
3569 2811 2828 2941 2925 
3570 2925 2941 2942 2926 
3571 2926 2942 2943 2927 
3572 2927 2943 2944 2928 
3573 2928 2944 2945 2929 
3574 2929 2945 2946 2930 
3575 2930 2946 2947 2931 
3576 2931 2947 2948 2932 
3577 2932 2948 2949 2933 
3578 2933 2949 2950 2934 
3579 2934 2950 2951 2935 
3580 2935 2951 2952 2936 
3581 2936 2952 2953 2937 
3582 2937 2953 2954 2938 
3583 2938 2954 2955 2939 
3584 2939 2955 2956 2940 
3585 2420 2844 2957 2419 
3586 2419 2957 2958 2418 
3587 2418 2958 2959 2417 
3588 2417 2959 2960 2416 
3589 2416 2960 2961 2415 
3590 2415 2961 2962 2414 
3591 2414 2962 2963 2413 
3592 2413 2963 2964 2412 
3593 2412 2964 2965 2411 
3594 2411 2965 2966 2410 
3595 2410 2966 2967 2409 
3596 2409 2967 2968 2408 
3597 2408 2968 2969 2407 
3598 2407 2969 2970 2406 
3599 2406 2970 2971 2405 
3600 2405 2971 2972 2404 
3601 2844 2860 2973 2957 
3602 2957 2973 2974 2958 
3603 2958 2974 2975 2959 
3604 2959 2975 2976 2960 
3605 2960 2976 2977 2961 
3606 2961 2977 2978 2962 
3607 2962 2978 2979 2963 
3608 2963 2979 2980 2964 
3609 2964 2980 2981 2965 
3610 2965 2981 2982 2966 
3611 2966 2982 2983 2967 
3612 2967 2983 2984 2968 
3613 2968 2984 2985 2969 
3614 2969 2985 2986 2970 
3615 2970 2986 2987 2971 
3616 2971 2987 2988 2972 
3617 2860 2876 2989 2973 
3618 2973 2989 2990 2974 
3619 2974 2990 2991 2975 
3620 2975 2991 2992 2976 
3621 2976 2992 2993 2977 
3622 2977 2993 2994 2978 
3623 2978 2994 2995 2979 
3624 2979 2995 2996 2980 
3625 2980 2996 2997 2981 
3626 2981 2997 2998 2982 
3627 2982 2998 2999 2983 
3628 2983 2999 3000 2984 
3629 2984 3000 3001 2985 
3630 2985 3001 3002 2986 
3631 2986 3002 3003 2987 
3632 2987 3003 3004 2988 
3633 2876 2892 3005 2989 
3634 2989 3005 3006 2990 
3635 2990 3006 3007 2991 
3636 2991 3007 3008 2992 
3637 2992 3008 3009 2993 
3638 2993 3009 3010 2994 
3639 2994 3010 3011 2995 
3640 2995 3011 3012 2996 
3641 2996 3012 3013 2997 
3642 2997 3013 3014 2998 
3643 2998 3014 3015 2999 
3644 2999 3015 3016 3000 
3645 3000 3016 3017 3001 
3646 3001 3017 3018 3002 
3647 3002 3018 3019 3003 
3648 3003 3019 3020 3004 
3649 2892 2908 3021 3005 
3650 3005 3021 3022 3006 
3651 3006 3022 3023 3007 
3652 3007 3023 3024 3008 
3653 3008 3024 3025 3009 
3654 3009 3025 3026 3010 
3655 3010 3026 3027 3011 
3656 3011 3027 3028 3012 
3657 3012 3028 3029 3013 
3658 3013 3029 3030 3014 
3659 3014 3030 3031 3015 
3660 3015 3031 3032 3016 
3661 3016 3032 3033 3017 
3662 3017 3033 3034 3018 
3663 3018 3034 3035 3019 
3664 3019 3035 3036 3020 
3665 2908 2924 3037 3021 
3666 3021 3037 3038 3022 
3667 3022 3038 3039 3023 
3668 3023 3039 3040 3024 
3669 3024 3040 3041 3025 
3670 3025 3041 3042 3026 
3671 3026 3042 3043 3027 
3672 3027 3043 3044 3028 
3673 3028 3044 3045 3029 
3674 3029 3045 3046 3030 
3675 3030 3046 3047 3031 
3676 3031 3047 3048 3032 
3677 3032 3048 3049 3033 
3678 3033 3049 3050 3034 
3679 3034 3050 3051 3035 
3680 3035 3051 3052 3036 
3681 2924 2940 3053 3037 
3682 3037 3053 3054 3038 
3683 3038 3054 3055 3039 
3684 3039 3055 3056 3040 
3685 3040 3056 3057 3041 
3686 3041 3057 3058 3042 
3687 3042 3058 3059 3043 
3688 3043 3059 3060 3044 
3689 3044 3060 3061 3045 
3690 3045 3061 3062 3046 
3691 3046 3062 3063 3047 
3692 3047 3063 3064 3048 
3693 3048 3064 3065 3049 
3694 3049 3065 3066 3050 
3695 3050 3066 3067 3051 
3696 3051 3067 3068 3052 
3697 2940 2956 3069 3053 
3698 3053 3069 3070 3054 
3699 3054 3070 3071 3055 
3700 3055 3071 3072 3056 
3701 3056 3072 3073 3057 
3702 3057 3073 3074 3058 
3703 3058 3074 3075 3059 
3704 3059 3075 3076 3060 
3705 3060 3076 3077 3061 
3706 3061 3077 3078 3062 
3707 3062 3078 3079 3063 
3708 3063 3079 3080 3064 
3709 3064 3080 3081 3065 
3710 3065 3081 3082 3066 
3711 3066 3082 3083 3067 
3712 3067 3083 3084 3068 
3713 2404 2972 3085 2421 
3714 2421 3085 3086 2438 
3715 2438 3086 3087 2455 
3716 2455 3087 3088 2472 
3717 2472 3088 3089 2489 
3718 2489 3089 3090 2506 
3719 2506 3090 3091 2523 
3720 2523 3091 3092 2540 
3721 2540 3092 3093 2557 
3722 2557 3093 3094 2574 
3723 2574 3094 3095 2591 
3724 2591 3095 3096 2608 
3725 2608 3096 3097 2625 
3726 2625 3097 3098 2642 
3727 2642 3098 3099 2659 
3728 2659 3099 2693 2676 
3729 2972 2988 3100 3085 
3730 3085 3100 3101 3086 
3731 3086 3101 3102 3087 
3732 3087 3102 3103 3088 
3733 3088 3103 3104 3089 
3734 3089 3104 3105 3090 
3735 3090 3105 3106 3091 
3736 3091 3106 3107 3092 
3737 3092 3107 3108 3093 
3738 3093 3108 3109 3094 
3739 3094 3109 3110 3095 
3740 3095 3110 3111 3096 
3741 3096 3111 3112 3097 
3742 3097 3112 3113 3098 
3743 3098 3113 3114 3099 
3744 3099 3114 2710 2693 
3745 2988 3004 3115 3100 
3746 3100 3115 3116 3101 
3747 3101 3116 3117 3102 
3748 3102 3117 3118 3103 
3749 3103 3118 3119 3104 
3750 3104 3119 3120 3105 
3751 3105 3120 3121 3106 
3752 3106 3121 3122 3107 
3753 3107 3122 3123 3108 
3754 3108 3123 3124 3109 
3755 3109 3124 3125 3110 
3756 3110 3125 3126 3111 
3757 3111 3126 3127 3112 
3758 3112 3127 3128 3113 
3759 3113 3128 3129 3114 
3760 3114 3129 2727 2710 
3761 3004 3020 3130 3115 
3762 3115 3130 3131 3116 
3763 3116 3131 3132 3117 
3764 3117 3132 3133 3118 
3765 3118 3133 3134 3119 
3766 3119 3134 3135 3120 
3767 3120 3135 3136 3121 
3768 3121 3136 3137 3122 
3769 3122 3137 3138 3123 
3770 3123 3138 3139 3124 
3771 3124 3139 3140 3125 
3772 3125 3140 3141 3126 
3773 3126 3141 3142 3127 
3774 3127 3142 3143 3128 
3775 3128 3143 3144 3129 
3776 3129 3144 2744 2727 
3777 3020 3036 3145 3130 
3778 3130 3145 3146 3131 
3779 3131 3146 3147 3132 
3780 3132 3147 3148 3133 
3781 3133 3148 3149 3134 
3782 3134 3149 3150 3135 
3783 3135 3150 3151 3136 
3784 3136 3151 3152 3137 
3785 3137 3152 3153 3138 
3786 3138 3153 3154 3139 
3787 3139 3154 3155 3140 
3788 3140 3155 3156 3141 
3789 3141 3156 3157 3142 
3790 3142 3157 3158 3143 
3791 3143 3158 3159 3144 
3792 3144 3159 2761 2744 
3793 3036 3052 3160 3145 
3794 3145 3160 3161 3146 
3795 3146 3161 3162 3147 
3796 3147 3162 3163 3148 
3797 3148 3163 3164 3149 
3798 3149 3164 3165 3150 
3799 3150 3165 3166 3151 
3800 3151 3166 3167 3152 
3801 3152 3167 3168 3153 
3802 3153 3168 3169 3154 
3803 3154 3169 3170 3155 
3804 3155 3170 3171 3156 
3805 3156 3171 3172 3157 
3806 3157 3172 3173 3158 
3807 3158 3173 3174 3159 
3808 3159 3174 2778 2761 
3809 3052 3068 3175 3160 
3810 3160 3175 3176 3161 
3811 3161 3176 3177 3162 
3812 3162 3177 3178 3163 
3813 3163 3178 3179 3164 
3814 3164 3179 3180 3165 
3815 3165 3180 3181 3166 
3816 3166 3181 3182 3167 
3817 3167 3182 3183 3168 
3818 3168 3183 3184 3169 
3819 3169 3184 3185 3170 
3820 3170 3185 3186 3171 
3821 3171 3186 3187 3172 
3822 3172 3187 3188 3173 
3823 3173 3188 3189 3174 
3824 3174 3189 2795 2778 
3825 3068 3084 3190 3175 
3826 3175 3190 3191 3176 
3827 3176 3191 3192 3177 
3828 3177 3192 3193 3178 
3829 3178 3193 3194 3179 
3830 3179 3194 3195 3180 
3831 3180 3195 3196 3181 
3832 3181 3196 3197 3182 
3833 3182 3197 3198 3183 
3834 3183 3198 3199 3184 
3835 3184 3199 3200 3185 
3836 3185 3200 3201 3186 
3837 3186 3201 3202 3187 
3838 3187 3202 3203 3188 
3839 3188 3203 3204 3189 
3840 3189 3204 2812 2795 
2 3 3 192
3841 409 410 1211 1210 
3842 410 411 1212 1211 
3843 411 412 1213 1212 
3844 412 413 1214 1213 
3845 413 414 1215 1214 
3846 414 415 1216 1215 
3847 415 416 1217 1216 
3848 416 417 1218 1217 
3849 417 418 1219 1218 
3850 418 419 1220 1219 
3851 419 420 1221 1220 
3852 420 421 1222 1221 
3853 421 422 1223 1222 
3854 422 423 1224 1223 
3855 423 424 1225 1224 
3856 424 425 1226 1225 
3857 425 538 1339 1226 
3858 538 539 1340 1339 
3859 539 540 1341 1340 
3860 540 541 1342 1341 
3861 541 542 1343 1342 
3862 542 543 1344 1343 
3863 543 544 1345 1344 
3864 544 545 1346 1345 
3865 545 546 1347 1346 
3866 546 547 1348 1347 
3867 547 548 1349 1348 
3868 548 549 1350 1349 
3869 549 550 1351 1350 
3870 550 551 1352 1351 
3871 551 552 1353 1352 
3872 552 553 1354 1353 
3873 553 666 1467 1354 
3874 666 667 1468 1467 
3875 667 668 1469 1468 
3876 668 669 1470 1469 
3877 669 670 1471 1470 
3878 670 671 1472 1471 
3879 671 672 1473 1472 
3880 672 673 1474 1473 
3881 673 674 1475 1474 
3882 674 675 1476 1475 
3883 675 676 1477 1476 
3884 676 677 1478 1477 
3885 677 678 1479 1478 
3886 678 679 1480 1479 
3887 679 680 1481 1480 
3888 680 681 1482 1481 
3889 681 787 1588 1482 
3890 787 788 1589 1588 
3891 788 789 1590 1589 
3892 789 790 1591 1590 
3893 790 791 1592 1591 
3894 791 792 1593 1592 
3895 792 793 1594 1593 
3896 793 794 1595 1594 
3897 794 795 1596 1595 
3898 795 796 1597 1596 
3899 796 797 1598 1597 
3900 797 798 1599 1598 
3901 798 799 1600 1599 
3902 799 800 1601 1600 
3903 800 801 1602 1601 
3904 801 409 1210 1602 
3905 1210 1211 2012 2011 
3906 1211 1212 2013 2012 
3907 1212 1213 2014 2013 
3908 1213 1214 2015 2014 
3909 1214 1215 2016 2015 
3910 1215 1216 2017 2016 
3911 1216 1217 2018 2017 
3912 1217 1218 2019 2018 
3913 1218 1219 2020 2019 
3914 1219 1220 2021 2020 
3915 1220 1221 2022 2021 
3916 1221 1222 2023 2022 
3917 1222 1223 2024 2023 
3918 1223 1224 2025 2024 
3919 1224 1225 2026 2025 
3920 1225 1226 2027 2026 
3921 1226 1339 2140 2027 
3922 1339 1340 2141 2140 
3923 1340 1341 2142 2141 
3924 1341 1342 2143 2142 
3925 1342 1343 2144 2143 
3926 1343 1344 2145 2144 
3927 1344 1345 2146 2145 
3928 1345 1346 2147 2146 
3929 1346 1347 2148 2147 
3930 1347 1348 2149 2148 
3931 1348 1349 2150 2149 
3932 1349 1350 2151 2150 
3933 1350 1351 2152 2151 
3934 1351 1352 2153 2152 
3935 1352 1353 2154 2153 
3936 1353 1354 2155 2154 
3937 1354 1467 2268 2155 
3938 1467 1468 2269 2268 
3939 1468 1469 2270 2269 
3940 1469 1470 2271 2270 
3941 1470 1471 2272 2271 
3942 1471 1472 2273 2272 
3943 1472 1473 2274 2273 
3944 1473 1474 2275 2274 
3945 1474 1475 2276 2275 
3946 1475 1476 2277 2276 
3947 1476 1477 2278 2277 
3948 1477 1478 2279 2278 
3949 1478 1479 2280 2279 
3950 1479 1480 2281 2280 
3951 1480 1481 2282 2281 
3952 1481 1482 2283 2282 
3953 1482 1588 2389 2283 
3954 1588 1589 2390 2389 
3955 1589 1590 2391 2390 
3956 1590 1591 2392 2391 
3957 1591 1592 2393 2392 
3958 1592 1593 2394 2393 
3959 1593 1594 2395 2394 
3960 1594 1595 2396 2395 
3961 1595 1596 2397 2396 
3962 1596 1597 2398 2397 
3963 1597 1598 2399 2398 
3964 1598 1599 2400 2399 
3965 1599 1600 2401 2400 
3966 1600 1601 2402 2401 
3967 1601 1602 2403 2402 
3968 1602 1210 2011 2403 
3969 2011 2012 2813 2812 
3970 2012 2013 2814 2813 
3971 2013 2014 2815 2814 
3972 2014 2015 2816 2815 
3973 2015 2016 2817 2816 
3974 2016 2017 2818 2817 
3975 2017 2018 2819 2818 
3976 2018 2019 2820 2819 
3977 2019 2020 2821 2820 
3978 2020 2021 2822 2821 
3979 2021 2022 2823 2822 
3980 2022 2023 2824 2823 
3981 2023 2024 2825 2824 
3982 2024 2025 2826 2825 
3983 2025 2026 2827 2826 
3984 2026 2027 2828 2827 
3985 2027 2140 2941 2828 
3986 2140 2141 2942 2941 
3987 2141 2142 2943 2942 
3988 2142 2143 2944 2943 
3989 2143 2144 2945 2944 
3990 2144 2145 2946 2945 
3991 2145 2146 2947 2946 
3992 2146 2147 2948 2947 
3993 2147 2148 2949 2948 
3994 2148 2149 2950 2949 
3995 2149 2150 2951 2950 
3996 2150 2151 2952 2951 
3997 2151 2152 2953 2952 
3998 2152 2153 2954 2953 
3999 2153 2154 2955 2954 
4000 2154 2155 2956 2955 
4001 2155 2268 3069 2956 
4002 2268 2269 3070 3069 
4003 2269 2270 3071 3070 
4004 2270 2271 3072 3071 
4005 2271 2272 3073 3072 
4006 2272 2273 3074 3073 
4007 2273 2274 3075 3074 
4008 2274 2275 3076 3075 
4009 2275 2276 3077 3076 
4010 2276 2277 3078 3077 
4011 2277 2278 3079 3078 
4012 2278 2279 3080 3079 
4013 2279 2280 3081 3080 
4014 2280 2281 3082 3081 
4015 2281 2282 3083 3082 
4016 2282 2283 3084 3083 
4017 2283 2389 3190 3084 
4018 2389 2390 3191 3190 
4019 2390 2391 3192 3191 
4020 2391 2392 3193 3192 
4021 2392 2393 3194 3193 
4022 2393 2394 3195 3194 
4023 2394 2395 3196 3195 
4024 2395 2396 3197 3196 
4025 2396 2397 3198 3197 
4026 2397 2398 3199 3198 
4027 2398 2399 3200 3199 
4028 2399 2400 3201 3200 
4029 2400 2401 3202 3201 
4030 2401 2402 3203 3202 
4031 2402 2403 3204 3203 
4032 2403 2011 2812 3204 
3 1 5 2304
1 1 18 19 2 802 819 820 803 
2 2 19 20 3 803 820 821 804 
3 3 20 21 4 804 821 822 805 
4 4 21 22 5 805 822 823 806 
5 5 22 23 6 806 823 824 807 
6 6 23 24 7 807 824 825 808 
7 7 24 25 8 808 825 826 809 
8 8 25 26 9 809 826 827 810 
9 9 26 27 10 810 827 828 811 
10 10 27 28 11 811 828 829 812 
11 11 28 29 12 812 829 830 813 
12 12 29 30 13 813 830 831 814 
13 13 30 31 14 814 831 832 815 
14 14 31 32 15 815 832 833 816 
15 15 32 33 16 816 833 834 817 
16 16 33 34 17 817 834 835 818 
17 18 35 36 19 819 836 837 820 
18 19 36 37 20 820 837 838 821 
19 20 37 38 21 821 838 839 822 
20 21 38 39 22 822 839 840 823 
21 22 39 40 23 823 840 841 824 
22 23 40 41 24 824 841 842 825 
23 24 41 42 25 825 842 843 826 
24 25 42 43 26 826 843 844 827 
25 26 43 44 27 827 844 845 828 
26 27 44 45 28 828 845 846 829 
27 28 45 46 29 829 846 847 830 
28 29 46 47 30 830 847 848 831 
29 30 47 48 31 831 848 849 832 
30 31 48 49 32 832 849 850 833 
31 32 49 50 33 833 850 851 834 
32 33 50 51 34 834 851 852 835 
33 35 52 53 36 836 853 854 837 
34 36 53 54 37 837 854 855 838 
35 37 54 55 38 838 855 856 839 
36 38 55 56 39 839 856 857 840 
37 39 56 57 40 840 857 858 841 
38 40 57 58 41 841 858 859 842 
39 41 58 59 42 842 859 860 843 
40 42 59 60 43 843 860 861 844 
41 43 60 61 44 844 861 862 845 
42 44 61 62 45 845 862 863 846 
43 45 62 63 46 846 863 864 847 
44 46 63 64 47 847 864 865 848 
45 47 64 65 48 848 865 866 849 
46 48 65 66 49 849 866 867 850 
47 49 66 67 50 850 867 868 851 
48 50 67 68 51 851 868 869 852 
49 52 69 70 53 853 870 871 854 
50 53 70 71 54 854 871 872 855 
51 54 71 72 55 855 872 873 856 
52 55 72 73 56 856 873 874 857 
53 56 73 74 57 857 874 875 858 
54 57 74 75 58 858 875 876 859 
55 58 75 76 59 859 876 877 860 
56 59 76 77 60 860 877 878 861 
57 60 77 78 61 861 878 879 862 
58 61 78 79 62 862 879 880 863 
59 62 79 80 63 863 880 881 864 
60 63 80 81 64 864 881 882 865 
61 64 81 82 65 865 882 883 866 
62 65 82 83 66 866 883 884 867 
63 66 83 84 67 867 884 885 868 
64 67 84 85 68 868 885 886 869 
65 69 86 87 70 870 887 888 871 
66 70 87 88 71 871 888 889 872 
67 71 88 89 72 872 889 890 873 
68 72 89 90 73 873 890 891 874 
69 73 90 91 74 874 891 892 875 
70 74 91 92 75 875 892 893 876 
71 75 92 93 76 876 893 894 877 
72 76 93 94 77 877 894 895 878 
73 77 94 95 78 878 895 896 879 
74 78 95 96 79 879 896 897 880 
75 79 96 97 80 880 897 898 881 
76 80 97 98 81 881 898 899 882 
77 81 98 99 82 882 899 900 883 
78 82 99 100 83 883 900 901 884 
79 83 100 101 84 884 901 902 885 
80 84 101 102 85 885 902 903 886 
81 86 103 104 87 887 904 905 888 
82 87 104 105 88 888 905 906 889 
83 88 105 106 89 889 906 907 890 
84 89 106 107 90 890 907 908 891 
85 90 107 108 91 891 908 909 892 
86 91 108 109 92 892 909 910 893 
87 92 109 110 93 893 910 911 894 
88 93 110 111 94 894 911 912 895 
89 94 111 112 95 895 912 913 896 
90 95 112 113 96 896 913 914 897 
91 96 113 114 97 897 914 915 898 
92 97 114 115 98 898 915 916 899 
93 98 115 116 99 899 916 917 900 
94 99 116 117 100 900 917 918 901 
95 100 117 118 101 901 918 919 902 
96 101 118 119 102 902 919 920 903 
97 103 120 121 104 904 921 922 905 
98 104 121 122 105 905 922 923 906 
99 105 122 123 106 906 923 924 907 
100 106 123 124 107 907 924 925 908 
101 107 124 125 108 908 925 926 909 
102 108 125 126 109 909 926 927 910 
103 109 126 127 110 910 927 928 911 
104 110 127 128 111 911 928 929 912 
105 111 128 129 112 912 929 930 913 
106 112 129 130 113 913 930 931 914 
107 113 130 131 114 914 931 932 915 
108 114 131 132 115 915 932 933 916 
109 115 132 133 116 916 933 934 917 
110 116 133 134 117 917 934 935 918 
111 117 134 135 118 918 935 936 919 
112 118 135 136 119 919 936 937 920 
113 120 137 138 121 921 938 939 922 
114 121 138 139 122 922 939 940 923 
115 122 139 140 123 923 940 941 924 
116 123 140 141 124 924 941 942 925 
117 124 141 142 125 925 942 943 926 
118 125 142 143 126 926 943 944 927 
119 126 143 144 127 927 944 945 928 
120 127 144 145 128 928 945 946 929 
121 128 145 146 129 929 946 947 930 
122 129 146 147 130 930 947 948 931 
123 130 147 148 131 931 948 949 932 
124 131 148 149 132 932 949 950 933 
125 132 149 150 133 933 950 951 934 
126 133 150 151 134 934 951 952 935 
127 134 151 152 135 935 952 953 936 
128 135 152 153 136 936 953 954 937 
129 137 154 155 138 938 955 956 939 
130 138 155 156 139 939 956 957 940 
131 139 156 157 140 940 957 958 941 
132 140 157 158 141 941 958 959 942 
133 141 158 159 142 942 959 960 943 
134 142 159 160 143 943 960 961 944 
135 143 160 161 144 944 961 962 945 
136 144 161 162 145 945 962 963 946 
137 145 162 163 146 946 963 964 947 
138 146 163 164 147 947 964 965 948 
139 147 164 165 148 948 965 966 949 
140 148 165 166 149 949 966 967 950 
141 149 166 167 150 950 967 968 951 
142 150 167 168 151 951 968 969 952 
143 151 168 169 152 952 969 970 953 
144 152 169 170 153 953 970 971 954 
145 154 171 172 155 955 972 973 956 
146 155 172 173 156 956 973 974 957 
147 156 173 174 157 957 974 975 958 
148 157 174 175 158 958 975 976 959 
149 158 175 176 159 959 976 977 960 
150 159 176 177 160 960 977 978 961 
151 160 177 178 161 961 978 979 962 
152 161 178 179 162 962 979 980 963 
153 162 179 180 163 963 980 981 964 
154 163 180 181 164 964 981 982 965 
155 164 181 182 165 965 982 983 966 
156 165 182 183 166 966 983 984 967 
157 166 183 184 167 967 984 985 968 
158 167 184 185 168 968 985 986 969 
159 168 185 186 169 969 986 987 970 
160 169 186 187 170 970 987 988 971 
161 171 188 189 172 972 989 990 973 
162 172 189 190 173 973 990 991 974 
163 173 190 191 174 974 991 992 975 
164 174 191 192 175 975 992 993 976 
165 175 192 193 176 976 993 994 977 
166 176 193 194 177 977 994 995 978 
167 177 194 195 178 978 995 996 979 
168 178 195 196 179 979 996 997 980 
169 179 196 197 180 980 997 998 981 
170 180 197 198 181 981 998 999 982 
171 181 198 199 182 982 999 1000 983 
172 182 199 200 183 983 1000 1001 984 
173 183 200 201 184 984 1001 1002 985 
174 184 201 202 185 985 1002 1003 986 
175 185 202 203 186 986 1003 1004 987 
176 186 203 204 187 987 1004 1005 988 
177 188 205 206 189 989 1006 1007 990 
178 189 206 207 190 990 1007 1008 991 
179 190 207 208 191 991 1008 1009 992 
180 191 208 209 192 992 1009 1010 993 
181 192 209 210 193 993 1010 1011 994 
182 193 210 211 194 994 1011 1012 995 
183 194 211 212 195 995 1012 1013 996 
184 195 212 213 196 996 1013 1014 997 
185 196 213 214 197 997 1014 1015 998 
186 197 214 215 198 998 1015 1016 999 
187 198 215 216 199 999 1016 1017 1000 
188 199 216 217 200 1000 1017 1018 1001 
189 200 217 218 201 1001 1018 1019 1002 
190 201 218 219 202 1002 1019 1020 1003 
191 202 219 220 203 1003 1020 1021 1004 
192 203 220 221 204 1004 1021 1022 1005 
193 205 222 223 206 1006 1023 1024 1007 
194 206 223 224 207 1007 1024 1025 1008 
195 207 224 225 208 1008 1025 1026 1009 
196 208 225 226 209 1009 1026 1027 1010 
197 209 226 227 210 1010 1027 1028 1011 
198 210 227 228 211 1011 1028 1029 1012 
199 211 228 229 212 1012 1029 1030 1013 
200 212 229 230 213 1013 1030 1031 1014 
201 213 230 231 214 1014 1031 1032 1015 
202 214 231 232 215 1015 1032 1033 1016 
203 215 232 233 216 1016 1033 1034 1017 
204 216 233 234 217 1017 1034 1035 1018 
205 217 234 235 218 1018 1035 1036 1019 
206 218 235 236 219 1019 1036 1037 1020 
207 219 236 237 220 1020 1037 1038 1021 
208 220 237 238 221 1021 1038 1039 1022 
209 222 239 240 223 1023 1040 1041 1024 
210 223 240 241 224 1024 1041 1042 1025 
211 224 241 242 225 1025 1042 1043 1026 
212 225 242 243 226 1026 1043 1044 1027 
213 226 243 244 227 1027 1044 1045 1028 
214 227 244 245 228 1028 1045 1046 1029 
215 228 245 246 229 1029 1046 1047 1030 
216 229 246 247 230 1030 1047 1048 1031 
217 230 247 248 231 1031 1048 1049 1032 
218 231 248 249 232 1032 1049 1050 1033 
219 232 249 250 233 1033 1050 1051 1034 
220 233 250 251 234 1034 1051 1052 1035 
221 234 251 252 235 1035 1052 1053 1036 
222 235 252 253 236 1036 1053 1054 1037 
223 236 253 254 237 1037 1054 1055 1038 
224 237 254 255 238 1038 1055 1056 1039 
225 239 256 257 240 1040 1057 1058 1041 
226 240 257 258 241 1041 1058 1059 1042 
227 241 258 259 242 1042 1059 1060 1043 
228 242 259 260 243 1043 1060 1061 1044 
229 243 260 261 244 1044 1061 1062 1045 
230 244 261 262 245 1045 1062 1063 1046 
231 245 262 263 246 1046 1063 1064 1047 
232 246 263 264 247 1047 1064 1065 1048 
233 247 264 265 248 1048 1065 1066 1049 
234 248 265 266 249 1049 1066 1067 1050 
235 249 266 267 250 1050 1067 1068 1051 
236 250 267 268 251 1051 1068 1069 1052 
237 251 268 269 252 1052 1069 1070 1053 
238 252 269 270 253 1053 1070 1071 1054 
239 253 270 271 254 1054 1071 1072 1055 
240 254 271 272 255 1055 1072 1073 1056 
241 256 273 274 257 1057 1074 1075 1058 
242 257 274 275 258 1058 1075 1076 1059 
243 258 275 276 259 1059 1076 1077 1060 
244 259 276 277 260 1060 1077 1078 1061 
245 260 277 278 261 1061 1078 1079 1062 
246 261 278 279 262 1062 1079 1080 1063 
247 262 279 280 263 1063 1080 1081 1064 
248 263 280 281 264 1064 1081 1082 1065 
249 264 281 282 265 1065 1082 1083 1066 
250 265 282 283 266 1066 1083 1084 1067 
251 266 283 284 267 1067 1084 1085 1068 
252 267 284 285 268 1068 1085 1086 1069 
253 268 285 286 269 1069 1086 1087 1070 
254 269 286 287 270 1070 1087 1088 1071 
255 270 287 288 271 1071 1088 1089 1072 
256 271 288 289 272 1072 1089 1090 1073 
257 273 290 291 274 1074 1091 1092 1075 
258 274 291 292 275 1075 1092 1093 1076 
259 275 292 293 276 1076 1093 1094 1077 
260 276 293 294 277 1077 1094 1095 1078 
261 277 294 295 278 1078 1095 1096 1079 
262 278 295 296 279 1079 1096 1097 1080 
263 279 296 297 280 1080 1097 1098 1081 
264 280 297 298 281 1081 1098 1099 1082 
265 281 298 299 282 1082 1099 1100 1083 
266 282 299 300 283 1083 1100 1101 1084 
267 283 300 301 284 1084 1101 1102 1085 
268 284 301 302 285 1085 1102 1103 1086 
269 285 302 303 286 1086 1103 1104 1087 
270 286 303 304 287 1087 1104 1105 1088 
271 287 304 305 288 1088 1105 1106 1089 
272 288 305 306 289 1089 1106 1107 1090 
273 290 307 308 291 1091 1108 1109 1092 
274 291 308 309 292 1092 1109 1110 1093 
275 292 309 310 293 1093 1110 1111 1094 
276 293 310 311 294 1094 1111 1112 1095 
277 294 311 312 295 1095 1112 1113 1096 
278 295 312 313 296 1096 1113 1114 1097 
279 296 313 314 297 1097 1114 1115 1098 
280 297 314 315 298 1098 1115 1116 1099 
281 298 315 316 299 1099 1116 1117 1100 
282 299 316 317 300 1100 1117 1118 1101 
283 300 317 318 301 1101 1118 1119 1102 
284 301 318 319 302 1102 1119 1120 1103 
285 302 319 320 303 1103 1120 1121 1104 
286 303 320 321 304 1104 1121 1122 1105 
287 304 321 322 305 1105 1122 1123 1106 
288 305 322 323 306 1106 1123 1124 1107 
289 307 324 325 308 1108 1125 1126 1109 
290 308 325 326 309 1109 1126 1127 1110 
291 309 326 327 310 1110 1127 1128 1111 
292 310 327 328 311 1111 1128 1129 1112 
293 311 328 329 312 1112 1129 1130 1113 
294 312 329 330 313 1113 1130 1131 1114 
295 313 330 331 314 1114 1131 1132 1115 
296 314 331 332 315 1115 1132 1133 1116 
297 315 332 333 316 1116 1133 1134 1117 
298 316 333 334 317 1117 1134 1135 1118 
299 317 334 335 318 1118 1135 1136 1119 
300 318 335 336 319 1119 1136 1137 1120 
301 319 336 337 320 1120 1137 1138 1121 
302 320 337 338 321 1121 1138 1139 1122 
303 321 338 339 322 1122 1139 1140 1123 
304 322 339 340 323 1123 1140 1141 1124 
305 324 341 342 325 1125 1142 1143 1126 
306 325 342 343 326 1126 1143 1144 1127 
307 326 343 344 327 1127 1144 1145 1128 
308 327 344 345 328 1128 1145 1146 1129 
309 328 345 346 329 1129 1146 1147 1130 
310 329 346 347 330 1130 1147 1148 1131 
311 330 347 348 331 1131 1148 1149 1132 
312 331 348 349 332 1132 1149 1150 1133 
313 332 349 350 333 1133 1150 1151 1134 
314 333 350 351 334 1134 1151 1152 1135 
315 334 351 352 335 1135 1152 1153 1136 
316 335 352 353 336 1136 1153 1154 1137 
317 336 353 354 337 1137 1154 1155 1138 
318 337 354 355 338 1138 1155 1156 1139 
319 338 355 356 339 1139 1156 1157 1140 
320 339 356 357 340 1140 1157 1158 1141 
321 341 358 359 342 1142 1159 1160 1143 
322 342 359 360 343 1143 1160 1161 1144 
323 343 360 361 344 1144 1161 1162 1145 
324 344 361 362 345 1145 1162 1163 1146 
325 345 362 363 346 1146 1163 1164 1147 
326 346 363 364 347 1147 1164 1165 1148 
327 347 364 365 348 1148 1165 1166 1149 
328 348 365 366 349 1149 1166 1167 1150 
329 349 366 367 350 1150 1167 1168 1151 
330 350 367 368 351 1151 1168 1169 1152 
331 351 368 369 352 1152 1169 1170 1153 
332 352 369 370 353 1153 1170 1171 1154 
333 353 370 371 354 1154 1171 1172 1155 
334 354 371 372 355 1155 1172 1173 1156 
335 355 372 373 356 1156 1173 1174 1157 
336 356 373 374 357 1157 1174 1175 1158 
337 358 375 376 359 1159 1176 1177 1160 
338 359 376 377 360 1160 1177 1178 1161 
339 360 377 378 361 1161 1178 1179 1162 
340 361 378 379 362 1162 1179 1180 1163 
341 362 379 380 363 1163 1180 1181 1164 
342 363 380 381 364 1164 1181 1182 1165 
343 364 381 382 365 1165 1182 1183 1166 
344 365 382 383 366 1166 1183 1184 1167 
345 366 383 384 367 1167 1184 1185 1168 
346 367 384 385 368 1168 1185 1186 1169 
347 368 385 386 369 1169 1186 1187 1170 
348 369 386 387 370 1170 1187 1188 1171 
349 370 387 388 371 1171 1188 1189 1172 
350 371 388 389 372 1172 1189 1190 1173 
351 372 389 390 373 1173 1190 1191 1174 
352 373 390 391 374 1174 1191 1192 1175 
353 375 392 393 376 1176 1193 1194 1177 
354 376 393 394 377 1177 1194 1195 1178 
355 377 394 395 378 1178 1195 1196 1179 
356 378 395 396 379 1179 1196 1197 1180 
357 379 396 397 380 1180 1197 1198 1181 
358 380 397 398 381 1181 1198 1199 1182 
359 381 398 399 382 1182 1199 1200 1183 
360 382 399 400 383 1183 1200 1201 1184 
361 383 400 401 384 1184 1201 1202 1185 
362 384 401 402 385 1185 1202 1203 1186 
363 385 402 403 386 1186 1203 1204 1187 
364 386 403 404 387 1187 1204 1205 1188 
365 387 404 405 388 1188 1205 1206 1189 
366 388 405 406 389 1189 1206 1207 1190 
367 389 406 407 390 1190 1207 1208 1191 
368 390 407 408 391 1191 1208 1209 1192 
369 392 409 410 393 1193 1210 1211 1194 
370 393 410 411 394 1194 1211 1212 1195 
371 394 411 412 395 1195 1212 1213 1196 
372 395 412 413 396 1196 1213 1214 1197 
373 396 413 414 397 1197 1214 1215 1198 
374 397 414 415 398 1198 1215 1216 1199 
375 398 415 416 399 1199 1216 1217 1200 
376 399 416 417 400 1200 1217 1218 1201 
377 400 417 418 401 1201 1218 1219 1202 
378 401 418 419 402 1202 1219 1220 1203 
379 402 419 420 403 1203 1220 1221 1204 
380 403 420 421 404 1204 1221 1222 1205 
381 404 421 422 405 1205 1222 1223 1206 
382 405 422 423 406 1206 1223 1224 1207 
383 406 423 424 407 1207 1224 1225 1208 
384 407 424 425 408 1208 1225 1226 1209 
385 289 306 426 272 1090 1107 1227 1073 
386 272 426 427 255 1073 1227 1228 1056 
387 255 427 428 238 1056 1228 1229 1039 
388 238 428 429 221 1039 1229 1230 1022 
389 221 429 430 204 1022 1230 1231 1005 
390 204 430 431 187 1005 1231 1232 988 
391 187 431 432 170 988 1232 1233 971 
392 170 432 433 153 971 1233 1234 954 
393 153 433 434 136 954 1234 1235 937 
394 136 434 435 119 937 1235 1236 920 
395 119 435 436 102 920 1236 1237 903 
396 102 436 437 85 903 1237 1238 886 
397 85 437 438 68 886 1238 1239 869 
398 68 438 439 51 869 1239 1240 852 
399 51 439 440 34 852 1240 1241 835 
400 34 440 441 17 835 1241 1242 818 
401 306 323 442 426 1107 1124 1243 1227 
402 426 442 443 427 1227 1243 1244 1228 
403 427 443 444 428 1228 1244 1245 1229 
404 428 444 445 429 1229 1245 1246 1230 
405 429 445 446 430 1230 1246 1247 1231 
406 430 446 447 431 1231 1247 1248 1232 
407 431 447 448 432 1232 1248 1249 1233 
408 432 448 449 433 1233 1249 1250 1234 
409 433 449 450 434 1234 1250 1251 1235 
410 434 450 451 435 1235 1251 1252 1236 
411 435 451 452 436 1236 1252 1253 1237 
412 436 452 453 437 1237 1253 1254 1238 
413 437 453 454 438 1238 1254 1255 1239 
414 438 454 455 439 1239 1255 1256 1240 
415 439 455 456 440 1240 1256 1257 1241 
416 440 456 457 441 1241 1257 1258 1242 
417 323 340 458 442 1124 1141 1259 1243 
418 442 458 459 443 1243 1259 1260 1244 
419 443 459 460 444 1244 1260 1261 1245 
420 444 460 461 445 1245 1261 1262 1246 
421 445 461 462 446 1246 1262 1263 1247 
422 446 462 463 447 1247 1263 1264 1248 
423 447 463 464 448 1248 1264 1265 1249 
424 448 464 465 449 1249 1265 1266 1250 
425 449 465 466 450 1250 1266 1267 1251 
426 450 466 467 451 1251 1267 1268 1252 
427 451 467 468 452 1252 1268 1269 1253 
428 452 468 469 453 1253 1269 1270 1254 
429 453 469 470 454 1254 1270 1271 1255 
430 454 470 471 455 1255 1271 1272 1256 
431 455 471 472 456 1256 1272 1273 1257 
432 456 472 473 457 1257 1273 1274 1258 
433 340 357 474 458 1141 1158 1275 1259 
434 458 474 475 459 1259 1275 1276 1260 
435 459 475 476 460 1260 1276 1277 1261 
436 460 476 477 461 1261 1277 1278 1262 
437 461 477 478 462 1262 1278 1279 1263 
438 462 478 479 463 1263 1279 1280 1264 
439 463 479 480 464 1264 1280 1281 1265 
440 464 480 481 465 1265 1281 1282 1266 
441 465 481 482 466 1266 1282 1283 1267 
442 466 482 483 467 1267 1283 1284 1268 
443 467 483 484 468 1268 1284 1285 1269 
444 468 484 485 469 1269 1285 1286 1270 
445 469 485 486 470 1270 1286 1287 1271 
446 470 486 487 471 1271 1287 1288 1272 
447 471 487 488 472 1272 1288 1289 1273 
448 472 488 489 473 1273 1289 1290 1274 
449 357 374 490 474 1158 1175 1291 1275 
450 474 490 491 475 1275 1291 1292 1276 
451 475 491 492 476 1276 1292 1293 1277 
452 476 492 493 477 1277 1293 1294 1278 
453 477 493 494 478 1278 1294 1295 1279 
454 478 494 495 479 1279 1295 1296 1280 
455 479 495 496 480 1280 1296 1297 1281 
456 480 496 497 481 1281 1297 1298 1282 
457 481 497 498 482 1282 1298 1299 1283 
458 482 498 499 483 1283 1299 1300 1284 
459 483 499 500 484 1284 1300 1301 1285 
460 484 500 501 485 1285 1301 1302 1286 
461 485 501 502 486 1286 1302 1303 1287 
462 486 502 503 487 1287 1303 1304 1288 
463 487 503 504 488 1288 1304 1305 1289 
464 488 504 505 489 1289 1305 1306 1290 
465 374 391 506 490 1175 1192 1307 1291 
466 490 506 507 491 1291 1307 1308 1292 
467 491 507 508 492 1292 1308 1309 1293 
468 492 508 509 493 1293 1309 1310 1294 
469 493 509 510 494 1294 1310 1311 1295 
470 494 510 511 495 1295 1311 1312 1296 
471 495 511 512 496 1296 1312 1313 1297 
472 496 512 513 497 1297 1313 1314 1298 
473 497 513 514 498 1298 1314 1315 1299 
474 498 514 515 499 1299 1315 1316 1300 
475 499 515 516 500 1300 1316 1317 1301 
476 500 516 517 501 1301 1317 1318 1302 
477 501 517 518 502 1302 1318 1319 1303 
478 502 518 519 503 1303 1319 1320 1304 
479 503 519 520 504 1304 1320 1321 1305 
480 504 520 521 505 1305 1321 1322 1306 
481 391 408 522 506 1192 1209 1323 1307 
482 506 522 523 507 1307 1323 1324 1308 
483 507 523 524 508 1308 1324 1325 1309 
484 508 524 525 509 1309 1325 1326 1310 
485 509 525 526 510 1310 1326 1327 1311 
486 510 526 527 511 1311 1327 1328 1312 
487 511 527 528 512 1312 1328 1329 1313 
488 512 528 529 513 1313 1329 1330 1314 
489 513 529 530 514 1314 1330 1331 1315 
490 514 530 531 515 1315 1331 1332 1316 
491 515 531 532 516 1316 1332 1333 1317 
492 516 532 533 517 1317 1333 1334 1318 
493 517 533 534 518 1318 1334 1335 1319 
494 518 534 535 519 1319 1335 1336 1320 
495 519 535 536 520 1320 1336 1337 1321 
496 520 536 537 521 1321 1337 1338 1322 
497 408 425 538 522 1209 1226 1339 1323 
498 522 538 539 523 1323 1339 1340 1324 
499 523 539 540 524 1324 1340 1341 1325 
500 524 540 541 525 1325 1341 1342 1326 
501 525 541 542 526 1326 1342 1343 1327 
502 526 542 543 527 1327 1343 1344 1328 
503 527 543 544 528 1328 1344 1345 1329 
504 528 544 545 529 1329 1345 1346 1330 
505 529 545 546 530 1330 1346 1347 1331 
506 530 546 547 531 1331 1347 1348 1332 
507 531 547 548 532 1332 1348 1349 1333 
508 532 548 549 533 1333 1349 1350 1334 
509 533 549 550 534 1334 1350 1351 1335 
510 534 550 551 535 1335 1351 1352 1336 
511 535 551 552 536 1336 1352 1353 1337 
512 536 552 553 537 1337 1353 1354 1338 
513 17 441 554 16 818 1242 1355 817 
514 16 554 555 15 817 1355 1356 816 
515 15 555 556 14 816 1356 1357 815 
516 14 556 557 13 815 1357 1358 814 
517 13 557 558 12 814 1358 1359 813 
518 12 558 559 11 813 1359 1360 812 
519 11 559 560 10 812 1360 1361 811 
520 10 560 561 9 811 1361 1362 810 
521 9 561 562 8 810 1362 1363 809 
522 8 562 563 7 809 1363 1364 808 
523 7 563 564 6 808 1364 1365 807 
524 6 564 565 5 807 1365 1366 806 
525 5 565 566 4 806 1366 1367 805 
526 4 566 567 3 805 1367 1368 804 
527 3 567 568 2 804 1368 1369 803 
528 2 568 569 1 803 1369 1370 802 
529 441 457 570 554 1242 1258 1371 1355 
530 554 570 571 555 1355 1371 1372 1356 
531 555 571 572 556 1356 1372 1373 1357 
532 556 572 573 557 1357 1373 1374 1358 
533 557 573 574 558 1358 1374 1375 1359 
534 558 574 575 559 1359 1375 1376 1360 
535 559 575 576 560 1360 1376 1377 1361 
536 560 576 577 561 1361 1377 1378 1362 
537 561 577 578 562 1362 1378 1379 1363 
538 562 578 579 563 1363 1379 1380 1364 
539 563 579 580 564 1364 1380 1381 1365 
540 564 580 581 565 1365 1381 1382 1366 
541 565 581 582 566 1366 1382 1383 1367 
542 566 582 583 567 1367 1383 1384 1368 
543 567 583 584 568 1368 1384 1385 1369 
544 568 584 585 569 1369 1385 1386 1370 
545 457 473 586 570 1258 1274 1387 1371 
546 570 586 587 571 1371 1387 1388 1372 
547 571 587 588 572 1372 1388 1389 1373 
548 572 588 589 573 1373 1389 1390 1374 
549 573 589 590 574 1374 1390 1391 1375 
550 574 590 591 575 1375 1391 1392 1376 
551 575 591 592 576 1376 1392 1393 1377 
552 576 592 593 577 1377 1393 1394 1378 
553 577 593 594 578 1378 1394 1395 1379 
554 578 594 595 579 1379 1395 1396 1380 
555 579 595 596 580 1380 1396 1397 1381 
556 580 596 597 581 1381 1397 1398 1382 
557 581 597 598 582 1382 1398 1399 1383 
558 582 598 599 583 1383 1399 1400 1384 
559 583 599 600 584 1384 1400 1401 1385 
560 584 600 601 585 1385 1401 1402 1386 
561 473 489 602 586 1274 1290 1403 1387 
562 586 602 603 587 1387 1403 1404 1388 
563 587 603 604 588 1388 1404 1405 1389 
564 588 604 605 589 1389 1405 1406 1390 
565 589 605 606 590 1390 1406 1407 1391 
566 590 606 607 591 1391 1407 1408 1392 
567 591 607 608 592 1392 1408 1409 1393 
568 592 608 609 593 1393 1409 1410 1394 
569 593 609 610 594 1394 1410 1411 1395 
570 594 610 611 595 1395 1411 1412 1396 
571 595 611 612 596 1396 1412 1413 1397 
572 596 612 613 597 1397 1413 1414 1398 
573 597 613 614 598 1398 1414 1415 1399 
574 598 614 615 599 1399 1415 1416 1400 
575 599 615 616 600 1400 1416 1417 1401 
576 600 616 617 601 1401 1417 1418 1402 
577 489 505 618 602 1290 1306 1419 1403 
578 602 618 619 603 1403 1419 1420 1404 
579 603 619 620 604 1404 1420 1421 1405 
580 604 620 621 605 1405 1421 1422 1406 
581 605 621 622 606 1406 1422 1423 1407 
582 606 622 623 607 1407 1423 1424 1408 
583 607 623 624 608 1408 1424 1425 1409 
584 608 624 625 609 1409 1425 1426 1410 
585 609 625 626 610 1410 1426 1427 1411 
586 610 626 627 611 1411 1427 1428 1412 
587 611 627 628 612 1412 1428 1429 1413 
588 612 628 629 613 1413 1429 1430 1414 
589 613 629 630 614 1414 1430 1431 1415 
590 614 630 631 615 1415 1431 1432 1416 
591 615 631 632 616 1416 1432 1433 1417 
592 616 632 633 617 1417 1433 1434 1418 
593 505 521 634 618 1306 1322 1435 1419 
594 618 634 635 619 1419 1435 1436 1420 
595 619 635 636 620 1420 1436 1437 1421 
596 620 636 637 621 1421 1437 1438 1422 
597 621 637 638 622 1422 1438 1439 1423 
598 622 638 639 623 1423 1439 1440 1424 
599 623 639 640 624 1424 1440 1441 1425 
600 624 640 641 625 1425 1441 1442 1426 
601 625 641 642 626 1426 1442 1443 1427 
602 626 642 643 627 1427 1443 1444 1428 
603 627 643 644 628 1428 1444 1445 1429 
604 628 644 645 629 1429 1445 1446 1430 
605 629 645 646 630 1430 1446 1447 1431 
606 630 646 647 631 1431 1447 1448 1432 
607 631 647 648 632 1432 1448 1449 1433 
608 632 648 649 633 1433 1449 1450 1434 
609 521 537 650 634 1322 1338 1451 1435 
610 634 650 651 635 1435 1451 1452 1436 
611 635 651 652 636 1436 1452 1453 1437 
612 636 652 653 637 1437 1453 1454 1438 
613 637 653 654 638 1438 1454 1455 1439 
614 638 654 655 639 1439 1455 1456 1440 
615 639 655 656 640 1440 1456 1457 1441 
616 640 656 657 641 1441 1457 1458 1442 
617 641 657 658 642 1442 1458 1459 1443 
618 642 658 659 643 1443 1459 1460 1444 
619 643 659 660 644 1444 1460 1461 1445 
620 644 660 661 645 1445 1461 1462 1446 
621 645 661 662 646 1446 1462 1463 1447 
622 646 662 663 647 1447 1463 1464 1448 
623 647 663 664 648 1448 1464 1465 1449 
624 648 664 665 649 1449 1465 1466 1450 
625 537 553 666 650 1338 1354 1467 1451 
626 650 666 667 651 1451 1467 1468 1452 
627 651 667 668 652 1452 1468 1469 1453 
628 652 668 669 653 1453 1469 1470 1454 
629 653 669 670 654 1454 1470 1471 1455 
630 654 670 671 655 1455 1471 1472 1456 
631 655 671 672 656 1456 1472 1473 1457 
632 656 672 673 657 1457 1473 1474 1458 
633 657 673 674 658 1458 1474 1475 1459 
634 658 674 675 659 1459 1475 1476 1460 
635 659 675 676 660 1460 1476 1477 1461 
636 660 676 677 661 1461 1477 1478 1462 
637 661 677 678 662 1462 1478 1479 1463 
638 662 678 679 663 1463 1479 1480 1464 
639 663 679 680 664 1464 1480 1481 1465 
640 664 680 681 665 1465 1481 1482 1466 
641 1 569 682 18 802 1370 1483 819 
642 18 682 683 35 819 1483 1484 836 
643 35 683 684 52 836 1484 1485 853 
644 52 684 685 69 853 1485 1486 870 
645 69 685 686 86 870 1486 1487 887 
646 86 686 687 103 887 1487 1488 904 
647 103 687 688 120 904 1488 1489 921 
648 120 688 689 137 921 1489 1490 938 
649 137 689 690 154 938 1490 1491 955 
650 154 690 691 171 955 1491 1492 972 
651 171 691 692 188 972 1492 1493 989 
652 188 692 693 205 989 1493 1494 1006 
653 205 693 694 222 1006 1494 1495 1023 
654 222 694 695 239 1023 1495 1496 1040 
655 239 695 696 256 1040 1496 1497 1057 
656 256 696 290 273 1057 1497 1091 1074 
657 569 585 697 682 1370 1386 1498 1483 
658 682 697 698 683 1483 1498 1499 1484 
659 683 698 699 684 1484 1499 1500 1485 
660 684 699 700 685 1485 1500 1501 1486 
661 685 700 701 686 1486 1501 1502 1487 
662 686 701 702 687 1487 1502 1503 1488 
663 687 702 703 688 1488 1503 1504 1489 
664 688 703 704 689 1489 1504 1505 1490 
665 689 704 705 690 1490 1505 1506 1491 
666 690 705 706 691 1491 1506 1507 1492 
667 691 706 707 692 1492 1507 1508 1493 
668 692 707 708 693 1493 1508 1509 1494 
669 693 708 709 694 1494 1509 1510 1495 
670 694 709 710 695 1495 1510 1511 1496 
671 695 710 711 696 1496 1511 1512 1497 
672 696 711 307 290 1497 1512 1108 1091 
673 585 601 712 697 1386 1402 1513 1498 
674 697 712 713 698 1498 1513 1514 1499 
675 698 713 714 699 1499 1514 1515 1500 
676 699 714 715 700 1500 1515 1516 1501 
677 700 715 716 701 1501 1516 1517 1502 
678 701 716 717 702 1502 1517 1518 1503 
679 702 717 718 703 1503 1518 1519 1504 
680 703 718 719 704 1504 1519 1520 1505 
681 704 719 720 705 1505 1520 1521 1506 
682 705 720 721 706 1506 1521 1522 1507 
683 706 721 722 707 1507 1522 1523 1508 
684 707 722 723 708 1508 1523 1524 1509 
685 708 723 724 709 1509 1524 1525 1510 
686 709 724 725 710 1510 1525 1526 1511 
687 710 725 726 711 1511 1526 1527 1512 
688 711 726 324 307 1512 1527 1125 1108 
689 601 617 727 712 1402 1418 1528 1513 
690 712 727 728 713 1513 1528 1529 1514 
691 713 728 729 714 1514 1529 1530 1515 
692 714 729 730 715 1515 1530 1531 1516 
693 715 730 731 716 1516 1531 1532 1517 
694 716 731 732 717 1517 1532 1533 1518 
695 717 732 733 718 1518 1533 1534 1519 
696 718 733 734 719 1519 1534 1535 1520 
697 719 734 735 720 1520 1535 1536 1521 
698 720 735 736 721 1521 1536 1537 1522 
699 721 736 737 722 1522 1537 1538 1523 
700 722 737 738 723 1523 1538 1539 1524 
701 723 738 739 724 1524 1539 1540 1525 
702 724 739 740 725 1525 1540 1541 1526 
703 725 740 741 726 1526 1541 1542 1527 
704 726 741 341 324 1527 1542 1142 1125 
705 617 633 742 727 1418 1434 1543 1528 
706 727 742 743 728 1528 1543 1544 1529 
707 728 743 744 729 1529 1544 1545 1530 
708 729 744 745 730 1530 1545 1546 1531 
709 730 745 746 731 1531 1546 1547 1532 
710 731 746 747 732 1532 1547 1548 1533 
711 732 747 748 733 1533 1548 1549 1534 
712 733 748 749 734 1534 1549 1550 1535 
713 734 749 750 735 1535 1550 1551 1536 
714 735 750 751 736 1536 1551 1552 1537 
715 736 751 752 737 1537 1552 1553 1538 
716 737 752 753 738 1538 1553 1554 1539 
717 738 753 754 739 1539 1554 1555 1540 
718 739 754 755 740 1540 1555 1556 1541 
719 740 755 756 741 1541 1556 1557 1542 
720 741 756 358 341 1542 1557 1159 1142 
721 633 649 757 742 1434 1450 1558 1543 
722 742 757 758 743 1543 1558 1559 1544 
723 743 758 759 744 1544 1559 1560 1545 
724 744 759 760 745 1545 1560 1561 1546 
725 745 760 761 746 1546 1561 1562 1547 
726 746 761 762 747 1547 1562 1563 1548 
727 747 762 763 748 1548 1563 1564 1549 
728 748 763 764 749 1549 1564 1565 1550 
729 749 764 765 750 1550 1565 1566 1551 
730 750 765 766 751 1551 1566 1567 1552 
731 751 766 767 752 1552 1567 1568 1553 
732 752 767 768 753 1553 1568 1569 1554 
733 753 768 769 754 1554 1569 1570 1555 
734 754 769 770 755 1555 1570 1571 1556 
735 755 770 771 756 1556 1571 1572 1557 
736 756 771 375 358 1557 1572 1176 1159 
737 649 665 772 757 1450 1466 1573 1558 
738 757 772 773 758 1558 1573 1574 1559 
739 758 773 774 759 1559 1574 1575 1560 
740 759 774 775 760 1560 1575 1576 1561 
741 760 775 776 761 1561 1576 1577 1562 
742 761 776 777 762 1562 1577 1578 1563 
743 762 777 778 763 1563 1578 1579 1564 
744 763 778 779 764 1564 1579 1580 1565 
745 764 779 780 765 1565 1580 1581 1566 
746 765 780 781 766 1566 1581 1582 1567 
747 766 781 782 767 1567 1582 1583 1568 
748 767 782 783 768 1568 1583 1584 1569 
749 768 783 784 769 1569 1584 1585 1570 
750 769 784 785 770 1570 1585 1586 1571 
751 770 785 786 771 1571 1586 1587 1572 
752 771 786 392 375 1572 1587 1193 1176 
753 665 681 787 772 1466 1482 1588 1573 
754 772 787 788 773 1573 1588 1589 1574 
755 773 788 789 774 1574 1589 1590 1575 
756 774 789 790 775 1575 1590 1591 1576 
757 775 790 791 776 1576 1591 1592 1577 
758 776 791 792 777 1577 1592 1593 1578 
759 777 792 793 778 1578 1593 1594 1579 
760 778 793 794 779 1579 1594 1595 1580 
761 779 794 795 780 1580 1595 1596 1581 
762 780 795 796 781 1581 1596 1597 1582 
763 781 796 797 782 1582 1597 1598 1583 
764 782 797 798 783 1583 1598 1599 1584 
765 783 798 799 784 1584 1599 1600 1585 
766 784 799 800 785 1585 1600 1601 1586 
767 785 800 801 786 1586 1601 1602 1587 
768 786 801 409 392 1587 1602 1210 1193 
769 802 819 820 803 1603 1620 1621 1604 
770 803 820 821 804 1604 1621 1622 1605 
771 804 821 822 805 1605 1622 1623 1606 
772 805 822 823 806 1606 1623 1624 1607 
773 806 823 824 807 1607 1624 1625 1608 
774 807 824 825 808 1608 1625 1626 1609 
775 808 825 826 809 1609 1626 1627 1610 
776 809 826 827 810 1610 1627 1628 1611 
777 810 827 828 811 1611 1628 1629 1612 
778 811 828 829 812 1612 1629 1630 1613 
779 812 829 830 813 1613 1630 1631 1614 
780 813 830 831 814 1614 1631 1632 1615 
781 814 831 832 815 1615 1632 1633 1616 
782 815 832 833 816 1616 1633 1634 1617 
783 816 833 834 817 1617 1634 1635 1618 
784 817 834 835 818 1618 1635 1636 1619 
785 819 836 837 820 1620 1637 1638 1621 
786 820 837 838 821 1621 1638 1639 1622 
787 821 838 839 822 1622 1639 1640 1623 
788 822 839 840 823 1623 1640 1641 1624 
789 823 840 841 824 1624 1641 1642 1625 
790 824 841 842 825 1625 1642 1643 1626 
791 825 842 843 826 1626 1643 1644 1627 
792 826 843 844 827 1627 1644 1645 1628 
793 827 844 845 828 1628 1645 1646 1629 
794 828 845 846 829 1629 1646 1647 1630 
795 829 846 847 830 1630 1647 1648 1631 
796 830 847 848 831 1631 1648 1649 1632 
797 831 848 849 832 1632 1649 1650 1633 
798 832 849 850 833 1633 1650 1651 1634 
799 833 850 851 834 1634 1651 1652 1635 
800 834 851 852 835 1635 1652 1653 1636 
801 836 853 854 837 1637 1654 1655 1638 
802 837 854 855 838 1638 1655 1656 1639 
803 838 855 856 839 1639 1656 1657 1640 
804 839 856 857 840 1640 1657 1658 1641 
805 840 857 858 841 1641 1658 1659 1642 
806 841 858 859 842 1642 1659 1660 1643 
807 842 859 860 843 1643 1660 1661 1644 
808 843 860 861 844 1644 1661 1662 1645 
809 844 861 862 845 1645 1662 1663 1646 
810 845 862 863 846 1646 1663 1664 1647 
811 846 863 864 847 1647 1664 1665 1648 
812 847 864 865 848 1648 1665 1666 1649 
813 848 865 866 849 1649 1666 1667 1650 
814 849 866 867 850 1650 1667 1668 1651 
815 850 867 868 851 1651 1668 1669 1652 
816 851 868 869 852 1652 1669 1670 1653 
817 853 870 871 854 1654 1671 1672 1655 
818 854 871 872 855 1655 1672 1673 1656 
819 855 872 873 856 1656 1673 1674 1657 
820 856 873 874 857 1657 1674 1675 1658 
821 857 874 875 858 1658 1675 1676 1659 
822 858 875 876 859 1659 1676 1677 1660 
823 859 876 877 860 1660 1677 1678 1661 
824 860 877 878 861 1661 1678 1679 1662 
825 861 878 879 862 1662 1679 1680 1663 
826 862 879 880 863 1663 1680 1681 1664 
827 863 880 881 864 1664 1681 1682 1665 
828 864 881 882 865 1665 1682 1683 1666 
829 865 882 883 866 1666 1683 1684 1667 
830 866 883 884 867 1667 1684 1685 1668 
831 867 884 885 868 1668 1685 1686 1669 
832 868 885 886 869 1669 1686 1687 1670 
833 870 887 888 871 1671 1688 1689 1672 
834 871 888 889 872 1672 1689 1690 1673 
835 872 889 890 873 1673 1690 1691 1674 
836 873 890 891 874 1674 1691 1692 1675 
837 874 891 892 875 1675 1692 1693 1676 
838 875 892 893 876 1676 1693 1694 1677 
839 876 893 894 877 1677 1694 1695 1678 
840 877 894 895 878 1678 1695 1696 1679 
841 878 895 896 879 1679 1696 1697 1680 
842 879 896 897 880 1680 1697 1698 1681 
843 880 897 898 881 1681 1698 1699 1682 
844 881 898 899 882 1682 1699 1700 1683 
845 882 899 900 883 1683 1700 1701 1684 
846 883 900 901 884 1684 1701 1702 1685 
847 884 901 902 885 1685 1702 1703 1686 
848 885 902 903 886 1686 1703 1704 1687 
849 887 904 905 888 1688 1705 1706 1689 
850 888 905 906 889 1689 1706 1707 1690 
851 889 906 907 890 1690 1707 1708 1691 
852 890 907 908 891 1691 1708 1709 1692 
853 891 908 909 892 1692 1709 1710 1693 
854 892 909 910 893 1693 1710 1711 1694 
855 893 910 911 894 1694 1711 1712 1695 
856 894 911 912 895 1695 1712 1713 1696 
857 895 912 913 896 1696 1713 1714 1697 
858 896 913 914 897 1697 1714 1715 1698 
859 897 914 915 898 1698 1715 1716 1699 
860 898 915 916 899 1699 1716 1717 1700 
861 899 916 917 900 1700 1717 1718 1701 
862 900 917 918 901 1701 1718 1719 1702 
863 901 918 919 902 1702 1719 1720 1703 
864 902 919 920 903 1703 1720 1721 1704 
865 904 921 922 905 1705 1722 1723 1706 
866 905 922 923 906 1706 1723 1724 1707 
867 906 923 924 907 1707 1724 1725 1708 
868 907 924 925 908 1708 1725 1726 1709 
869 908 925 926 909 1709 1726 1727 1710 
870 909 926 927 910 1710 1727 1728 1711 
871 910 927 928 911 1711 1728 1729 1712 
872 911 928 929 912 1712 1729 1730 1713 
873 912 929 930 913 1713 1730 1731 1714 
874 913 930 931 914 1714 1731 1732 1715 
875 914 931 932 915 1715 1732 1733 1716 
876 915 932 933 916 1716 1733 1734 1717 
877 916 933 934 917 1717 1734 1735 1718 
878 917 934 935 918 1718 1735 1736 1719 
879 918 935 936 919 1719 1736 1737 1720 
880 919 936 937 920 1720 1737 1738 1721 
881 921 938 939 922 1722 1739 1740 1723 
882 922 939 940 923 1723 1740 1741 1724 
883 923 940 941 924 1724 1741 1742 1725 
884 924 941 942 925 1725 1742 1743 1726 
885 925 942 943 926 1726 1743 1744 1727 
886 926 943 944 927 1727 1744 1745 1728 
887 927 944 945 928 1728 1745 1746 1729 
888 928 945 946 929 1729 1746 1747 1730 
889 929 946 947 930 1730 1747 1748 1731 
890 930 947 948 931 1731 1748 1749 1732 
891 931 948 949 932 1732 1749 1750 1733 
892 932 949 950 933 1733 1750 1751 1734 
893 933 950 951 934 1734 1751 1752 1735 
894 934 951 952 935 1735 1752 1753 1736 
895 935 952 953 936 1736 1753 1754 1737 
896 936 953 954 937 1737 1754 1755 1738 
897 938 955 956 939 1739 1756 1757 1740 
898 939 956 957 940 1740 1757 1758 1741 
899 940 957 958 941 1741 1758 1759 1742 
900 941 958 959 942 1742 1759 1760 1743 
901 942 959 960 943 1743 1760 1761 1744 
902 943 960 961 944 1744 1761 1762 1745 
903 944 961 962 945 1745 1762 1763 1746 
904 945 962 963 946 1746 1763 1764 1747 
905 946 963 964 947 1747 1764 1765 1748 
906 947 964 965 948 1748 1765 1766 1749 
907 948 965 966 949 1749 1766 1767 1750 
908 949 966 967 950 1750 1767 1768 1751 
909 950 967 968 951 1751 1768 1769 1752 
910 951 968 969 952 1752 1769 1770 1753 
911 952 969 970 953 1753 1770 1771 1754 
912 953 970 971 954 1754 1771 1772 1755 
913 955 972 973 956 1756 1773 1774 1757 
914 956 973 974 957 1757 1774 1775 1758 
915 957 974 975 958 1758 1775 1776 1759 
916 958 975 976 959 1759 1776 1777 1760 
917 959 976 977 960 1760 1777 1778 1761 
918 960 977 978 961 1761 1778 1779 1762 
919 961 978 979 962 1762 1779 1780 1763 
920 962 979 980 963 1763 1780 1781 1764 
921 963 980 981 964 1764 1781 1782 1765 
922 964 981 982 965 1765 1782 1783 1766 
923 965 982 983 966 1766 1783 1784 1767 
924 966 983 984 967 1767 1784 1785 1768 
925 967 984 985 968 1768 1785 1786 1769 
926 968 985 986 969 1769 1786 1787 1770 
927 969 986 987 970 1770 1787 1788 1771 
928 970 987 988 971 1771 1788 1789 1772 
929 972 989 990 973 1773 1790 1791 1774 
930 973 990 991 974 1774 1791 1792 1775 
931 974 991 992 975 1775 1792 1793 1776 
932 975 992 993 976 1776 1793 1794 1777 
933 976 993 994 977 1777 1794 1795 1778 
934 977 994 995 978 1778 1795 1796 1779 
935 978 995 996 979 1779 1796 1797 1780 
936 979 996 997 980 1780 1797 1798 1781 
937 980 997 998 981 1781 1798 1799 1782 
938 981 998 999 982 1782 1799 1800 1783 
939 982 999 1000 983 1783 1800 1801 1784 
940 983 1000 1001 984 1784 1801 1802 1785 
941 984 1001 1002 985 1785 1802 1803 1786 
942 985 1002 1003 986 1786 1803 1804 1787 
943 986 1003 1004 987 1787 1804 1805 1788 
944 987 1004 1005 988 1788 1805 1806 1789 
945 989 1006 1007 990 1790 1807 1808 1791 
946 990 1007 1008 991 1791 1808 1809 1792 
947 991 1008 1009 992 1792 1809 1810 1793 
948 992 1009 1010 993 1793 1810 1811 1794 
949 993 1010 1011 994 1794 1811 1812 1795 
950 994 1011 1012 995 1795 1812 1813 1796 
951 995 1012 1013 996 1796 1813 1814 1797 
952 996 1013 1014 997 1797 1814 1815 1798 
953 997 1014 1015 998 1798 1815 1816 1799 
954 998 1015 1016 999 1799 1816 1817 1800 
955 999 1016 1017 1000 1800 1817 1818 1801 
956 1000 1017 1018 1001 1801 1818 1819 1802 
957 1001 1018 1019 1002 1802 1819 1820 1803 
958 1002 1019 1020 1003 1803 1820 1821 1804 
959 1003 1020 1021 1004 1804 1821 1822 1805 
960 1004 1021 1022 1005 1805 1822 1823 1806 
961 1006 1023 1024 1007 1807 1824 1825 1808 
962 1007 1024 1025 1008 1808 1825 1826 1809 
963 1008 1025 1026 1009 1809 1826 1827 1810 
964 1009 1026 1027 1010 1810 1827 1828 1811 
965 1010 1027 1028 1011 1811 1828 1829 1812 
966 1011 1028 1029 1012 1812 1829 1830 1813 
967 1012 1029 1030 1013 1813 1830 1831 1814 
968 1013 1030 1031 1014 1814 1831 1832 1815 
969 1014 1031 1032 1015 1815 1832 1833 1816 
970 1015 1032 1033 1016 1816 1833 1834 1817 
971 1016 1033 1034 1017 1817 1834 1835 1818 
972 1017 1034 1035 1018 1818 1835 1836 1819 
973 1018 1035 1036 1019 1819 1836 1837 1820 
974 1019 1036 1037 1020 1820 1837 1838 1821 
975 1020 1037 1038 1021 1821 1838 1839 1822 
976 1021 1038 1039 1022 1822 1839 1840 1823 
977 1023 1040 1041 1024 1824 1841 1842 1825 
978 1024 1041 1042 1025 1825 1842 1843 1826 
979 1025 1042 1043 1026 1826 1843 1844 1827 
980 1026 1043 1044 1027 1827 1844 1845 1828 
981 1027 1044 1045 1028 1828 1845 1846 1829 
982 1028 1045 1046 1029 1829 1846 1847 1830 
983 1029 1046 1047 1030 1830 1847 1848 1831 
984 1030 1047 1048 1031 1831 1848 1849 1832 
985 1031 1048 1049 1032 1832 1849 1850 1833 
986 1032 1049 1050 1033 1833 1850 1851 1834 
987 1033 1050 1051 1034 1834 1851 1852 1835 
988 1034 1051 1052 1035 1835 1852 1853 1836 
989 1035 1052 1053 1036 1836 1853 1854 1837 
990 1036 1053 1054 1037 1837 1854 1855 1838 
991 1037 1054 1055 1038 1838 1855 1856 1839 
992 1038 1055 1056 1039 1839 1856 1857 1840 
993 1040 1057 1058 1041 1841 1858 1859 1842 
994 1041 1058 1059 1042 1842 1859 1860 1843 
995 1042 1059 1060 1043 1843 1860 1861 1844 
996 1043 1060 1061 1044 1844 1861 1862 1845 
997 1044 1061 1062 1045 1845 1862 1863 1846 
998 1045 1062 1063 1046 1846 1863 1864 1847 
999 1046 1063 1064 1047 1847 1864 1865 1848 
1000 1047 1064 1065 1048 1848 1865 1866 1849 
1001 1048 1065 1066 1049 1849 1866 1867 1850 
1002 1049 1066 1067 1050 1850 1867 1868 1851 
1003 1050 1067 1068 1051 1851 1868 1869 1852 
1004 1051 1068 1069 1052 1852 1869 1870 1853 
1005 1052 1069 1070 1053 1853 1870 1871 1854 
1006 1053 1070 1071 1054 1854 1871 1872 1855 
1007 1054 1071 1072 1055 1855 1872 1873 1856 
1008 1055 1072 1073 1056 1856 1873 1874 1857 
1009 1057 1074 1075 1058 1858 1875 1876 1859 
1010 1058 1075 1076 1059 1859 1876 1877 1860 
1011 1059 1076 1077 1060 1860 1877 1878 1861 
1012 1060 1077 1078 1061 1861 1878 1879 1862 
1013 1061 1078 1079 1062 1862 1879 1880 1863 
1014 1062 1079 1080 1063 1863 1880 1881 1864 
1015 1063 1080 1081 1064 1864 1881 1882 1865 
1016 1064 1081 1082 1065 1865 1882 1883 1866 
1017 1065 1082 1083 1066 1866 1883 1884 1867 
1018 1066 1083 1084 1067 1867 1884 1885 1868 
1019 1067 1084 1085 1068 1868 1885 1886 1869 
1020 1068 1085 1086 1069 1869 1886 1887 1870 
1021 1069 1086 1087 1070 1870 1887 1888 1871 
1022 1070 1087 1088 1071 1871 1888 1889 1872 
1023 1071 1088 1089 1072 1872 1889 1890 1873 
1024 1072 1089 1090 1073 1873 1890 1891 1874 
1025 1074 1091 1092 1075 1875 1892 1893 1876 
1026 1075 1092 1093 1076 1876 1893 1894 1877 
1027 1076 1093 1094 1077 1877 1894 1895 1878 
1028 1077 1094 1095 1078 1878 1895 1896 1879 
1029 1078 1095 1096 1079 1879 1896 1897 1880 
1030 1079 1096 1097 1080 1880 1897 1898 1881 
1031 1080 1097 1098 1081 1881 1898 1899 1882 
1032 1081 1098 1099 1082 1882 1899 1900 1883 
1033 1082 1099 1100 1083 1883 1900 1901 1884 
1034 1083 1100 1101 1084 1884 1901 1902 1885 
1035 1084 1101 1102 1085 1885 1902 1903 1886 
1036 1085 1102 1103 1086 1886 1903 1904 1887 
1037 1086 1103 1104 1087 1887 1904 1905 1888 
1038 1087 1104 1105 1088 1888 1905 1906 1889 
1039 1088 1105 1106 1089 1889 1906 1907 1890 
1040 1089 1106 1107 1090 1890 1907 1908 1891 
1041 1091 1108 1109 1092 1892 1909 1910 1893 
1042 1092 1109 1110 1093 1893 1910 1911 1894 
1043 1093 1110 1111 1094 1894 1911 1912 1895 
1044 1094 1111 1112 1095 1895 1912 1913 1896 
1045 1095 1112 1113 1096 1896 1913 1914 1897 
1046 1096 1113 1114 1097 1897 1914 1915 1898 
1047 1097 1114 1115 1098 1898 1915 1916 1899 
1048 1098 1115 1116 1099 1899 1916 1917 1900 
1049 1099 1116 1117 1100 1900 1917 1918 1901 
1050 1100 1117 1118 1101 1901 1918 1919 1902 
1051 1101 1118 1119 1102 1902 1919 1920 1903 
1052 1102 1119 1120 1103 1903 1920 1921 1904 
1053 1103 1120 1121 1104 1904 1921 1922 1905 
1054 1104 1121 1122 1105 1905 1922 1923 1906 
1055 1105 1122 1123 1106 1906 1923 1924 1907 
1056 1106 1123 1124 1107 1907 1924 1925 1908 
1057 1108 1125 1126 1109 1909 1926 1927 1910 
1058 1109 1126 1127 1110 1910 1927 1928 1911 
1059 1110 1127 1128 1111 1911 1928 1929 1912 
1060 1111 1128 1129 1112 1912 1929 1930 1913 
1061 1112 1129 1130 1113 1913 1930 1931 1914 
1062 1113 1130 1131 1114 1914 1931 1932 1915 
1063 1114 1131 1132 1115 1915 1932 1933 1916 
1064 1115 1132 1133 1116 1916 1933 1934 1917 
1065 1116 1133 1134 1117 1917 1934 1935 1918 
1066 1117 1134 1135 1118 1918 1935 1936 1919 
1067 1118 1135 1136 1119 1919 1936 1937 1920 
1068 1119 1136 1137 1120 1920 1937 1938 1921 
1069 1120 1137 1138 1121 1921 1938 1939 1922 
1070 1121 1138 1139 1122 1922 1939 1940 1923 
1071 1122 1139 1140 1123 1923 1940 1941 1924 
1072 1123 1140 1141 1124 1924 1941 1942 1925 
1073 1125 1142 1143 1126 1926 1943 1944 1927 
1074 1126 1143 1144 1127 1927 1944 1945 1928 
1075 1127 1144 1145 1128 1928 1945 1946 1929 
1076 1128 1145 1146 1129 1929 1946 1947 1930 
1077 1129 1146 1147 1130 1930 1947 1948 1931 
1078 1130 1147 1148 1131 1931 1948 1949 1932 
1079 1131 1148 1149 1132 1932 1949 1950 1933 
1080 1132 1149 1150 1133 1933 1950 1951 1934 
1081 1133 1150 1151 1134 1934 1951 1952 1935 
1082 1134 1151 1152 1135 1935 1952 1953 1936 
1083 1135 1152 1153 1136 1936 1953 1954 1937 
1084 1136 1153 1154 1137 1937 1954 1955 1938 
1085 1137 1154 1155 1138 1938 1955 1956 1939 
1086 1138 1155 1156 1139 1939 1956 1957 1940 
1087 1139 1156 1157 1140 1940 1957 1958 1941 
1088 1140 1157 1158 1141 1941 1958 1959 1942 
1089 1142 1159 1160 1143 1943 1960 1961 1944 
1090 1143 1160 1161 1144 1944 1961 1962 1945 
1091 1144 1161 1162 1145 1945 1962 1963 1946 
1092 1145 1162 1163 1146 1946 1963 1964 1947 
1093 1146 1163 1164 1147 1947 1964 1965 1948 
1094 1147 1164 1165 1148 1948 1965 1966 1949 
1095 1148 1165 1166 1149 1949 1966 1967 1950 
1096 1149 1166 1167 1150 1950 1967 1968 1951 
1097 1150 1167 1168 1151 1951 1968 1969 1952 
1098 1151 1168 1169 1152 1952 1969 1970 1953 
1099 1152 1169 1170 1153 1953 1970 1971 1954 
1100 1153 1170 1171 1154 1954 1971 1972 1955 
1101 1154 1171 1172 1155 1955 1972 1973 1956 
1102 1155 1172 1173 1156 1956 1973 1974 1957 
1103 1156 1173 1174 1157 1957 1974 1975 1958 
1104 1157 1174 1175 1158 1958 1975 1976 1959 
1105 1159 1176 1177 1160 1960 1977 1978 1961 
1106 1160 1177 1178 1161 1961 1978 1979 1962 
1107 1161 1178 1179 1162 1962 1979 1980 1963 
1108 1162 1179 1180 1163 1963 1980 1981 1964 
1109 1163 1180 1181 1164 1964 1981 1982 1965 
1110 1164 1181 1182 1165 1965 1982 1983 1966 
1111 1165 1182 1183 1166 1966 1983 1984 1967 
1112 1166 1183 1184 1167 1967 1984 1985 1968 
1113 1167 1184 1185 1168 1968 1985 1986 1969 
1114 1168 1185 1186 1169 1969 1986 1987 1970 
1115 1169 1186 1187 1170 1970 1987 1988 1971 
1116 1170 1187 1188 1171 1971 1988 1989 1972 
1117 1171 1188 1189 1172 1972 1989 1990 1973 
1118 1172 1189 1190 1173 1973 1990 1991 1974 
1119 1173 1190 1191 1174 1974 1991 1992 1975 
1120 1174 1191 1192 1175 1975 1992 1993 1976 
1121 1176 1193 1194 1177 1977 1994 1995 1978 
1122 1177 1194 1195 1178 1978 1995 1996 1979 
1123 1178 1195 1196 1179 1979 1996 1997 1980 
1124 1179 1196 1197 1180 1980 1997 1998 1981 
1125 1180 1197 1198 1181 1981 1998 1999 1982 
1126 1181 1198 1199 1182 1982 1999 2000 1983 
1127 1182 1199 1200 1183 1983 2000 2001 1984 
1128 1183 1200 1201 1184 1984 2001 2002 1985 
1129 1184 1201 1202 1185 1985 2002 2003 1986 
1130 1185 1202 1203 1186 1986 2003 2004 1987 
1131 1186 1203 1204 1187 1987 2004 2005 1988 
1132 1187 1204 1205 1188 1988 2005 2006 1989 
1133 1188 1205 1206 1189 1989 2006 2007 1990 
1134 1189 1206 1207 1190 1990 2007 2008 1991 
1135 1190 1207 1208 1191 1991 2008 2009 1992 
1136 1191 1208 1209 1192 1992 2009 2010 1993 
1137 1193 1210 1211 1194 1994 2011 2012 1995 
1138 1194 1211 1212 1195 1995 2012 2013 1996 
1139 1195 1212 1213 1196 1996 2013 2014 1997 
1140 1196 1213 1214 1197 1997 2014 2015 1998 
1141 1197 1214 1215 1198 1998 2015 2016 1999 
1142 1198 1215 1216 1199 1999 2016 2017 2000 
1143 1199 1216 1217 1200 2000 2017 2018 2001 
1144 1200 1217 1218 1201 2001 2018 2019 2002 
1145 1201 1218 1219 1202 2002 2019 2020 2003 
1146 1202 1219 1220 1203 2003 2020 2021 2004 
1147 1203 1220 1221 1204 2004 2021 2022 2005 
1148 1204 1221 1222 1205 2005 2022 2023 2006 
1149 1205 1222 1223 1206 2006 2023 2024 2007 
1150 1206 1223 1224 1207 2007 2024 2025 2008 
1151 1207 1224 1225 1208 2008 2025 2026 2009 
1152 1208 1225 1226 1209 2009 2026 2027 2010 
1153 1090 1107 1227 1073 1891 1908 2028 1874 
1154 1073 1227 1228 1056 1874 2028 2029 1857 
1155 1056 1228 1229 1039 1857 2029 2030 1840 
1156 1039 1229 1230 1022 1840 2030 2031 1823 
1157 1022 1230 1231 1005 1823 2031 2032 1806 
1158 1005 1231 1232 988 1806 2032 2033 1789 
1159 988 1232 1233 971 1789 2033 2034 1772 
1160 971 1233 1234 954 1772 2034 2035 1755 
1161 954 1234 1235 937 1755 2035 2036 1738 
1162 937 1235 1236 920 1738 2036 2037 1721 
1163 920 1236 1237 903 1721 2037 2038 1704 
1164 903 1237 1238 886 1704 2038 2039 1687 
1165 886 1238 1239 869 1687 2039 2040 1670 
1166 869 1239 1240 852 1670 2040 2041 1653 
1167 852 1240 1241 835 1653 2041 2042 1636 
1168 835 1241 1242 818 1636 2042 2043 1619 
1169 1107 1124 1243 1227 1908 1925 2044 2028 
1170 1227 1243 1244 1228 2028 2044 2045 2029 
1171 1228 1244 1245 1229 2029 2045 2046 2030 
1172 1229 1245 1246 1230 2030 2046 2047 2031 
1173 1230 1246 1247 1231 2031 2047 2048 2032 
1174 1231 1247 1248 1232 2032 2048 2049 2033 
1175 1232 1248 1249 1233 2033 2049 2050 2034 
1176 1233 1249 1250 1234 2034 2050 2051 2035 
1177 1234 1250 1251 1235 2035 2051 2052 2036 
1178 1235 1251 1252 1236 2036 2052 2053 2037 
1179 1236 1252 1253 1237 2037 2053 2054 2038 
1180 1237 1253 1254 1238 2038 2054 2055 2039 
1181 1238 1254 1255 1239 2039 2055 2056 2040 
1182 1239 1255 1256 1240 2040 2056 2057 2041 
1183 1240 1256 1257 1241 2041 2057 2058 2042 
1184 1241 1257 1258 1242 2042 2058 2059 2043 
1185 1124 1141 1259 1243 1925 1942 2060 2044 
1186 1243 1259 1260 1244 2044 2060 2061 2045 
1187 1244 1260 1261 1245 2045 2061 2062 2046 
1188 1245 1261 1262 1246 2046 2062 2063 2047 
1189 1246 1262 1263 1247 2047 2063 2064 2048 
1190 1247 1263 1264 1248 2048 2064 2065 2049 
1191 1248 1264 1265 1249 2049 2065 2066 2050 
1192 1249 1265 1266 1250 2050 2066 2067 2051 
1193 1250 1266 1267 1251 2051 2067 2068 2052 
1194 1251 1267 1268 1252 2052 2068 2069 2053 
1195 1252 1268 1269 1253 2053 2069 2070 2054 
1196 1253 1269 1270 1254 2054 2070 2071 2055 
1197 1254 1270 1271 1255 2055 2071 2072 2056 
1198 1255 1271 1272 1256 2056 2072 2073 2057 
1199 1256 1272 1273 1257 2057 2073 2074 2058 
1200 1257 1273 1274 1258 2058 2074 2075 2059 
1201 1141 1158 1275 1259 1942 1959 2076 2060 
1202 1259 1275 1276 1260 2060 2076 2077 2061 
1203 1260 1276 1277 1261 2061 2077 2078 2062 
1204 1261 1277 1278 1262 2062 2078 2079 2063 
1205 1262 1278 1279 1263 2063 2079 2080 2064 
1206 1263 1279 1280 1264 2064 2080 2081 2065 
1207 1264 1280 1281 1265 2065 2081 2082 2066 
1208 1265 1281 1282 1266 2066 2082 2083 2067 
1209 1266 1282 1283 1267 2067 2083 2084 2068 
1210 1267 1283 1284 1268 2068 2084 2085 2069 
1211 1268 1284 1285 1269 2069 2085 2086 2070 
1212 1269 1285 1286 1270 2070 2086 2087 2071 
1213 1270 1286 1287 1271 2071 2087 2088 2072 
1214 1271 1287 1288 1272 2072 2088 2089 2073 
1215 1272 1288 1289 1273 2073 2089 2090 2074 
1216 1273 1289 1290 1274 2074 2090 2091 2075 
1217 1158 1175 1291 1275 1959 1976 2092 2076 
1218 1275 1291 1292 1276 2076 2092 2093 2077 
1219 1276 1292 1293 1277 2077 2093 2094 2078 
1220 1277 1293 1294 1278 2078 2094 2095 2079 
1221 1278 1294 1295 1279 2079 2095 2096 2080 
1222 1279 1295 1296 1280 2080 2096 2097 2081 
1223 1280 1296 1297 1281 2081 2097 2098 2082 
1224 1281 1297 1298 1282 2082 2098 2099 2083 
1225 1282 1298 1299 1283 2083 2099 2100 2084 
1226 1283 1299 1300 1284 2084 2100 2101 2085 
1227 1284 1300 1301 1285 2085 2101 2102 2086 
1228 1285 1301 1302 1286 2086 2102 2103 2087 
1229 1286 1302 1303 1287 2087 2103 2104 2088 
1230 1287 1303 1304 1288 2088 2104 2105 2089 
1231 1288 1304 1305 1289 2089 2105 2106 2090 
1232 1289 1305 1306 1290 2090 2106 2107 2091 
1233 1175 1192 1307 1291 1976 1993 2108 2092 
1234 1291 1307 1308 1292 2092 2108 2109 2093 
1235 1292 1308 1309 1293 2093 2109 2110 2094 
1236 1293 1309 1310 1294 2094 2110 2111 2095 
1237 1294 1310 1311 1295 2095 2111 2112 2096 
1238 1295 1311 1312 1296 2096 2112 2113 2097 
1239 1296 1312 1313 1297 2097 2113 2114 2098 
1240 1297 1313 1314 1298 2098 2114 2115 2099 
1241 1298 1314 1315 1299 2099 2115 2116 2100 
1242 1299 1315 1316 1300 2100 2116 2117 2101 
1243 1300 1316 1317 1301 2101 2117 2118 2102 
1244 1301 1317 1318 1302 2102 2118 2119 2103 
1245 1302 1318 1319 1303 2103 2119 2120 2104 
1246 1303 1319 1320 1304 2104 2120 2121 2105 
1247 1304 1320 1321 1305 2105 2121 2122 2106 
1248 1305 1321 1322 1306 2106 2122 2123 2107 
1249 1192 1209 1323 1307 1993 2010 2124 2108 
1250 1307 1323 1324 1308 2108 2124 2125 2109 
1251 1308 1324 1325 1309 2109 2125 2126 2110 
1252 1309 1325 1326 1310 2110 2126 2127 2111 
1253 1310 1326 1327 1311 2111 2127 2128 2112 
1254 1311 1327 1328 1312 2112 2128 2129 2113 
1255 1312 1328 1329 1313 2113 2129 2130 2114 
1256 1313 1329 1330 1314 2114 2130 2131 2115 
1257 1314 1330 1331 1315 2115 2131 2132 2116 
1258 1315 1331 1332 1316 2116 2132 2133 2117 
1259 1316 1332 1333 1317 2117 2133 2134 2118 
1260 1317 1333 1334 1318 2118 2134 2135 2119 
1261 1318 1334 1335 1319 2119 2135 2136 2120 
1262 1319 1335 1336 1320 2120 2136 2137 2121 
1263 1320 1336 1337 1321 2121 2137 2138 2122 
1264 1321 1337 1338 1322 2122 2138 2139 2123 
1265 1209 1226 1339 1323 2010 2027 2140 2124 
1266 1323 1339 1340 1324 2124 2140 2141 2125 
1267 1324 1340 1341 1325 2125 2141 2142 2126 
1268 1325 1341 1342 1326 2126 2142 2143 2127 
1269 1326 1342 1343 1327 2127 2143 2144 2128 
1270 1327 1343 1344 1328 2128 2144 2145 2129 
1271 1328 1344 1345 1329 2129 2145 2146 2130 
1272 1329 1345 1346 1330 2130 2146 2147 2131 
1273 1330 1346 1347 1331 2131 2147 2148 2132 
1274 1331 1347 1348 1332 2132 2148 2149 2133 
1275 1332 1348 1349 1333 2133 2149 2150 2134 
1276 1333 1349 1350 1334 2134 2150 2151 2135 
1277 1334 1350 1351 1335 2135 2151 2152 2136 
1278 1335 1351 1352 1336 2136 2152 2153 2137 
1279 1336 1352 1353 1337 2137 2153 2154 2138 
1280 1337 1353 1354 1338 2138 2154 2155 2139 
1281 818 1242 1355 817 1619 2043 2156 1618 
1282 817 1355 1356 816 1618 2156 2157 1617 
1283 816 1356 1357 815 1617 2157 2158 1616 
1284 815 1357 1358 814 1616 2158 2159 1615 
1285 814 1358 1359 813 1615 2159 2160 1614 
1286 813 1359 1360 812 1614 2160 2161 1613 
1287 812 1360 1361 811 1613 2161 2162 1612 
1288 811 1361 1362 810 1612 2162 2163 1611 
1289 810 1362 1363 809 1611 2163 2164 1610 
1290 809 1363 1364 808 1610 2164 2165 1609 
1291 808 1364 1365 807 1609 2165 2166 1608 
1292 807 1365 1366 806 1608 2166 2167 1607 
1293 806 1366 1367 805 1607 2167 2168 1606 
1294 805 1367 1368 804 1606 2168 2169 1605 
1295 804 1368 1369 803 1605 2169 2170 1604 
1296 803 1369 1370 802 1604 2170 2171 1603 
1297 1242 1258 1371 1355 2043 2059 2172 2156 
1298 1355 1371 1372 1356 2156 2172 2173 2157 
1299 1356 1372 1373 1357 2157 2173 2174 2158 
1300 1357 1373 1374 1358 2158 2174 2175 2159 
1301 1358 1374 1375 1359 2159 2175 2176 2160 
1302 1359 1375 1376 1360 2160 2176 2177 2161 
1303 1360 1376 1377 1361 2161 2177 2178 2162 
1304 1361 1377 1378 1362 2162 2178 2179 2163 
1305 1362 1378 1379 1363 2163 2179 2180 2164 
1306 1363 1379 1380 1364 2164 2180 2181 2165 
1307 1364 1380 1381 1365 2165 2181 2182 2166 
1308 1365 1381 1382 1366 2166 2182 2183 2167 
1309 1366 1382 1383 1367 2167 2183 2184 2168 
1310 1367 1383 1384 1368 2168 2184 2185 2169 
1311 1368 1384 1385 1369 2169 2185 2186 2170 
1312 1369 1385 1386 1370 2170 2186 2187 2171 
1313 1258 1274 1387 1371 2059 2075 2188 2172 
1314 1371 1387 1388 1372 2172 2188 2189 2173 
1315 1372 1388 1389 1373 2173 2189 2190 2174 
1316 1373 1389 1390 1374 2174 2190 2191 2175 
1317 1374 1390 1391 1375 2175 2191 2192 2176 
1318 1375 1391 1392 1376 2176 2192 2193 2177 
1319 1376 1392 1393 1377 2177 2193 2194 2178 
1320 1377 1393 1394 1378 2178 2194 2195 2179 
1321 1378 1394 1395 1379 2179 2195 2196 2180 
1322 1379 1395 1396 1380 2180 2196 2197 2181 
1323 1380 1396 1397 1381 2181 2197 2198 2182 
1324 1381 1397 1398 1382 2182 2198 2199 2183 
1325 1382 1398 1399 1383 2183 2199 2200 2184 
1326 1383 1399 1400 1384 2184 2200 2201 2185 
1327 1384 1400 1401 1385 2185 2201 2202 2186 
1328 1385 1401 1402 1386 2186 2202 2203 2187 
1329 1274 1290 1403 1387 2075 2091 2204 2188 
1330 1387 1403 1404 1388 2188 2204 2205 2189 
1331 1388 1404 1405 1389 2189 2205 2206 2190 
1332 1389 1405 1406 1390 2190 2206 2207 2191 
1333 1390 1406 1407 1391 2191 2207 2208 2192 
1334 1391 1407 1408 1392 2192 2208 2209 2193 
1335 1392 1408 1409 1393 2193 2209 2210 2194 
1336 1393 1409 1410 1394 2194 2210 2211 2195 
1337 1394 1410 1411 1395 2195 2211 2212 2196 
1338 1395 1411 1412 1396 2196 2212 2213 2197 
1339 1396 1412 1413 1397 2197 2213 2214 2198 
1340 1397 1413 1414 1398 2198 2214 2215 2199 
1341 1398 1414 1415 1399 2199 2215 2216 2200 
1342 1399 1415 1416 1400 2200 2216 2217 2201 
1343 1400 1416 1417 1401 2201 2217 2218 2202 
1344 1401 1417 1418 1402 2202 2218 2219 2203 
1345 1290 1306 1419 1403 2091 2107 2220 2204 
1346 1403 1419 1420 1404 2204 2220 2221 2205 
1347 1404 1420 1421 1405 2205 2221 2222 2206 
1348 1405 1421 1422 1406 2206 2222 2223 2207 
1349 1406 1422 1423 1407 2207 2223 2224 2208 
1350 1407 1423 1424 1408 2208 2224 2225 2209 
1351 1408 1424 1425 1409 2209 2225 2226 2210 
1352 1409 1425 1426 1410 2210 2226 2227 2211 
1353 1410 1426 1427 1411 2211 2227 2228 2212 
1354 1411 1427 1428 1412 2212 2228 2229 2213 
1355 1412 1428 1429 1413 2213 2229 2230 2214 
1356 1413 1429 1430 1414 2214 2230 2231 2215 
1357 1414 1430 1431 1415 2215 2231 2232 2216 
1358 1415 1431 1432 1416 2216 2232 2233 2217 
1359 1416 1432 1433 1417 2217 2233 2234 2218 
1360 1417 1433 1434 1418 2218 2234 2235 2219 
1361 1306 1322 1435 1419 2107 2123 2236 2220 
1362 1419 1435 1436 1420 2220 2236 2237 2221 
1363 1420 1436 1437 1421 2221 2237 2238 2222 
1364 1421 1437 1438 1422 2222 2238 2239 2223 
1365 1422 1438 1439 1423 2223 2239 2240 2224 
1366 1423 1439 1440 1424 2224 2240 2241 2225 
1367 1424 1440 1441 1425 2225 2241 2242 2226 
1368 1425 1441 1442 1426 2226 2242 2243 2227 
1369 1426 1442 1443 1427 2227 2243 2244 2228 
1370 1427 1443 1444 1428 2228 2244 2245 2229 
1371 1428 1444 1445 1429 2229 2245 2246 2230 
1372 1429 1445 1446 1430 2230 2246 2247 2231 
1373 1430 1446 1447 1431 2231 2247 2248 2232 
1374 1431 1447 1448 1432 2232 2248 2249 2233 
1375 1432 1448 1449 1433 2233 2249 2250 2234 
1376 1433 1449 1450 1434 2234 2250 2251 2235 
1377 1322 1338 1451 1435 2123 2139 2252 2236 
1378 1435 1451 1452 1436 2236 2252 2253 2237 
1379 1436 1452 1453 1437 2237 2253 2254 2238 
1380 1437 1453 1454 1438 2238 2254 2255 2239 
1381 1438 1454 1455 1439 2239 2255 2256 2240 
1382 1439 1455 1456 1440 2240 2256 2257 2241 
1383 1440 1456 1457 1441 2241 2257 2258 2242 
1384 1441 1457 1458 1442 2242 2258 2259 2243 
1385 1442 1458 1459 1443 2243 2259 2260 2244 
1386 1443 1459 1460 1444 2244 2260 2261 2245 
1387 1444 1460 1461 1445 2245 2261 2262 2246 
1388 1445 1461 1462 1446 2246 2262 2263 2247 
1389 1446 1462 1463 1447 2247 2263 2264 2248 
1390 1447 1463 1464 1448 2248 2264 2265 2249 
1391 1448 1464 1465 1449 2249 2265 2266 2250 
1392 1449 1465 1466 1450 2250 2266 2267 2251 
1393 1338 1354 1467 1451 2139 2155 2268 2252 
1394 1451 1467 1468 1452 2252 2268 2269 2253 
1395 1452 1468 1469 1453 2253 2269 2270 2254 
1396 1453 1469 1470 1454 2254 2270 2271 2255 
1397 1454 1470 1471 1455 2255 2271 2272 2256 
1398 1455 1471 1472 1456 2256 2272 2273 2257 
1399 1456 1472 1473 1457 2257 2273 2274 2258 
1400 1457 1473 1474 1458 2258 2274 2275 2259 
1401 1458 1474 1475 1459 2259 2275 2276 2260 
1402 1459 1475 1476 1460 2260 2276 2277 2261 
1403 1460 1476 1477 1461 2261 2277 2278 2262 
1404 1461 1477 1478 1462 2262 2278 2279 2263 
1405 1462 1478 1479 1463 2263 2279 2280 2264 
1406 1463 1479 1480 1464 2264 2280 2281 2265 
1407 1464 1480 1481 1465 2265 2281 2282 2266 
1408 1465 1481 1482 1466 2266 2282 2283 2267 
1409 802 1370 1483 819 1603 2171 2284 1620 
1410 819 1483 1484 836 1620 2284 2285 1637 
1411 836 1484 1485 853 1637 2285 2286 1654 
1412 853 1485 1486 870 1654 2286 2287 1671 
1413 870 1486 1487 887 1671 2287 2288 1688 
1414 887 1487 1488 904 1688 2288 2289 1705 
1415 904 1488 1489 921 1705 2289 2290 1722 
1416 921 1489 1490 938 1722 2290 2291 1739 
1417 938 1490 1491 955 1739 2291 2292 1756 
1418 955 1491 1492 972 1756 2292 2293 1773 
1419 972 1492 1493 989 1773 2293 2294 1790 
1420 989 1493 1494 1006 1790 2294 2295 1807 
1421 1006 1494 1495 1023 1807 2295 2296 1824 
1422 1023 1495 1496 1040 1824 2296 2297 1841 
1423 1040 1496 1497 1057 1841 2297 2298 1858 
1424 1057 1497 1091 1074 1858 2298 1892 1875 
1425 1370 1386 1498 1483 2171 2187 2299 2284 
1426 1483 1498 1499 1484 2284 2299 2300 2285 
1427 1484 1499 1500 1485 2285 2300 2301 2286 
1428 1485 1500 1501 1486 2286 2301 2302 2287 
1429 1486 1501 1502 1487 2287 2302 2303 2288 
1430 1487 1502 1503 1488 2288 2303 2304 2289 
1431 1488 1503 1504 1489 2289 2304 2305 2290 
1432 1489 1504 1505 1490 2290 2305 2306 2291 
1433 1490 1505 1506 1491 2291 2306 2307 2292 
1434 1491 1506 1507 1492 2292 2307 2308 2293 
1435 1492 1507 1508 1493 2293 2308 2309 2294 
1436 1493 1508 1509 1494 2294 2309 2310 2295 
1437 1494 1509 1510 1495 2295 2310 2311 2296 
1438 1495 1510 1511 1496 2296 2311 2312 2297 
1439 1496 1511 1512 1497 2297 2312 2313 2298 
1440 1497 1512 1108 1091 2298 2313 1909 1892 
1441 1386 1402 1513 1498 2187 2203 2314 2299 
1442 1498 1513 1514 1499 2299 2314 2315 2300 
1443 1499 1514 1515 1500 2300 2315 2316 2301 
1444 1500 1515 1516 1501 2301 2316 2317 2302 
1445 1501 1516 1517 1502 2302 2317 2318 2303 
1446 1502 1517 1518 1503 2303 2318 2319 2304 
1447 1503 1518 1519 1504 2304 2319 2320 2305 
1448 1504 1519 1520 1505 2305 2320 2321 2306 
1449 1505 1520 1521 1506 2306 2321 2322 2307 
1450 1506 1521 1522 1507 2307 2322 2323 2308 
1451 1507 1522 1523 1508 2308 2323 2324 2309 
1452 1508 1523 1524 1509 2309 2324 2325 2310 
1453 1509 1524 1525 1510 2310 2325 2326 2311 
1454 1510 1525 1526 1511 2311 2326 2327 2312 
1455 1511 1526 1527 1512 2312 2327 2328 2313 
1456 1512 1527 1125 1108 2313 2328 1926 1909 
1457 1402 1418 1528 1513 2203 2219 2329 2314 
1458 1513 1528 1529 1514 2314 2329 2330 2315 
1459 1514 1529 1530 1515 2315 2330 2331 2316 
1460 1515 1530 1531 1516 2316 2331 2332 2317 
1461 1516 1531 1532 1517 2317 2332 2333 2318 
1462 1517 1532 1533 1518 2318 2333 2334 2319 
1463 1518 1533 1534 1519 2319 2334 2335 2320 
1464 1519 1534 1535 1520 2320 2335 2336 2321 
1465 1520 1535 1536 1521 2321 2336 2337 2322 
1466 1521 1536 1537 1522 2322 2337 2338 2323 
1467 1522 1537 1538 1523 2323 2338 2339 2324 
1468 1523 1538 1539 1524 2324 2339 2340 2325 
1469 1524 1539 1540 1525 2325 2340 2341 2326 
1470 1525 1540 1541 1526 2326 2341 2342 2327 
1471 1526 1541 1542 1527 2327 2342 2343 2328 
1472 1527 1542 1142 1125 2328 2343 1943 1926 
1473 1418 1434 1543 1528 2219 2235 2344 2329 
1474 1528 1543 1544 1529 2329 2344 2345 2330 
1475 1529 1544 1545 1530 2330 2345 2346 2331 
1476 1530 1545 1546 1531 2331 2346 2347 2332 
1477 1531 1546 1547 1532 2332 2347 2348 2333 
1478 1532 1547 1548 1533 2333 2348 2349 2334 
1479 1533 1548 1549 1534 2334 2349 2350 2335 
1480 1534 1549 1550 1535 2335 2350 2351 2336 
1481 1535 1550 1551 1536 2336 2351 2352 2337 
1482 1536 1551 1552 1537 2337 2352 2353 2338 
1483 1537 1552 1553 1538 2338 2353 2354 2339 
1484 1538 1553 1554 1539 2339 2354 2355 2340 
1485 1539 1554 1555 1540 2340 2355 2356 2341 
1486 1540 1555 1556 1541 2341 2356 2357 2342 
1487 1541 1556 1557 1542 2342 2357 2358 2343 
1488 1542 1557 1159 1142 2343 2358 1960 1943 
1489 1434 1450 1558 1543 2235 2251 2359 2344 
1490 1543 1558 1559 1544 2344 2359 2360 2345 
1491 1544 1559 1560 1545 2345 2360 2361 2346 
1492 1545 1560 1561 1546 2346 2361 2362 2347 
1493 1546 1561 1562 1547 2347 2362 2363 2348 
1494 1547 1562 1563 1548 2348 2363 2364 2349 
1495 1548 1563 1564 1549 2349 2364 2365 2350 
1496 1549 1564 1565 1550 2350 2365 2366 2351 
1497 1550 1565 1566 1551 2351 2366 2367 2352 
1498 1551 1566 1567 1552 2352 2367 2368 2353 
1499 1552 1567 1568 1553 2353 2368 2369 2354 
1500 1553 1568 1569 1554 2354 2369 2370 2355 
1501 1554 1569 1570 1555 2355 2370 2371 2356 
1502 1555 1570 1571 1556 2356 2371 2372 2357 
1503 1556 1571 1572 1557 2357 2372 2373 2358 
1504 1557 1572 1176 1159 2358 2373 1977 1960 
1505 1450 1466 1573 1558 2251 2267 2374 2359 
1506 1558 1573 1574 1559 2359 2374 2375 2360 
1507 1559 1574 1575 1560 2360 2375 2376 2361 
1508 1560 1575 1576 1561 2361 2376 2377 2362 
1509 1561 1576 1577 1562 2362 2377 2378 2363 
1510 1562 1577 1578 1563 2363 2378 2379 2364 
1511 1563 1578 1579 1564 2364 2379 2380 2365 
1512 1564 1579 1580 1565 2365 2380 2381 2366 
1513 1565 1580 1581 1566 2366 2381 2382 2367 
1514 1566 1581 1582 1567 2367 2382 2383 2368 
1515 1567 1582 1583 1568 2368 2383 2384 2369 
1516 1568 1583 1584 1569 2369 2384 2385 2370 
1517 1569 1584 1585 1570 2370 2385 2386 2371 
1518 1570 1585 1586 1571 2371 2386 2387 2372 
1519 1571 1586 1587 1572 2372 2387 2388 2373 
1520 1572 1587 1193 1176 2373 2388 1994 1977 
1521 1466 1482 1588 1573 2267 2283 2389 2374 
1522 1573 1588 1589 1574 2374 2389 2390 2375 
1523 1574 1589 1590 1575 2375 2390 2391 2376 
1524 1575 1590 1591 1576 2376 2391 2392 2377 
1525 1576 1591 1592 1577 2377 2392 2393 2378 
1526 1577 1592 1593 1578 2378 2393 2394 2379 
1527 1578 1593 1594 1579 2379 2394 2395 2380 
1528 1579 1594 1595 1580 2380 2395 2396 2381 
1529 1580 1595 1596 1581 2381 2396 2397 2382 
1530 1581 1596 1597 1582 2382 2397 2398 2383 
1531 1582 1597 1598 1583 2383 2398 2399 2384 
1532 1583 1598 1599 1584 2384 2399 2400 2385 
1533 1584 1599 1600 1585 2385 2400 2401 2386 
1534 1585 1600 1601 1586 2386 2401 2402 2387 
1535 1586 1601 1602 1587 2387 2402 2403 2388 
1536 1587 1602 1210 1193 2388 2403 2011 1994 
1537 1603 1620 1621 1604 2404 2421 2422 2405 
1538 1604 1621 1622 1605 2405 2422 2423 2406 
1539 1605 1622 1623 1606 2406 2423 2424 2407 
1540 1606 1623 1624 1607 2407 2424 2425 2408 
1541 1607 1624 1625 1608 2408 2425 2426 2409 
1542 1608 1625 1626 1609 2409 2426 2427 2410 
1543 1609 1626 1627 1610 2410 2427 2428 2411 
1544 1610 1627 1628 1611 2411 2428 2429 2412 
1545 1611 1628 1629 1612 2412 2429 2430 2413 
1546 1612 1629 1630 1613 2413 2430 2431 2414 
1547 1613 1630 1631 1614 2414 2431 2432 2415 
1548 1614 1631 1632 1615 2415 2432 2433 2416 
1549 1615 1632 1633 1616 2416 2433 2434 2417 
1550 1616 1633 1634 1617 2417 2434 2435 2418 
1551 1617 1634 1635 1618 2418 2435 2436 2419 
1552 1618 1635 1636 1619 2419 2436 2437 2420 
1553 1620 1637 1638 1621 2421 2438 2439 2422 
1554 1621 1638 1639 1622 2422 2439 2440 2423 
1555 1622 1639 1640 1623 2423 2440 2441 2424 
1556 1623 1640 1641 1624 2424 2441 2442 2425 
1557 1624 1641 1642 1625 2425 2442 2443 2426 
1558 1625 1642 1643 1626 2426 2443 2444 2427 
1559 1626 1643 1644 1627 2427 2444 2445 2428 
1560 1627 1644 1645 1628 2428 2445 2446 2429 
1561 1628 1645 1646 1629 2429 2446 2447 2430 
1562 1629 1646 1647 1630 2430 2447 2448 2431 
1563 1630 1647 1648 1631 2431 2448 2449 2432 
1564 1631 1648 1649 1632 2432 2449 2450 2433 
1565 1632 1649 1650 1633 2433 2450 2451 2434 
1566 1633 1650 1651 1634 2434 2451 2452 2435 
1567 1634 1651 1652 1635 2435 2452 2453 2436 
1568 1635 1652 1653 1636 2436 2453 2454 2437 
1569 1637 1654 1655 1638 2438 2455 2456 2439 
1570 1638 1655 1656 1639 2439 2456 2457 2440 
1571 1639 1656 1657 1640 2440 2457 2458 2441 
1572 1640 1657 1658 1641 2441 2458 2459 2442 
1573 1641 1658 1659 1642 2442 2459 2460 2443 
1574 1642 1659 1660 1643 2443 2460 2461 2444 
1575 1643 1660 1661 1644 2444 2461 2462 2445 
1576 1644 1661 1662 1645 2445 2462 2463 2446 
1577 1645 1662 1663 1646 2446 2463 2464 2447 
1578 1646 1663 1664 1647 2447 2464 2465 2448 
1579 1647 1664 1665 1648 2448 2465 2466 2449 
1580 1648 1665 1666 1649 2449 2466 2467 2450 
1581 1649 1666 1667 1650 2450 2467 2468 2451 
1582 1650 1667 1668 1651 2451 2468 2469 2452 
1583 1651 1668 1669 1652 2452 2469 2470 2453 
1584 1652 1669 1670 1653 2453 2470 2471 2454 
1585 1654 1671 1672 1655 2455 2472 2473 2456 
1586 1655 1672 1673 1656 2456 2473 2474 2457 
1587 1656 1673 1674 1657 2457 2474 2475 2458 
1588 1657 1674 1675 1658 2458 2475 2476 2459 
1589 1658 1675 1676 1659 2459 2476 2477 2460 
1590 1659 1676 1677 1660 2460 2477 2478 2461 
1591 1660 1677 1678 1661 2461 2478 2479 2462 
1592 1661 1678 1679 1662 2462 2479 2480 2463 
1593 1662 1679 1680 1663 2463 2480 2481 2464 
1594 1663 1680 1681 1664 2464 2481 2482 2465 
1595 1664 1681 1682 1665 2465 2482 2483 2466 
1596 1665 1682 1683 1666 2466 2483 2484 2467 
1597 1666 1683 1684 1667 2467 2484 2485 2468 
1598 1667 1684 1685 1668 2468 2485 2486 2469 
1599 1668 1685 1686 1669 2469 2486 2487 2470 
1600 1669 1686 1687 1670 2470 2487 2488 2471 
1601 1671 1688 1689 1672 2472 2489 2490 2473 
1602 1672 1689 1690 1673 2473 2490 2491 2474 
1603 1673 1690 1691 1674 2474 2491 2492 2475 
1604 1674 1691 1692 1675 2475 2492 2493 2476 
1605 1675 1692 1693 1676 2476 2493 2494 2477 
1606 1676 1693 1694 1677 2477 2494 2495 2478 
1607 1677 1694 1695 1678 2478 2495 2496 2479 
1608 1678 1695 1696 1679 2479 2496 2497 2480 
1609 1679 1696 1697 1680 2480 2497 2498 2481 
1610 1680 1697 1698 1681 2481 2498 2499 2482 
1611 1681 1698 1699 1682 2482 2499 2500 2483 
1612 1682 1699 1700 1683 2483 2500 2501 2484 
1613 1683 1700 1701 1684 2484 2501 2502 2485 
1614 1684 1701 1702 1685 2485 2502 2503 2486 
1615 1685 1702 1703 1686 2486 2503 2504 2487 
1616 1686 1703 1704 1687 2487 2504 2505 2488 
1617 1688 1705 1706 1689 2489 2506 2507 2490 
1618 1689 1706 1707 1690 2490 2507 2508 2491 
1619 1690 1707 1708 1691 2491 2508 2509 2492 
1620 1691 1708 1709 1692 2492 2509 2510 2493 
1621 1692 1709 1710 1693 2493 2510 2511 2494 
1622 1693 1710 1711 1694 2494 2511 2512 2495 
1623 1694 1711 1712 1695 2495 2512 2513 2496 
1624 1695 1712 1713 1696 2496 2513 2514 2497 
1625 1696 1713 1714 1697 2497 2514 2515 2498 
1626 1697 1714 1715 1698 2498 2515 2516 2499 
1627 1698 1715 1716 1699 2499 2516 2517 2500 
1628 1699 1716 1717 1700 2500 2517 2518 2501 
1629 1700 1717 1718 1701 2501 2518 2519 2502 
1630 1701 1718 1719 1702 2502 2519 2520 2503 
1631 1702 1719 1720 1703 2503 2520 2521 2504 
1632 1703 1720 1721 1704 2504 2521 2522 2505 
1633 1705 1722 1723 1706 2506 2523 2524 2507 
1634 1706 1723 1724 1707 2507 2524 2525 2508 
1635 1707 1724 1725 1708 2508 2525 2526 2509 
1636 1708 1725 1726 1709 2509 2526 2527 2510 
1637 1709 1726 1727 1710 2510 2527 2528 2511 
1638 1710 1727 1728 1711 2511 2528 2529 2512 
1639 1711 1728 1729 1712 2512 2529 2530 2513 
1640 1712 1729 1730 1713 2513 2530 2531 2514 
1641 1713 1730 1731 1714 2514 2531 2532 2515 
1642 1714 1731 1732 1715 2515 2532 2533 2516 
1643 1715 1732 1733 1716 2516 2533 2534 2517 
1644 1716 1733 1734 1717 2517 2534 2535 2518 
1645 1717 1734 1735 1718 2518 2535 2536 2519 
1646 1718 1735 1736 1719 2519 2536 2537 2520 
1647 1719 1736 1737 1720 2520 2537 2538 2521 
1648 1720 1737 1738 1721 2521 2538 2539 2522 
1649 1722 1739 1740 1723 2523 2540 2541 2524 
1650 1723 1740 1741 1724 2524 2541 2542 2525 
1651 1724 1741 1742 1725 2525 2542 2543 2526 
1652 1725 1742 1743 1726 2526 2543 2544 2527 
1653 1726 1743 1744 1727 2527 2544 2545 2528 
1654 1727 1744 1745 1728 2528 2545 2546 2529 
1655 1728 1745 1746 1729 2529 2546 2547 2530 
1656 1729 1746 1747 1730 2530 2547 2548 2531 
1657 1730 1747 1748 1731 2531 2548 2549 2532 
1658 1731 1748 1749 1732 2532 2549 2550 2533 
1659 1732 1749 1750 1733 2533 2550 2551 2534 
1660 1733 1750 1751 1734 2534 2551 2552 2535 
1661 1734 1751 1752 1735 2535 2552 2553 2536 
1662 1735 1752 1753 1736 2536 2553 2554 2537 
1663 1736 1753 1754 1737 2537 2554 2555 2538 
1664 1737 1754 1755 1738 2538 2555 2556 2539 
1665 1739 1756 1757 1740 2540 2557 2558 2541 
1666 1740 1757 1758 1741 2541 2558 2559 2542 
1667 1741 1758 1759 1742 2542 2559 2560 2543 
1668 1742 1759 1760 1743 2543 2560 2561 2544 
1669 1743 1760 1761 1744 2544 2561 2562 2545 
1670 1744 1761 1762 1745 2545 2562 2563 2546 
1671 1745 1762 1763 1746 2546 2563 2564 2547 
1672 1746 1763 1764 1747 2547 2564 2565 2548 
1673 1747 1764 1765 1748 2548 2565 2566 2549 
1674 1748 1765 1766 1749 2549 2566 2567 2550 
1675 1749 1766 1767 1750 2550 2567 2568 2551 
1676 1750 1767 1768 1751 2551 2568 2569 2552 
1677 1751 1768 1769 1752 2552 2569 2570 2553 
1678 1752 1769 1770 1753 2553 2570 2571 2554 
1679 1753 1770 1771 1754 2554 2571 2572 2555 
1680 1754 1771 1772 1755 2555 2572 2573 2556 
1681 1756 1773 1774 1757 2557 2574 2575 2558 
1682 1757 1774 1775 1758 2558 2575 2576 2559 
1683 1758 1775 1776 1759 2559 2576 2577 2560 
1684 1759 1776 1777 1760 2560 2577 2578 2561 
1685 1760 1777 1778 1761 2561 2578 2579 2562 
1686 1761 1778 1779 1762 2562 2579 2580 2563 
1687 1762 1779 1780 1763 2563 2580 2581 2564 
1688 1763 1780 1781 1764 2564 2581 2582 2565 
1689 1764 1781 1782 1765 2565 2582 2583 2566 
1690 1765 1782 1783 1766 2566 2583 2584 2567 
1691 1766 1783 1784 1767 2567 2584 2585 2568 
1692 1767 1784 1785 1768 2568 2585 2586 2569 
1693 1768 1785 1786 1769 2569 2586 2587 2570 
1694 1769 1786 1787 1770 2570 2587 2588 2571 
1695 1770 1787 1788 1771 2571 2588 2589 2572 
1696 1771 1788 1789 1772 2572 2589 2590 2573 
1697 1773 1790 1791 1774 2574 2591 2592 2575 
1698 1774 1791 1792 1775 2575 2592 2593 2576 
1699 1775 1792 1793 1776 2576 2593 2594 2577 
1700 1776 1793 1794 1777 2577 2594 2595 2578 
1701 1777 1794 1795 1778 2578 2595 2596 2579 
1702 1778 1795 1796 1779 2579 2596 2597 2580 
1703 1779 1796 1797 1780 2580 2597 2598 2581 
1704 1780 1797 1798 1781 2581 2598 2599 2582 
1705 1781 1798 1799 1782 2582 2599 2600 2583 
1706 1782 1799 1800 1783 2583 2600 2601 2584 
1707 1783 1800 1801 1784 2584 2601 2602 2585 
1708 1784 1801 1802 1785 2585 2602 2603 2586 
1709 1785 1802 1803 1786 2586 2603 2604 2587 
1710 1786 1803 1804 1787 2587 2604 2605 2588 
1711 1787 1804 1805 1788 2588 2605 2606 2589 
1712 1788 1805 1806 1789 2589 2606 2607 2590 
1713 1790 1807 1808 1791 2591 2608 2609 2592 
1714 1791 1808 1809 1792 2592 2609 2610 2593 
1715 1792 1809 1810 1793 2593 2610 2611 2594 
1716 1793 1810 1811 1794 2594 2611 2612 2595 
1717 1794 1811 1812 1795 2595 2612 2613 2596 
1718 1795 1812 1813 1796 2596 2613 2614 2597 
1719 1796 1813 1814 1797 2597 2614 2615 2598 
1720 1797 1814 1815 1798 2598 2615 2616 2599 
1721 1798 1815 1816 1799 2599 2616 2617 2600 
1722 1799 1816 1817 1800 2600 2617 2618 2601 
1723 1800 1817 1818 1801 2601 2618 2619 2602 
1724 1801 1818 1819 1802 2602 2619 2620 2603 
1725 1802 1819 1820 1803 2603 2620 2621 2604 
1726 1803 1820 1821 1804 2604 2621 2622 2605 
1727 1804 1821 1822 1805 2605 2622 2623 2606 
1728 1805 1822 1823 1806 2606 2623 2624 2607 
1729 1807 1824 1825 1808 2608 2625 2626 2609 
1730 1808 1825 1826 1809 2609 2626 2627 2610 
1731 1809 1826 1827 1810 2610 2627 2628 2611 
1732 1810 1827 1828 1811 2611 2628 2629 2612 
1733 1811 1828 1829 1812 2612 2629 2630 2613 
1734 1812 1829 1830 1813 2613 2630 2631 2614 
1735 1813 1830 1831 1814 2614 2631 2632 2615 
1736 1814 1831 1832 1815 2615 2632 2633 2616 
1737 1815 1832 1833 1816 2616 2633 2634 2617 
1738 1816 1833 1834 1817 2617 2634 2635 2618 
1739 1817 1834 1835 1818 2618 2635 2636 2619 
1740 1818 1835 1836 1819 2619 2636 2637 2620 
1741 1819 1836 1837 1820 2620 2637 2638 2621 
1742 1820 1837 1838 1821 2621 2638 2639 2622 
1743 1821 1838 1839 1822 2622 2639 2640 2623 
1744 1822 1839 1840 1823 2623 2640 2641 2624 
1745 1824 1841 1842 1825 2625 2642 2643 2626 
1746 1825 1842 1843 1826 2626 2643 2644 2627 
1747 1826 1843 1844 1827 2627 2644 2645 2628 
1748 1827 1844 1845 1828 2628 2645 2646 2629 
1749 1828 1845 1846 1829 2629 2646 2647 2630 
1750 1829 1846 1847 1830 2630 2647 2648 2631 
1751 1830 1847 1848 1831 2631 2648 2649 2632 
1752 1831 1848 1849 1832 2632 2649 2650 2633 
1753 1832 1849 1850 1833 2633 2650 2651 2634 
1754 1833 1850 1851 1834 2634 2651 2652 2635 
1755 1834 1851 1852 1835 2635 2652 2653 2636 
1756 1835 1852 1853 1836 2636 2653 2654 2637 
1757 1836 1853 1854 1837 2637 2654 2655 2638 
1758 1837 1854 1855 1838 2638 2655 2656 2639 
1759 1838 1855 1856 1839 2639 2656 2657 2640 
1760 1839 1856 1857 1840 2640 2657 2658 2641 
1761 1841 1858 1859 1842 2642 2659 2660 2643 
1762 1842 1859 1860 1843 2643 2660 2661 2644 
1763 1843 1860 1861 1844 2644 2661 2662 2645 
1764 1844 1861 1862 1845 2645 2662 2663 2646 
1765 1845 1862 1863 1846 2646 2663 2664 2647 
1766 1846 1863 1864 1847 2647 2664 2665 2648 
1767 1847 1864 1865 1848 2648 2665 2666 2649 
1768 1848 1865 1866 1849 2649 2666 2667 2650 
1769 1849 1866 1867 1850 2650 2667 2668 2651 
1770 1850 1867 1868 1851 2651 2668 2669 2652 
1771 1851 1868 1869 1852 2652 2669 2670 2653 
1772 1852 1869 1870 1853 2653 2670 2671 2654 
1773 1853 1870 1871 1854 2654 2671 2672 2655 
1774 1854 1871 1872 1855 2655 2672 2673 2656 
1775 1855 1872 1873 1856 2656 2673 2674 2657 
1776 1856 1873 1874 1857 2657 2674 2675 2658 
1777 1858 1875 1876 1859 2659 2676 2677 2660 
1778 1859 1876 1877 1860 2660 2677 2678 2661 
1779 1860 1877 1878 1861 2661 2678 2679 2662 
1780 1861 1878 1879 1862 2662 2679 2680 2663 
1781 1862 1879 1880 1863 2663 2680 2681 2664 
1782 1863 1880 1881 1864 2664 2681 2682 2665 
1783 1864 1881 1882 1865 2665 2682 2683 2666 
1784 1865 1882 1883 1866 2666 2683 2684 2667 
1785 1866 1883 1884 1867 2667 2684 2685 2668 
1786 1867 1884 1885 1868 2668 2685 2686 2669 
1787 1868 1885 1886 1869 2669 2686 2687 2670 
1788 1869 1886 1887 1870 2670 2687 2688 2671 
1789 1870 1887 1888 1871 2671 2688 2689 2672 
1790 1871 1888 1889 1872 2672 2689 2690 2673 
1791 1872 1889 1890 1873 2673 2690 2691 2674 
1792 1873 1890 1891 1874 2674 2691 2692 2675 
1793 1875 1892 1893 1876 2676 2693 2694 2677 
1794 1876 1893 1894 1877 2677 2694 2695 2678 
1795 1877 1894 1895 1878 2678 2695 2696 2679 
1796 1878 1895 1896 1879 2679 2696 2697 2680 
1797 1879 1896 1897 1880 2680 2697 2698 2681 
1798 1880 1897 1898 1881 2681 2698 2699 2682 
1799 1881 1898 1899 1882 2682 2699 2700 2683 
1800 1882 1899 1900 1883 2683 2700 2701 2684 
1801 1883 1900 1901 1884 2684 2701 2702 2685 
1802 1884 1901 1902 1885 2685 2702 2703 2686 
1803 1885 1902 1903 1886 2686 2703 2704 2687 
1804 1886 1903 1904 1887 2687 2704 2705 2688 
1805 1887 1904 1905 1888 2688 2705 2706 2689 
1806 1888 1905 1906 1889 2689 2706 2707 2690 
1807 1889 1906 1907 1890 2690 2707 2708 2691 
1808 1890 1907 1908 1891 2691 2708 2709 2692 
1809 1892 1909 1910 1893 2693 2710 2711 2694 
1810 1893 1910 1911 1894 2694 2711 2712 2695 
1811 1894 1911 1912 1895 2695 2712 2713 2696 
1812 1895 1912 1913 1896 2696 2713 2714 2697 
1813 1896 1913 1914 1897 2697 2714 2715 2698 
1814 1897 1914 1915 1898 2698 2715 2716 2699 
1815 1898 1915 1916 1899 2699 2716 2717 2700 
1816 1899 1916 1917 1900 2700 2717 2718 2701 
1817 1900 1917 1918 1901 2701 2718 2719 2702 
1818 1901 1918 1919 1902 2702 2719 2720 2703 
1819 1902 1919 1920 1903 2703 2720 2721 2704 
1820 1903 1920 1921 1904 2704 2721 2722 2705 
1821 1904 1921 1922 1905 2705 2722 2723 2706 
1822 1905 1922 1923 1906 2706 2723 2724 2707 
1823 1906 1923 1924 1907 2707 2724 2725 2708 
1824 1907 1924 1925 1908 2708 2725 2726 2709 
1825 1909 1926 1927 1910 2710 2727 2728 2711 
1826 1910 1927 1928 1911 2711 2728 2729 2712 
1827 1911 1928 1929 1912 2712 2729 2730 2713 
1828 1912 1929 1930 1913 2713 2730 2731 2714 
1829 1913 1930 1931 1914 2714 2731 2732 2715 
1830 1914 1931 1932 1915 2715 2732 2733 2716 
1831 1915 1932 1933 1916 2716 2733 2734 2717 
1832 1916 1933 1934 1917 2717 2734 2735 2718 
1833 1917 1934 1935 1918 2718 2735 2736 2719 
1834 1918 1935 1936 1919 2719 2736 2737 2720 
1835 1919 1936 1937 1920 2720 2737 2738 2721 
1836 1920 1937 1938 1921 2721 2738 2739 2722 
1837 1921 1938 1939 1922 2722 2739 2740 2723 
1838 1922 1939 1940 1923 2723 2740 2741 2724 
1839 1923 1940 1941 1924 2724 2741 2742 2725 
1840 1924 1941 1942 1925 2725 2742 2743 2726 
1841 1926 1943 1944 1927 2727 2744 2745 2728 
1842 1927 1944 1945 1928 2728 2745 2746 2729 
1843 1928 1945 1946 1929 2729 2746 2747 2730 
1844 1929 1946 1947 1930 2730 2747 2748 2731 
1845 1930 1947 1948 1931 2731 2748 2749 2732 
1846 1931 1948 1949 1932 2732 2749 2750 2733 
1847 1932 1949 1950 1933 2733 2750 2751 2734 
1848 1933 1950 1951 1934 2734 2751 2752 2735 
1849 1934 1951 1952 1935 2735 2752 2753 2736 
1850 1935 1952 1953 1936 2736 2753 2754 2737 
1851 1936 1953 1954 1937 2737 2754 2755 2738 
1852 1937 1954 1955 1938 2738 2755 2756 2739 
1853 1938 1955 1956 1939 2739 2756 2757 2740 
1854 1939 1956 1957 1940 2740 2757 2758 2741 
1855 1940 1957 1958 1941 2741 2758 2759 2742 
1856 1941 1958 1959 1942 2742 2759 2760 2743 
1857 1943 1960 1961 1944 2744 2761 2762 2745 
1858 1944 1961 1962 1945 2745 2762 2763 2746 
1859 1945 1962 1963 1946 2746 2763 2764 2747 
1860 1946 1963 1964 1947 2747 2764 2765 2748 
1861 1947 1964 1965 1948 2748 2765 2766 2749 
1862 1948 1965 1966 1949 2749 2766 2767 2750 
1863 1949 1966 1967 1950 2750 2767 2768 2751 
1864 1950 1967 1968 1951 2751 2768 2769 2752 
1865 1951 1968 1969 1952 2752 2769 2770 2753 
1866 1952 1969 1970 1953 2753 2770 2771 2754 
1867 1953 1970 1971 1954 2754 2771 2772 2755 
1868 1954 1971 1972 1955 2755 2772 2773 2756 
1869 1955 1972 1973 1956 2756 2773 2774 2757 
1870 1956 1973 1974 1957 2757 2774 2775 2758 
1871 1957 1974 1975 1958 2758 2775 2776 2759 
1872 1958 1975 1976 1959 2759 2776 2777 2760 
1873 1960 1977 1978 1961 2761 2778 2779 2762 
1874 1961 1978 1979 1962 2762 2779 2780 2763 
1875 1962 1979 1980 1963 2763 2780 2781 2764 
1876 1963 1980 1981 1964 2764 2781 2782 2765 
1877 1964 1981 1982 1965 2765 2782 2783 2766 
1878 1965 1982 1983 1966 2766 2783 2784 2767 
1879 1966 1983 1984 1967 2767 2784 2785 2768 
1880 1967 1984 1985 1968 2768 2785 2786 2769 
1881 1968 1985 1986 1969 2769 2786 2787 2770 
1882 1969 1986 1987 1970 2770 2787 2788 2771 
1883 1970 1987 1988 1971 2771 2788 2789 2772 
1884 1971 1988 1989 1972 2772 2789 2790 2773 
1885 1972 1989 1990 1973 2773 2790 2791 2774 
1886 1973 1990 1991 1974 2774 2791 2792 2775 
1887 1974 1991 1992 1975 2775 2792 2793 2776 
1888 1975 1992 1993 1976 2776 2793 2794 2777 
1889 1977 1994 1995 1978 2778 2795 2796 2779 
1890 1978 1995 1996 1979 2779 2796 2797 2780 
1891 1979 1996 1997 1980 2780 2797 2798 2781 
1892 1980 1997 1998 1981 2781 2798 2799 2782 
1893 1981 1998 1999 1982 2782 2799 2800 2783 
1894 1982 1999 2000 1983 2783 2800 2801 2784 
1895 1983 2000 2001 1984 2784 2801 2802 2785 
1896 1984 2001 2002 1985 2785 2802 2803 2786 
1897 1985 2002 2003 1986 2786 2803 2804 2787 
1898 1986 2003 2004 1987 2787 2804 2805 2788 
1899 1987 2004 2005 1988 2788 2805 2806 2789 
1900 1988 2005 2006 1989 2789 2806 2807 2790 
1901 1989 2006 2007 1990 2790 2807 2808 2791 
1902 1990 2007 2008 1991 2791 2808 2809 2792 
1903 1991 2008 2009 1992 2792 2809 2810 2793 
1904 1992 2009 2010 1993 2793 2810 2811 2794 
1905 1994 2011 2012 1995 2795 2812 2813 2796 
1906 1995 2012 2013 1996 2796 2813 2814 2797 
1907 1996 2013 2014 1997 2797 2814 2815 2798 
1908 1997 2014 2015 1998 2798 2815 2816 2799 
1909 1998 2015 2016 1999 2799 2816 2817 2800 
1910 1999 2016 2017 2000 2800 2817 2818 2801 
1911 2000 2017 2018 2001 2801 2818 2819 2802 
1912 2001 2018 2019 2002 2802 2819 2820 2803 
1913 2002 2019 2020 2003 2803 2820 2821 2804 
1914 2003 2020 2021 2004 2804 2821 2822 2805 
1915 2004 2021 2022 2005 2805 2822 2823 2806 
1916 2005 2022 2023 2006 2806 2823 2824 2807 
1917 2006 2023 2024 2007 2807 2824 2825 2808 
1918 2007 2024 2025 2008 2808 2825 2826 2809 
1919 2008 2025 2026 2009 2809 2826 2827 2810 
1920 2009 2026 2027 2010 2810 2827 2828 2811 
1921 1891 1908 2028 1874 2692 2709 2829 2675 
1922 1874 2028 2029 1857 2675 2829 2830 2658 
1923 1857 2029 2030 1840 2658 2830 2831 2641 
1924 1840 2030 2031 1823 2641 2831 2832 2624 
1925 1823 2031 2032 1806 2624 2832 2833 2607 
1926 1806 2032 2033 1789 2607 2833 2834 2590 
1927 1789 2033 2034 1772 2590 2834 2835 2573 
1928 1772 2034 2035 1755 2573 2835 2836 2556 
1929 1755 2035 2036 1738 2556 2836 2837 2539 
1930 1738 2036 2037 1721 2539 2837 2838 2522 
1931 1721 2037 2038 1704 2522 2838 2839 2505 
1932 1704 2038 2039 1687 2505 2839 2840 2488 
1933 1687 2039 2040 1670 2488 2840 2841 2471 
1934 1670 2040 2041 1653 2471 2841 2842 2454 
1935 1653 2041 2042 1636 2454 2842 2843 2437 
1936 1636 2042 2043 1619 2437 2843 2844 2420 
1937 1908 1925 2044 2028 2709 2726 2845 2829 
1938 2028 2044 2045 2029 2829 2845 2846 2830 
1939 2029 2045 2046 2030 2830 2846 2847 2831 
1940 2030 2046 2047 2031 2831 2847 2848 2832 
1941 2031 2047 2048 2032 2832 2848 2849 2833 
1942 2032 2048 2049 2033 2833 2849 2850 2834 
1943 2033 2049 2050 2034 2834 2850 2851 2835 
1944 2034 2050 2051 2035 2835 2851 2852 2836 
1945 2035 2051 2052 2036 2836 2852 2853 2837 
1946 2036 2052 2053 2037 2837 2853 2854 2838 
1947 2037 2053 2054 2038 2838 2854 2855 2839 
1948 2038 2054 2055 2039 2839 2855 2856 2840 
1949 2039 2055 2056 2040 2840 2856 2857 2841 
1950 2040 2056 2057 2041 2841 2857 2858 2842 
1951 2041 2057 2058 2042 2842 2858 2859 2843 
1952 2042 2058 2059 2043 2843 2859 2860 2844 
1953 1925 1942 2060 2044 2726 2743 2861 2845 
1954 2044 2060 2061 2045 2845 2861 2862 2846 
1955 2045 2061 2062 2046 2846 2862 2863 2847 
1956 2046 2062 2063 2047 2847 2863 2864 2848 
1957 2047 2063 2064 2048 2848 2864 2865 2849 
1958 2048 2064 2065 2049 2849 2865 2866 2850 
1959 2049 2065 2066 2050 2850 2866 2867 2851 
1960 2050 2066 2067 2051 2851 2867 2868 2852 
1961 2051 2067 2068 2052 2852 2868 2869 2853 
1962 2052 2068 2069 2053 2853 2869 2870 2854 
1963 2053 2069 2070 2054 2854 2870 2871 2855 
1964 2054 2070 2071 2055 2855 2871 2872 2856 
1965 2055 2071 2072 2056 2856 2872 2873 2857 
1966 2056 2072 2073 2057 2857 2873 2874 2858 
1967 2057 2073 2074 2058 2858 2874 2875 2859 
1968 2058 2074 2075 2059 2859 2875 2876 2860 
1969 1942 1959 2076 2060 2743 2760 2877 2861 
1970 2060 2076 2077 2061 2861 2877 2878 2862 
1971 2061 2077 2078 2062 2862 2878 2879 2863 
1972 2062 2078 2079 2063 2863 2879 2880 2864 
1973 2063 2079 2080 2064 2864 2880 2881 2865 
1974 2064 2080 2081 2065 2865 2881 2882 2866 
1975 2065 2081 2082 2066 2866 2882 2883 2867 
1976 2066 2082 2083 2067 2867 2883 2884 2868 
1977 2067 2083 2084 2068 2868 2884 2885 2869 
1978 2068 2084 2085 2069 2869 2885 2886 2870 
1979 2069 2085 2086 2070 2870 2886 2887 2871 
1980 2070 2086 2087 2071 2871 2887 2888 2872 
1981 2071 2087 2088 2072 2872 2888 2889 2873 
1982 2072 2088 2089 2073 2873 2889 2890 2874 
1983 2073 2089 2090 2074 2874 2890 2891 2875 
1984 2074 2090 2091 2075 2875 2891 2892 2876 
1985 1959 1976 2092 2076 2760 2777 2893 2877 
1986 2076 2092 2093 2077 2877 2893 2894 2878 
1987 2077 2093 2094 2078 2878 2894 2895 2879 
1988 2078 2094 2095 2079 2879 2895 2896 2880 
1989 2079 2095 2096 2080 2880 2896 2897 2881 
1990 2080 2096 2097 2081 2881 2897 2898 2882 
1991 2081 2097 2098 2082 2882 2898 2899 2883 
1992 2082 2098 2099 2083 2883 2899 2900 2884 
1993 2083 2099 2100 2084 2884 2900 2901 2885 
1994 2084 2100 2101 2085 2885 2901 2902 2886 
1995 2085 2101 2102 2086 2886 2902 2903 2887 
1996 2086 2102 2103 2087 2887 2903 2904 2888 
1997 2087 2103 2104 2088 2888 2904 2905 2889 
1998 2088 2104 2105 2089 2889 2905 2906 2890 
1999 2089 2105 2106 2090 2890 2906 2907 2891 
2000 2090 2106 2107 2091 2891 2907 2908 2892 
2001 1976 1993 2108 2092 2777 2794 2909 2893 
2002 2092 2108 2109 2093 2893 2909 2910 2894 
2003 2093 2109 2110 2094 2894 2910 2911 2895 
2004 2094 2110 2111 2095 2895 2911 2912 2896 
2005 2095 2111 2112 2096 2896 2912 2913 2897 
2006 2096 2112 2113 2097 2897 2913 2914 2898 
2007 2097 2113 2114 2098 2898 2914 2915 2899 
2008 2098 2114 2115 2099 2899 2915 2916 2900 
2009 2099 2115 2116 2100 2900 2916 2917 2901 
2010 2100 2116 2117 2101 2901 2917 2918 2902 
2011 2101 2117 2118 2102 2902 2918 2919 2903 
2012 2102 2118 2119 2103 2903 2919 2920 2904 
2013 2103 2119 2120 2104 2904 2920 2921 2905 
2014 2104 2120 2121 2105 2905 2921 2922 2906 
2015 2105 2121 2122 2106 2906 2922 2923 2907 
2016 2106 2122 2123 2107 2907 2923 2924 2908 
2017 1993 2010 2124 2108 2794 2811 2925 2909 
2018 2108 2124 2125 2109 2909 2925 2926 2910 
2019 2109 2125 2126 2110 2910 2926 2927 2911 
2020 2110 2126 2127 2111 2911 2927 2928 2912 
2021 2111 2127 2128 2112 2912 2928 2929 2913 
2022 2112 2128 2129 2113 2913 2929 2930 2914 
2023 2113 2129 2130 2114 2914 2930 2931 2915 
2024 2114 2130 2131 2115 2915 2931 2932 2916 
2025 2115 2131 2132 2116 2916 2932 2933 2917 
2026 2116 2132 2133 2117 2917 2933 2934 2918 
2027 2117 2133 2134 2118 2918 2934 2935 2919 
2028 2118 2134 2135 2119 2919 2935 2936 2920 
2029 2119 2135 2136 2120 2920 2936 2937 2921 
2030 2120 2136 2137 2121 2921 2937 2938 2922 
2031 2121 2137 2138 2122 2922 2938 2939 2923 
2032 2122 2138 2139 2123 2923 2939 2940 2924 
2033 2010 2027 2140 2124 2811 2828 2941 2925 
2034 2124 2140 2141 2125 2925 2941 2942 2926 
2035 2125 2141 2142 2126 2926 2942 2943 2927 
2036 2126 2142 2143 2127 2927 2943 2944 2928 
2037 2127 2143 2144 2128 2928 2944 2945 2929 
2038 2128 2144 2145 2129 2929 2945 2946 2930 
2039 2129 2145 2146 2130 2930 2946 2947 2931 
2040 2130 2146 2147 2131 2931 2947 2948 2932 
2041 2131 2147 2148 2132 2932 2948 2949 2933 
2042 2132 2148 2149 2133 2933 2949 2950 2934 
2043 2133 2149 2150 2134 2934 2950 2951 2935 
2044 2134 2150 2151 2135 2935 2951 2952 2936 
2045 2135 2151 2152 2136 2936 2952 2953 2937 
2046 2136 2152 2153 2137 2937 2953 2954 2938 
2047 2137 2153 2154 2138 2938 2954 2955 2939 
2048 2138 2154 2155 2139 2939 2955 2956 2940 
2049 1619 2043 2156 1618 2420 2844 2957 2419 
2050 1618 2156 2157 1617 2419 2957 2958 2418 
2051 1617 2157 2158 1616 2418 2958 2959 2417 
2052 1616 2158 2159 1615 2417 2959 2960 2416 
2053 1615 2159 2160 1614 2416 2960 2961 2415 
2054 1614 2160 2161 1613 2415 2961 2962 2414 
2055 1613 2161 2162 1612 2414 2962 2963 2413 
2056 1612 2162 2163 1611 2413 2963 2964 2412 
2057 1611 2163 2164 1610 2412 2964 2965 2411 
2058 1610 2164 2165 1609 2411 2965 2966 2410 
2059 1609 2165 2166 1608 2410 2966 2967 2409 
2060 1608 2166 2167 1607 2409 2967 2968 2408 
2061 1607 2167 2168 1606 2408 2968 2969 2407 
2062 1606 2168 2169 1605 2407 2969 2970 2406 
2063 1605 2169 2170 1604 2406 2970 2971 2405 
2064 1604 2170 2171 1603 2405 2971 2972 2404 
2065 2043 2059 2172 2156 2844 2860 2973 2957 
2066 2156 2172 2173 2157 2957 2973 2974 2958 
2067 2157 2173 2174 2158 2958 2974 2975 2959 
2068 2158 2174 2175 2159 2959 2975 2976 2960 
2069 2159 2175 2176 2160 2960 2976 2977 2961 
2070 2160 2176 2177 2161 2961 2977 2978 2962 
2071 2161 2177 2178 2162 2962 2978 2979 2963 
2072 2162 2178 2179 2163 2963 2979 2980 2964 
2073 2163 2179 2180 2164 2964 2980 2981 2965 
2074 2164 2180 2181 2165 2965 2981 2982 2966 
2075 2165 2181 2182 2166 2966 2982 2983 2967 
2076 2166 2182 2183 2167 2967 2983 2984 2968 
2077 2167 2183 2184 2168 2968 2984 2985 2969 
2078 2168 2184 2185 2169 2969 2985 2986 2970 
2079 2169 2185 2186 2170 2970 2986 2987 2971 
2080 2170 2186 2187 2171 2971 2987 2988 2972 
2081 2059 2075 2188 2172 2860 2876 2989 2973 
2082 2172 2188 2189 2173 2973 2989 2990 2974 
2083 2173 2189 2190 2174 2974 2990 2991 2975 
2084 2174 2190 2191 2175 2975 2991 2992 2976 
2085 2175 2191 2192 2176 2976 2992 2993 2977 
2086 2176 2192 2193 2177 2977 2993 2994 2978 
2087 2177 2193 2194 2178 2978 2994 2995 2979 
2088 2178 2194 2195 2179 2979 2995 2996 2980 
2089 2179 2195 2196 2180 2980 2996 2997 2981 
2090 2180 2196 2197 2181 2981 2997 2998 2982 
2091 2181 2197 2198 2182 2982 2998 2999 2983 
2092 2182 2198 2199 2183 2983 2999 3000 2984 
2093 2183 2199 2200 2184 2984 3000 3001 2985 
2094 2184 2200 2201 2185 2985 3001 3002 2986 
2095 2185 2201 2202 2186 2986 3002 3003 2987 
2096 2186 2202 2203 2187 2987 3003 3004 2988 
2097 2075 2091 2204 2188 2876 2892 3005 2989 
2098 2188 2204 2205 2189 2989 3005 3006 2990 
2099 2189 2205 2206 2190 2990 3006 3007 2991 
2100 2190 2206 2207 2191 2991 3007 3008 2992 
2101 2191 2207 2208 2192 2992 3008 3009 2993 
2102 2192 2208 2209 2193 2993 3009 3010 2994 
2103 2193 2209 2210 2194 2994 3010 3011 2995 
2104 2194 2210 2211 2195 2995 3011 3012 2996 
2105 2195 2211 2212 2196 2996 3012 3013 2997 
2106 2196 2212 2213 2197 2997 3013 3014 2998 
2107 2197 2213 2214 2198 2998 3014 3015 2999 
2108 2198 2214 2215 2199 2999 3015 3016 3000 
2109 2199 2215 2216 2200 3000 3016 3017 3001 
2110 2200 2216 2217 2201 3001 3017 3018 3002 
2111 2201 2217 2218 2202 3002 3018 3019 3003 
2112 2202 2218 2219 2203 3003 3019 3020 3004 
2113 2091 2107 2220 2204 2892 2908 3021 3005 
2114 2204 2220 2221 2205 3005 3021 3022 3006 
2115 2205 2221 2222 2206 3006 3022 3023 3007 
2116 2206 2222 2223 2207 3007 3023 3024 3008 
2117 2207 2223 2224 2208 3008 3024 3025 3009 
2118 2208 2224 2225 2209 3009 3025 3026 3010 
2119 2209 2225 2226 2210 3010 3026 3027 3011 
2120 2210 2226 2227 2211 3011 3027 3028 3012 
2121 2211 2227 2228 2212 3012 3028 3029 3013 
2122 2212 2228 2229 2213 3013 3029 3030 3014 
2123 2213 2229 2230 2214 3014 3030 3031 3015 
2124 2214 2230 2231 2215 3015 3031 3032 3016 
2125 2215 2231 2232 2216 3016 3032 3033 3017 
2126 2216 2232 2233 2217 3017 3033 3034 3018 
2127 2217 2233 2234 2218 3018 3034 3035 3019 
2128 2218 2234 2235 2219 3019 3035 3036 3020 
2129 2107 2123 2236 2220 2908 2924 3037 3021 
2130 2220 2236 2237 2221 3021 3037 3038 3022 
2131 2221 2237 2238 2222 3022 3038 3039 3023 
2132 2222 2238 2239 2223 3023 3039 3040 3024 
2133 2223 2239 2240 2224 3024 3040 3041 3025 
2134 2224 2240 2241 2225 3025 3041 3042 3026 
2135 2225 2241 2242 2226 3026 3042 3043 3027 
2136 2226 2242 2243 2227 3027 3043 3044 3028 
2137 2227 2243 2244 2228 3028 3044 3045 3029 
2138 2228 2244 2245 2229 3029 3045 3046 3030 
2139 2229 2245 2246 2230 3030 3046 3047 3031 
2140 2230 2246 2247 2231 3031 3047 3048 3032 
2141 2231 2247 2248 2232 3032 3048 3049 3033 
2142 2232 2248 2249 2233 3033 3049 3050 3034 
2143 2233 2249 2250 2234 3034 3050 3051 3035 
2144 2234 2250 2251 2235 3035 3051 3052 3036 
2145 2123 2139 2252 2236 2924 2940 3053 3037 
2146 2236 2252 2253 2237 3037 3053 3054 3038 
2147 2237 2253 2254 2238 3038 3054 3055 3039 
2148 2238 2254 2255 2239 3039 3055 3056 3040 
2149 2239 2255 2256 2240 3040 3056 3057 3041 
2150 2240 2256 2257 2241 3041 3057 3058 3042 
2151 2241 2257 2258 2242 3042 3058 3059 3043 
2152 2242 2258 2259 2243 3043 3059 3060 3044 
2153 2243 2259 2260 2244 3044 3060 3061 3045 
2154 2244 2260 2261 2245 3045 3061 3062 3046 
2155 2245 2261 2262 2246 3046 3062 3063 3047 
2156 2246 2262 2263 2247 3047 3063 3064 3048 
2157 2247 2263 2264 2248 3048 3064 3065 3049 
2158 2248 2264 2265 2249 3049 3065 3066 3050 
2159 2249 2265 2266 2250 3050 3066 3067 3051 
2160 2250 2266 2267 2251 3051 3067 3068 3052 
2161 2139 2155 2268 2252 2940 2956 3069 3053 
2162 2252 2268 2269 2253 3053 3069 3070 3054 
2163 2253 2269 2270 2254 3054 3070 3071 3055 
2164 2254 2270 2271 2255 3055 3071 3072 3056 
2165 2255 2271 2272 2256 3056 3072 3073 3057 
2166 2256 2272 2273 2257 3057 3073 3074 3058 
2167 2257 2273 2274 2258 3058 3074 3075 3059 
2168 2258 2274 2275 2259 3059 3075 3076 3060 
2169 2259 2275 2276 2260 3060 3076 3077 3061 
2170 2260 2276 2277 2261 3061 3077 3078 3062 
2171 2261 2277 2278 2262 3062 3078 3079 3063 
2172 2262 2278 2279 2263 3063 3079 3080 3064 
2173 2263 2279 2280 2264 3064 3080 3081 3065 
2174 2264 2280 2281 2265 3065 3081 3082 3066 
2175 2265 2281 2282 2266 3066 3082 3083 3067 
2176 2266 2282 2283 2267 3067 3083 3084 3068 
2177 1603 2171 2284 1620 2404 2972 3085 2421 
2178 1620 2284 2285 1637 2421 3085 3086 2438 
2179 1637 2285 2286 1654 2438 3086 3087 2455 
2180 1654 2286 2287 1671 2455 3087 3088 2472 
2181 1671 2287 2288 1688 2472 3088 3089 2489 
2182 1688 2288 2289 1705 2489 3089 3090 2506 
2183 1705 2289 2290 1722 2506 3090 3091 2523 
2184 1722 2290 2291 1739 2523 3091 3092 2540 
2185 1739 2291 2292 1756 2540 3092 3093 2557 
2186 1756 2292 2293 1773 2557 3093 3094 2574 
2187 1773 2293 2294 1790 2574 3094 3095 2591 
2188 1790 2294 2295 1807 2591 3095 3096 2608 
2189 1807 2295 2296 1824 2608 3096 3097 2625 
2190 1824 2296 2297 1841 2625 3097 3098 2642 
2191 1841 2297 2298 1858 2642 3098 3099 2659 
2192 1858 2298 1892 1875 2659 3099 2693 2676 
2193 2171 2187 2299 2284 2972 2988 3100 3085 
2194 2284 2299 2300 2285 3085 3100 3101 3086 
2195 2285 2300 2301 2286 3086 3101 3102 3087 
2196 2286 2301 2302 2287 3087 3102 3103 3088 
2197 2287 2302 2303 2288 3088 3103 3104 3089 
2198 2288 2303 2304 2289 3089 3104 3105 3090 
2199 2289 2304 2305 2290 3090 3105 3106 3091 
2200 2290 2305 2306 2291 3091 3106 3107 3092 
2201 2291 2306 2307 2292 3092 3107 3108 3093 
2202 2292 2307 2308 2293 3093 3108 3109 3094 
2203 2293 2308 2309 2294 3094 3109 3110 3095 
2204 2294 2309 2310 2295 3095 3110 3111 3096 
2205 2295 2310 2311 2296 3096 3111 3112 3097 
2206 2296 2311 2312 2297 3097 3112 3113 3098 
2207 2297 2312 2313 2298 3098 3113 3114 3099 
2208 2298 2313 1909 1892 3099 3114 2710 2693 
2209 2187 2203 2314 2299 2988 3004 3115 3100 
2210 2299 2314 2315 2300 3100 3115 3116 3101 
2211 2300 2315 2316 2301 3101 3116 3117 3102 
2212 2301 2316 2317 2302 3102 3117 3118 3103 
2213 2302 2317 2318 2303 3103 3118 3119 3104 
2214 2303 2318 2319 2304 3104 3119 3120 3105 
2215 2304 2319 2320 2305 3105 3120 3121 3106 
2216 2305 2320 2321 2306 3106 3121 3122 3107 
2217 2306 2321 2322 2307 3107 3122 3123 3108 
2218 2307 2322 2323 2308 3108 3123 3124 3109 
2219 2308 2323 2324 2309 3109 3124 3125 3110 
2220 2309 2324 2325 2310 3110 3125 3126 3111 
2221 2310 2325 2326 2311 3111 3126 3127 3112 
2222 2311 2326 2327 2312 3112 3127 3128 3113 
2223 2312 2327 2328 2313 3113 3128 3129 3114 
2224 2313 2328 1926 1909 3114 3129 2727 2710 
2225 2203 2219 2329 2314 3004 3020 3130 3115 
2226 2314 2329 2330 2315 3115 3130 3131 3116 
2227 2315 2330 2331 2316 3116 3131 3132 3117 
2228 2316 2331 2332 2317 3117 3132 3133 3118 
2229 2317 2332 2333 2318 3118 3133 3134 3119 
2230 2318 2333 2334 2319 3119 3134 3135 3120 
2231 2319 2334 2335 2320 3120 3135 3136 3121 
2232 2320 2335 2336 2321 3121 3136 3137 3122 
2233 2321 2336 2337 2322 3122 3137 3138 3123 
2234 2322 2337 2338 2323 3123 3138 3139 3124 
2235 2323 2338 2339 2324 3124 3139 3140 3125 
2236 2324 2339 2340 2325 3125 3140 3141 3126 
2237 2325 2340 2341 2326 3126 3141 3142 3127 
2238 2326 2341 2342 2327 3127 3142 3143 3128 
2239 2327 2342 2343 2328 3128 3143 3144 3129 
2240 2328 2343 1943 1926 3129 3144 2744 2727 
2241 2219 2235 2344 2329 3020 3036 3145 3130 
2242 2329 2344 2345 2330 3130 3145 3146 3131 
2243 2330 2345 2346 2331 3131 3146 3147 3132 
2244 2331 2346 2347 2332 3132 3147 3148 3133 
2245 2332 2347 2348 2333 3133 3148 3149 3134 
2246 2333 2348 2349 2334 3134 3149 3150 3135 
2247 2334 2349 2350 2335 3135 3150 3151 3136 
2248 2335 2350 2351 2336 3136 3151 3152 3137 
2249 2336 2351 2352 2337 3137 3152 3153 3138 
2250 2337 2352 2353 2338 3138 3153 3154 3139 
2251 2338 2353 2354 2339 3139 3154 3155 3140 
2252 2339 2354 2355 2340 3140 3155 3156 3141 
2253 2340 2355 2356 2341 3141 3156 3157 3142 
2254 2341 2356 2357 2342 3142 3157 3158 3143 
2255 2342 2357 2358 2343 3143 3158 3159 3144 
2256 2343 2358 1960 1943 3144 3159 2761 2744 
2257 2235 2251 2359 2344 3036 3052 3160 3145 
2258 2344 2359 2360 2345 3145 3160 3161 3146 
2259 2345 2360 2361 2346 3146 3161 3162 3147 
2260 2346 2361 2362 2347 3147 3162 3163 3148 
2261 2347 2362 2363 2348 3148 3163 3164 3149 
2262 2348 2363 2364 2349 3149 3164 3165 3150 
2263 2349 2364 2365 2350 3150 3165 3166 3151 
2264 2350 2365 2366 2351 3151 3166 3167 3152 
2265 2351 2366 2367 2352 3152 3167 3168 3153 
2266 2352 2367 2368 2353 3153 3168 3169 3154 
2267 2353 2368 2369 2354 3154 3169 3170 3155 
2268 2354 2369 2370 2355 3155 3170 3171 3156 
2269 2355 2370 2371 2356 3156 3171 3172 3157 
2270 2356 2371 2372 2357 3157 3172 3173 3158 
2271 2357 2372 2373 2358 3158 3173 3174 3159 
2272 2358 2373 1977 1960 3159 3174 2778 2761 
2273 2251 2267 2374 2359 3052 3068 3175 3160 
2274 2359 2374 2375 2360 3160 3175 3176 3161 
2275 2360 2375 2376 2361 3161 3176 3177 3162 
2276 2361 2376 2377 2362 3162 3177 3178 3163 
2277 2362 2377 2378 2363 3163 3178 3179 3164 
2278 2363 2378 2379 2364 3164 3179 3180 3165 
2279 2364 2379 2380 2365 3165 3180 3181 3166 
2280 2365 2380 2381 2366 3166 3181 3182 3167 
2281 2366 2381 2382 2367 3167 3182 3183 3168 
2282 2367 2382 2383 2368 3168 3183 3184 3169 
2283 2368 2383 2384 2369 3169 3184 3185 3170 
2284 2369 2384 2385 2370 3170 3185 3186 3171 
2285 2370 2385 2386 2371 3171 3186 3187 3172 
2286 2371 2386 2387 2372 3172 3187 3188 3173 
2287 2372 2387 2388 2373 3173 3188 3189 3174 
2288 2373 2388 1994 1977 3174 3189 2795 2778 
2289 2267 2283 2389 2374 3068 3084 3190 3175 
2290 2374 2389 2390 2375 3175 3190 3191 3176 
2291 2375 2390 2391 2376 3176 3191 3192 3177 
2292 2376 2391 2392 2377 3177 3192 3193 3178 
2293 2377 2392 2393 2378 3178 3193 3194 3179 
2294 2378 2393 2394 2379 3179 3194 3195 3180 
2295 2379 2394 2395 2380 3180 3195 3196 3181 
2296 2380 2395 2396 2381 3181 3196 3197 3182 
2297 2381 2396 2397 2382 3182 3197 3198 3183 
2298 2382 2397 2398 2383 3183 3198 3199 3184 
2299 2383 2398 2399 2384 3184 3199 3200 3185 
2300 2384 2399 2400 2385 3185 3200 3201 3186 
2301 2385 2400 2401 2386 3186 3201 3202 3187 
2302 2386 2401 2402 2387 3187 3202 3203 3188 
2303 2387 2402 2403 2388 3188 3203 3204 3189 
2304 2388 2403 2011 1994 3189 3204 2812 2795 
$EndElements
$ElementData
1
"e_1"
1
0.0
3
0
3
2304
1 0.89789542998064131 -0.022170780718959542 0.43965014875715763
2 0.8979367109785017 -0.020512870509565868 0.43964631832936862
3 0.89785582752921056 -0.018505775366335402 0.4399004992608298
4 0.89768559687443172 -0.01608983105192114 0.4403426921170781
5 0.89746521693115378 -0.013219184697839994 0.44088710295793571
6 0.8972394890428943 -0.0098827254801984402 0.44143360886902244
7 0.89705469053596265 -0.0061283559802564943 0.44187704787690385
8 0.89695058704909603 -0.0020785599598471534 0.44212591417013264
9 0.89695058700743668 0.0020785599735557935 0.44212591425458309
10 0.89705469053596265 0.0061283559802564943 0.44187704787690385
11 0.8972394890428943 0.0098827254801984402 0.44143360886902244
12 0.89746521692988934 0.013219184804409222 0.44088710295731454
13 0.89768559683301163 0.016089831055002387 0.44034269220140498
14 0.89785582744309667 0.018505775471328749 0.43990049943217518
15 0.89793671097141203 0.020512870941877488 0.43964631832367784
16 0.89789542998141136 0.022170780724265041 0.43965014875531772
17 0.92133983118764529 -0.020907917155905776 0.38819553638253373
18 0.92131750634067855 -0.019535345313849223 0.38832000050687904
19 0.92119036349267447 -0.017824161800458 0.38870376054824207
20 0.92098469677015504 -0.01569254928613556 0.38928258657701043
21 0.9207345066336643 -0.013062522821175171 0.38997094608651206
22 0.92048220798773983 -0.0098873700375325408 0.39065937169323889
23 0.92027552213087893 -0.0061924672585374234 0.3912219532643717
24 0.92015854578972778 -0.0021120961524695027 0.39154027846439549
25 0.92015854582289236 0.0021120961655798332 0.39154027838638439
26 0.92027552197480966 0.0061924672845534217 0.39122195363108336
27 0.92048220798773983 0.0098873700375325408 0.39065937169323889
28 0.92073450685399727 0.013062522926518863 0.3899709455627694
29 0.92098469673722705 0.01569254928927085 0.38928258665478699
30 0.92119036353756334 0.017824161805529336 0.38870376044162774
31 0.92131750634067855 0.019535345313849223 0.38832000050687904
32 0.92133983119368179 0.020907917160988585 0.38819553636793314
33 0.94240711690225332 -0.019170291542162269 0.33391814256516689
34 0.94235258814969691 -0.01811356667226997 0.33413095981961466
35 0.94221154492050119 -0.016751637715899086 0.33459944299469124
36 0.94200269675396586 -0.014983222677178569 0.33527067027472313
37 0.94175260075677369 -0.012692505743621742 0.33606686725382628
38 0.94149826076255994 -0.0097783692152717937 0.3368759541382621
39 0.94128633754086821 -0.0062165254729540497 0.33755204868278171
40 0.94116454292686891 -0.0021389810393829113 0.33794190018015086
41 0.94116454285707651 0.0021389810392242943 0.33794190037452271
42 0.94128633747129686 0.0062165254450612375 0.33755204887729967
43 0.94149826084466504 0.0097783692149843813 0.33687595390880393
44 0.94175260075677369 0.012692505743621742 0.33606686725382628
45 0.94200269674002479 0.014983222788699473 0.33527067030890928
46 0.94221154486514047 0.016751637602786751 0.33459944315624673
47 0.94235258814969691 0.01811356667226997 0.33413095981961466
48 0.94240711688987655 0.019170291544161066 0.33391814259998298
49 0.96070445329465237 -0.016889978313512174 0.27705898659381595
50 0.96064387445525257 -0.016156646052682785 0.27731265614812706
51 0.96051674120166397 -0.015177749218254528 0.27780789369635167
52 0.96033420617891552 -0.013843875587163256 0.27850773696872289
53 0.96011385543978323 -0.012005656275599888 0.27935147898292428
54 0.959883864765951 -0.0094903764300277443 0.28023721900775095
55 0.95968571946663495 -0.006178193940974356 0.28100738383792545
56 0.95956851832579737 -0.0021574875846930692 0.28146687884253019
57 0.95956851832579737 0.0021574875846930692 0.28146687884253019
58 0.95968571946663495 0.006178193940974356 0.28100738383792545
59 0.9598838647154978 0.0094903763729663818 0.28023721918249783
60 0.96011385544846484 0.012005656274319911 0.27935147895314133
61 0.96033420630506816 0.013843875698594381 0.27850773652819155
62 0.96051674120003927 0.015177749329671751 0.27780789369588177
63 0.96064387452339461 0.016156646051949945 0.27731265591211762
64 0.96070445329465237 0.016889978313512174 0.27705898659381595
65 0.97585828592086976 -0.014020377912581917 0.2179542034528596
66 0.97580938676905304 -0.013583695963637718 0.21820065054296248
67 0.97571502874382432 -0.012982208949286434 0.21865874081370504
68 0.97558030104507387 -0.012119694634850055 0.21930843398000241
69 0.97541412622403856 -0.010838427210959324 0.22011317738424543
70 0.97523349651720737 -0.0088996187940951627 0.22099869695575575
71 0.97506937264615345 -0.0060289756973016728 0.22181832651852298
72 0.97496736480460566 -0.0021644373409168563 0.22233747497208015
73 0.97496736480460566 0.0021644373409168563 0.22233747497208015
74 0.97506937269445171 0.0060289756976003072 0.22181832630620532
75 0.97523349646406354 0.008899618738763132 0.22099869719249957
76 0.97541412618260892 0.010838427097363695 0.22011317757343063
77 0.97558030104507387 0.012119694634850055 0.21930843398000241
78 0.97571502873843063 0.012982208950710403 0.21865874083768888
79 0.97580938671804884 0.013583696188433393 0.2182006507570631
80 0.97585828587274925 0.014020377911890558 0.21795420366835636
81 0.98753814190615197 -0.010560252426341636 0.15702515514794696
82 0.98750860393582618 -0.010354695317807701 0.15722448103775322
83 0.98745365819234521 -0.010067814762735485 0.15758779149559285
84 0.98737484649747564 -0.0096395021222677717 0.15810753461780783
85 0.98727506509178364 -0.008951189615902062 0.15876971390184705
86 0.98716105771787721 -0.0077643416487503548 0.15953921500397139
87 0.98704925949155153 -0.0056443713644925017 0.1603181225223132
88 0.98697366653423357 -0.0021513165185364828 0.16086750263868899
89 0.98697366660971386 0.0021513165183348064 0.1608675021755957
90 0.98704925949155153 0.0056443713644925017 0.1603181225223132
91 0.9871610576829738 0.0077643415923881682 0.15953921522268114
92 0.98727506505895701 0.0089511895026811294 0.15876971411235644
93 0.98737484653159957 0.0096395022353307699 0.15810753439781236
94 0.98745365819234521 0.010067814762735485 0.15758779149559285
95 0.98750860396875018 0.010354695545159266 0.15722448081598883
96 0.98753814194052125 0.010560252653964418 0.1570251549164895
97 0.99547860978159897 -0.0065800152632072683 0.094757801084822749
98 0.99546696592409489 -0.0065138467417172868 0.094884611789807283
99 0.99544565281048547 -0.0064257089264435239 0.095113945168408862
100 0.99541491586822639 -0.0062960837274797891 0.095443724763592197
101 0.99537517152873978 -0.0060796000183362684 0.095871301064233666
102 0.99532761490675425 -0.00565514105978968 0.096389617613235765
103 0.99527648332441565 -0.0046536563952828828 0.09696940354327728
104 0.99523684418577862 -0.0020798078619797072 0.097464344118192894
105 0.99523684418577862 0.0020798078619797072 0.097464344118192894
106 0.99527648332401741 0.0046536563675321314 0.096969403548696653
107 0.99532761492830202 0.0056551410599121081 0.096389617390723423
108 0.99537517152873978 0.0060796000183362684 0.095871301064233666
109 0.99541491584815844 0.006296083501206899 0.095443724987813977
110 0.99544565285420361 0.0064257088132074012 0.095113944718512783
111 0.99546696594414907 0.0065138469698151277 0.094884611563752178
112 0.99547860978159897 0.0065800152632072683 0.094757801084822749
113 0.99949566198150885 -0.0022369668420089291 0.031676768450918887
114 0.99949431792343157 -0.0022263693818844526 0.031719894674311987
115 0.99949187335268608 -0.002214866062810811 0.031797633092135423
116 0.99948833917396507 -0.0022015195844094647 0.031909452624391911
117 0.99948372368179639 -0.0021839533267954993 0.032054897333120391
118 0.99947806019351926 -0.0021544891126610366 0.032232985720580615
119 0.99947154346780476 -0.0020758819976279229 0.032439551661758145
120 0.99946557882448039 -0.0015415322296655821 0.032652418339706786
121 0.99946557881720444 0.00154153222965436 0.032652418562418947
122 0.999471543474997 0.0020758820255947514 0.032439551438376457
123 0.99947806018605945 0.002154489224869533 0.032232985944397156
124 0.99948372367432692 0.0021839534395093453 0.032054897558341164
125 0.9994883391744489 0.0022015193580057152 0.031909452624859183
126 0.99949187335244882 0.0022148661764924732 0.031797633091675666
127 0.99949431792343157 0.0022263693818844526 0.031719894674311987
128 0.99949566198150885 0.0022369668420089291 0.031676768450918887
129 0.99949566197421558 0.0022369668420567962 -0.031676768681041585
130 0.99949431791617516 0.0022263693819000907 -0.031719894902965666
131 0.99949187335268608 0.002214866062810811 -0.031797633092135423
132 0.99948833918142155 0.0022015194712390672 -0.031909452398645802
133 0.99948372367432692 0.0021839534395093453 -0.032054897558341164
134 0.99947806019351926 0.0021544891126610366 -0.032232985720580615
135 0.99947154347505496 0.0020758819976429812 -0.032439551438378345
136 0.99946557881720444 0.00154153222965436 -0.032652418562418947
137 0.99946557881720444 -0.00154153222965436 -0.032652418562418947
138 0.99947154348236311 -0.0020758819697062696 -0.032439551215000417
139 0.99947806018616547 -0.0021544891687725969 -0.032232985944853104
140 0.99948372368900518 -0.0021839533268420415 -0.032054897108343181
141 0.9994883391744489 -0.0022015193580057152 -0.031909452624859183
142 0.99949187335270051 -0.0022148660627793445 -0.03179763309168368
143 0.99949431791618959 -0.002226369381868321 -0.031719894902513035
144 0.99949566196695117 -0.0022369668420405375 -0.031676768910256232
145 0.99547860978108271 0.0065800152635821464 -0.094757801090221305
146 0.99546696594414907 0.0065138469698151277 -0.094884611563752178
147 0.99544565281048547 0.0064257089264435239 -0.095113945168408862
148 0.99541491586822639 0.0062960837274797891 -0.095443724763592197
149 0.99537517152805799 0.0060796001309909578 -0.095871301064167996
150 0.99532761492777855 0.0056551410602281599 -0.096389617396110391
151 0.99527648332441565 0.0046536563952828828 -0.09696940354327728
152 0.99523684418577862 0.0020798078619797072 -0.097464344118192894
153 0.99523684418574965 -0.0020798078759734755 -0.097464344118190063
154 0.99527648332454532 -0.0046536563672726575 -0.096969403543289923
155 0.99532761492830202 -0.0056551410599121081 -0.096389617390723423
156 0.99537517155024136 -0.0060796000184675974 -0.095871300840986926
157 0.99541491586770914 -0.0062960837278341151 -0.095443724768963512
158 0.99544565285275133 -0.0064257090402346827 -0.095113944718374019
159 0.99546696594414907 -0.0065138469698151277 -0.094884611563752178
160 0.99547860978108271 -0.0065800152635821464 -0.094757801090221305
161 0.98753814190474098 0.010560252426935717 -0.15702515515678062
162 0.98750860396966234 0.010354695318757575 -0.15722448082516965
163 0.98745365819291653 0.010067814987785639 -0.1575877914776346
164 0.98737484649640261 0.0096395022349871507 -0.15810753461763602
165 0.98727506509178364 0.008951189615902062 -0.15876971390184705
166 0.98716105768540607 0.0077643416476126633 -0.1595392152049451
167 0.98704925949283717 0.0056443713921897056 -0.16031812251342309
168 0.98697366657414787 0.0021513165182572829 -0.1608675023938051
169 0.98697366660826436 -0.0021513165184537139 -0.16086750218448717
170 0.98704925949010991 -0.0056443713648046063 -0.16031812253117797
171 0.98716105771930829 -0.0077643416483204625 -0.1595392149951381
172 0.98727506509419849 -0.0089511895030006481 -0.15876971389319641
173 0.98737484653267249 -0.009639502122611391 -0.15810753439798417
174 0.98745365819375519 -0.0100678147621733 -0.15758779148679317
175 0.98750860393673845 -0.010354695091406012 -0.15722448104693407
176 0.98753814197541001 -0.010560252427691416 -0.15702515471228862
177 0.97585828587274925 0.014020377911890558 -0.21795420366835636
178 0.97580938667003358 0.013583696187765001 -0.21820065097183208
179 0.97571502873843063 0.012982208950710403 -0.21865874083768888
180 0.97558030104639948 0.012119694522742098 -0.21930843398030042
181 0.97541412618922618 0.010838426984301944 -0.22011317754967422
182 0.97523349646904445 0.0088996187936556479 -0.22099869716830831
183 0.97506937264615345 0.0060289756973016728 -0.22181832651852298
184 0.97496736475618029 0.0021644373547629412 -0.22233747518429434
185 0.97496736479908686 -0.0021644373411524218 -0.22233747499627809
186 0.97506937264615345 -0.0060289756973016728 -0.22181832651852298
187 0.9752334965176922 -0.0088996187382328912 -0.22099869695586563
188 0.97541412617835754 -0.010838426986667779 -0.22011317759772095
189 0.97558030105048299 -0.012119694633524325 -0.21930843395601304
190 0.97571502873843063 -0.012982208950710403 -0.21865874083768888
191 0.97580938667003358 -0.013583696187765001 -0.21820065097183208
192 0.97585828586735324 -0.014020377913438286 -0.21795420369241658
193 0.96070445331554999 0.016889978085893324 -0.27705898653522931
194 0.96064387450615396 0.016156646055417768 -0.27731265597163934
195 0.96051674125413677 0.015177749109401771 -0.27780789352087482
196 0.96033420630506816 0.013843875698594381 -0.27850773652819155
197 0.96011385539017891 0.012005656162547463 -0.27935147915826991
198 0.95988386470677611 0.0094903763739769293 -0.28023721921233791
199 0.95968571945771108 0.006178193969349292 -0.28100738386777774
200 0.95956851828348222 0.0021574875840994368 -0.28146687898679457
201 0.95956851840324409 -0.0021574875843687088 -0.281466878578504
202 0.95968571958607241 -0.0061781939694618678 -0.28100738342940046
203 0.95988386470677611 -0.0094903763739769293 -0.28023721921233791
204 0.96011385537153593 -0.01200565627613503 -0.27935147921746334
205 0.96033420625422439 -0.013843875696258182 -0.27850773670362405
206 0.96051674121191521 -0.015177749105212638 -0.27780789366708425
207 0.96064387450615396 -0.016156646055417768 -0.27731265597163934
208 0.96070445331554999 -0.016889978085893324 -0.27705898653522931
209 0.94240711683661893 0.019170291319552914 -0.33391814276318527
210 0.94235258820308287 0.018113566896190675 -0.33413095965691086
211 0.94221154493460513 0.016751637604021766 -0.33459944296057637
212 0.94200269672763604 0.014983222790251941 -0.33527067034364794
213 0.94175260076919942 0.012692505742308532 -0.33606686721905571
214 0.94149826090183253 0.0097783692167182738 -0.33687595374898205
215 0.94128633748380408 0.0062165254444191279 -0.33755204884243367
216 0.94116454293937191 0.0021389810528764782 -0.33794190014524478
217 0.94116454279978723 -0.002138981052559245 -0.33794190053398848
218 0.94128633748364354 -0.0062165254718514118 -0.33755204884237611
219 0.94149826090132716 -0.0097783692716021439 -0.33687595374880125
220 0.94175260084005386 -0.012692505633400837 -0.33606686702461502
221 0.94200269674002479 -0.014983222788699473 -0.33527067030890928
222 0.94221154490987502 -0.016751637607499505 -0.33459944303004119
223 0.94235258827259727 -0.018113566897526856 -0.33413095946078591
224 0.94240711688987655 -0.019170291544161066 -0.33391814259998298
225 0.92133983119368179 0.020907917160988585 -0.38819553636793314
226 0.92131750634067855 0.019535345313849223 -0.38832000050687904
227 0.92119036368111351 0.017824161799901338 -0.38870376010168567
228 0.92098469680465078 0.015692549174559069 -0.3892825864998965
229 0.92073450677617652 0.013062522925414814 -0.3899709457465439
230 0.92048220791083601 0.0098873699284049137 -0.39065937187720351
231 0.92027552197480966 0.0061924672845534217 -0.39122195363108336
232 0.92015854574489264 0.0021120961654007954 -0.39154027856969276
233 0.92015854574494504 -0.00211209613833862 -0.39154027856971507
234 0.92027552205276719 -0.0061924672850779926 -0.39122195344769473
235 0.92048220798872549 -0.0098873699292415657 -0.39065937169365722
236 0.92073450677617652 -0.013062522925414814 -0.3899709457465439
237 0.92098469672530658 -0.015692549281675051 -0.38928258668329507
238 0.92119036349267447 -0.017824161800458 -0.38870376054824207
239 0.92131750634067855 -0.019535345313849223 -0.38832000050687904
240 0.92133983119788021 -0.020907916943138528 -0.38819553636970205
241 0.89789542998064131 0.022170780718959542 -0.43965014875715763
242 0.89793671110431661 0.020512870507556017 -0.43964631807249727
243 0.89785582756860738 0.018505775585085121 -0.43990049917121693
244 0.89768559687443172 0.01608983105192114 -0.4403426921170781
245 0.89746521693115378 0.013219184697839994 -0.44088710295793571
246 0.8972394890428943 0.0098827254801984402 -0.44143360886902244
247 0.89705469041007369 0.0061283559542251219 -0.4418770481328323
248 0.8969505870491209 0.0020785599465355971 -0.44212591417014485
249 0.89695058692299878 -0.0020785599600485058 -0.44212591442594767
250 0.89705469049450925 -0.0061283559548019556 -0.44187704796141158
251 0.8972394890428943 -0.0098827254801984402 -0.44143360886902244
252 0.89746521714132754 -0.013219184697795778 -0.44088710253010954
253 0.89768559687289107 -0.016089831158558197 -0.44034269211632238
254 0.8978558275256624 -0.018505775579798763 -0.43990049925909147
255 0.89793671105896444 -0.020512870725198772 -0.43964631815496985
256 0.89789543006438866 -0.02217078071574094 -0.43965014858628337
257 0.87858392897442839 0.02320756614875822 -0.47702378202905954
258 0.87756310768936963 0.021488341222752564 -0.47897937660620699
259 0.87642899884545855 0.019387733693752157 -0.48114065070929868
260 0.87524989087960947 0.016847091724278503 -0.48337749638938027
261 0.87411302007478975 0.013825770276746537 -0.48552577296368621
262 0.87312112801293806 0.010321525453473241 -0.48739405200487196
263 0.87238108231260059 0.0063919980821514474 -0.48878460448710248
264 0.87198432060370468 0.002166243404311193 -0.48952901038734048
265 0.87198432061466102 -0.0021662434033000418 -0.48952901036782892
266 0.87238108231260059 -0.0063919980821514474 -0.48878460448710248
267 0.87312112806265729 -0.010321525451587909 -0.48739405191584445
268 0.87411302017233872 -0.013825770376373685 -0.48552577278522763
269 0.87524989087960947 -0.016847091724278503 -0.48337749638938027
270 0.87642899884545855 -0.019387733693752157 -0.48114065070929868
271 0.87756310769351842 -0.021488341217701441 -0.47897937659883233
272 0.87858392884577674 -0.02320756613979004 -0.47702378226644671
273 0.86478154248010874 0.024378258474386356 -0.50155616265726388
274 0.86143063466210423 0.022755461545473855 -0.50736520439964805
275 0.85797969161860921 0.02069132405447183 -0.51326671222563147
276 0.85456937813220935 0.018110461043164286 -0.51902137639940504
277 0.85139097356428783 0.01495801278366525 -0.52431828881588505
278 0.84867887786065466 0.011225353378359271 -0.52878932829124947
279 0.84668317183467379 0.0069776721278390873 -0.53205161274415136
280 0.84562121179624772 0.0023693249181373907 -0.53377818657161136
281 0.84562121179627336 -0.0023693249053508302 -0.53377818657162746
282 0.84668317176454144 -0.0069776721818288652 -0.53205161285504887
283 0.84867887786114338 -0.01122535332708389 -0.5287893282915539
284 0.85139097351969961 -0.014958012680064648 -0.52431828889124321
285 0.85456937813220935 -0.018110461043164286 -0.51902137639940504
286 0.85797969162765131 -0.020691324049698166 -0.51326671221070908
287 0.8614306345631082 -0.02275546154834724 -0.50736520456759981
288 0.86478154248010874 -0.024378258474386356 -0.50155616265726388
289 0.85112286071812637 0.025448942246520015 -0.52434933708504472
290 0.84527967537441029 0.023917182683500435 -0.53378857122592616
291 0.83931229932742168 0.021889350746431065 -0.54320872647778429
292 0.83344628037898083 0.019274108904624585 -0.55226425418306224
293 0.82799591540387074 0.016002917233920569 -0.56050572763756012
294 0.82335252148644555 0.012060777325563609 -0.56740211756056669
295 0.81993798705342036 0.0075196242879624845 -0.57240296351202868
296 0.81812144421343902 0.0025573546097129108 -0.57503979206270328
297 0.81812144426044298 -0.0025573546098598397 -0.57503979199582911
298 0.81993798711900767 -0.0075196242867284751 -0.57240296341809449
299 0.82335252158023198 -0.012060777326937428 -0.56740211742444502
300 0.82799591548216345 -0.016002917138527719 -0.56050572752462724
301 0.83344628030185752 -0.019274108912213452 -0.55226425429918746
302 0.83931229927721951 -0.021889350948920035 -0.54320872654719221
303 0.84527967536212856 -0.023917182688954236 -0.53378857124513046
304 0.85112286071365817 -0.02544894245267924 -0.52434933708229203
305 0.83759958487260311 0.02643106760788614 -0.54564487909843917
306 0.82913198914188724 0.024983203361090077 -0.55849439042074178
307 0.82048715389454863 0.022988911852460377 -0.57120253870747373
308 0.8119871356769206 0.020342146180244353 -0.58332074245990251
309 0.80408525431942635 0.016961853093341559 -0.59427199103247608
310 0.79734926182264287 0.012827316095613984 -0.60338181496683307
311 0.79239334649756421 0.0080167928825427004 -0.60995779809612205
312 0.78975587587905927 0.002729826418532992 -0.61341519753118667
313 0.78975587597341057 -0.0027298264188591213 -0.6134151974097104
314 0.79239334649756421 -0.0080167928825427004 -0.60995779809612205
315 0.79734926189407895 -0.012827316093608029 -0.60338181487247533
316 0.80408525436523559 -0.01696185319299081 -0.59427199096764916
317 0.8119871356769206 -0.020342146180244353 -0.58332074245990251
318 0.82048715384756565 -0.022988911851143979 -0.57120253877501426
319 0.82913198893822393 -0.024983203361046577 -0.55849439072309881
320 0.83759958472826357 -0.026431067807291118 -0.54564487931035044
321 0.82420276351702382 0.027333723488396921 -0.56563475155895504
322 0.81300199839650944 0.025961328330791098 -0.58168183746321578
323 0.80154977444238906 0.023995821938740832 -0.59744636547629915
324 0.79027603348398667 0.021318048311006955 -0.6123800549634405
325 0.77978687754209919 0.017836114463055736 -0.62579093844030997
326 0.77084094531929381 0.013524756328622827 -0.63688406950206311
327 0.76425760610739857 0.008468445411142134 -0.6448554853138081
328 0.76075379920105157 0.0028863765892480362 -0.64903414843238516
329 0.76075379924782027 -0.0028863765894254815 -0.6490341483775649
330 0.76425760594928727 -0.0084684454136025392 -0.64485548550116312
331 0.77084094546015713 -0.01352475633109434 -0.63688406933151942
332 0.77978687749502174 -0.017836114461978927 -0.62579093849900291
333 0.79027603357996368 -0.021318048216132132 -0.61238005484288494
334 0.80154977451285525 -0.023995821934949872 -0.59744636538191209
335 0.81300199839650944 -0.025961328330791098 -0.58168183746321578
336 0.82420276353597843 -0.027333723690626126 -0.56563475152156306
337 0.81092299673889734 0.028164257920397336 -0.5844746940080463
338 0.79689838540120161 0.02685792988486389 -0.60351604365356981
339 0.78253359997638849 0.024914881367458182 -0.62210964756579623
340 0.76837793581231184 0.022204740787658578 -0.639611051533167
341 0.75520231756545064 0.018626859789495059 -0.65522705960464955
342 0.74396638859162934 0.01415302211388407 -0.66806714079572327
343 0.73570086382798139 0.008874055998851502 -0.6772484699819491
344 0.73130334755463633 0.0030267352198739346 -0.68204563830383946
345 0.73130334755463633 -0.0030267352198739346 -0.68204563830383946
346 0.7357008635434541 -0.0088740559998757591 -0.6772484702910202
347 0.74396638866538967 -0.014153022108200563 -0.66806714071370332
348 0.75520231754347256 -0.018626859694767361 -0.6552270596326738
349 0.76837793583250757 -0.022204740979121031 -0.63961105150225861
350 0.78253360007936501 -0.024914881358408129 -0.62210964743662756
351 0.79689838532531099 -0.026857930085353022 -0.60351604374485557
352 0.81092299661631961 -0.02816425811535845 -0.58447469416872111
353 0.79775055186751853 0.028928700047612253 -0.60229327350438244
354 0.78082521569171648 0.027678262740780585 -0.62413612001841134
355 0.76346200882162829 0.02575005998422273 -0.64533920963850699
356 0.74634128295321456 0.023004642416777906 -0.66516575061185024
357 0.73040949896604213 0.019335043135035843 -0.68273576142395054
358 0.71683382937505635 0.014712046807443221 -0.69708881553373703
359 0.70685689035461607 0.0092331888914110507 -0.70729632035031653
360 0.70155303302212402 0.0031506791460342537 -0.71261028274813543
361 0.7015530329134817 -0.003150679188493859 -0.71261028285490402
362 0.70685689013065778 -0.0092331888530509075 -0.70729632057463665
363 0.71683382937900775 -0.0147120469054936 -0.69708881552760427
364 0.73040949886337803 -0.019335043142041573 -0.68273576153358495
365 0.74634128310581227 -0.023004642806431958 -0.66516575042715365
366 0.76346200881631465 -0.025750059971223802 -0.64533920964531177
367 0.78082521569171648 -0.027678262740780585 -0.62413612001841134
368 0.79775055181505705 -0.028928700249661914 -0.60229327356416407
369 0.78467542895259901 0.029632052343941759 -0.61919820144436843
370 0.76478273398619756 0.028426686259288167 -0.64366085270498874
371 0.7443498068440233 0.026504621702517293 -0.66726371853988253
372 0.72420001567066761 0.023719684146220749 -0.68918191639552495
373 0.70546503703777219 0.019961341272351163 -0.70846356742736138
374 0.6895232433184747 0.015201649926650122 -0.72410400272549191
375 0.6778253090416877 0.0095453851017448018 -0.73516102728980404
376 0.67161379586602021 0.0032579868118743369 -0.74089425340217707
377 0.67161379628725126 -0.0032579868105741278 -0.74089425302034073
378 0.67782530925087536 -0.0095453850998040383 -0.73516102709695619
379 0.68952324343704074 -0.015201649921514968 -0.72410400261269603
380 0.70546503680226469 -0.019961341275806923 -0.70846356766177476
381 0.72420001572758441 -0.023719684148084941 -0.68918191633565196
382 0.74434980706814124 -0.026504621697222633 -0.66726371829008368
383 0.7647827341150969 -0.028426686264079307 -0.64366085255162175
384 0.78467542909813737 -0.029632052342096891 -0.61919820126002401
385 0.89167147162391835 -0.02348638472231401 -0.45207341928575184
386 0.91561336402695692 -0.022201884262748439 -0.40144643970325933
387 0.93752235099287851 -0.020397703348092201 -0.34732661154439187
388 0.95691117926936931 -0.017998023148706313 -0.28982247351101575
389 0.973267337456732 -0.014953522145482753 -0.22918787493087042
390 0.98608712548767963 -0.011267266851285117 -0.1658470067415965
391 0.99492207052272263 -0.0070207646930512593 -0.1004030998022634
392 0.99943180623675998 -0.0023866390749477571 -0.033620955314406786
393 0.99943180623737515 0.0023866388443489327 0.033620955312489292
394 0.99492207054786663 0.007020764463010979 0.10040309956919062
395 0.98608712548925814 0.011267266850650381 0.16584700673225361
396 0.97326733746270844 0.014953522143833895 0.22918787490559889
397 0.95691117926936931 0.017998023148706313 0.28982247351101575
398 0.93752235100210612 0.020397703353100337 0.34732661151919048
399 0.91561336403579363 0.022201883828267682 0.40144643970713373
400 0.89167147167209215 0.023486384504678579 0.45207341920204053
401 0.87918089060445159 -0.024706557371667045 -0.4758471893568394
402 0.90390215633843241 -0.023625361647182621 -0.42708633091422166
403 0.92734923568057692 -0.021962954249085523 -0.37355190231519653
404 0.94887425972923867 -0.019604887022908645 -0.3150448977972955
405 0.96769197222864489 -0.016464034191766876 -0.25159726243019381
406 0.9829241369903825 -0.012518453772332634 -0.18358493739101195
407 0.99369752924458077 -0.0078522626713967286 -0.11181932902747618
408 0.99929061488304161 -0.0026786819611395217 -0.037564500124768897
409 0.99929061488240145 0.0026786821926593706 0.03756450012528869
410 0.99369752921895793 0.0078522626711942552 0.11181932925519199
411 0.98292413697254821 0.012518453543225675 0.18358493750212088
412 0.96769197224662795 0.016464034412706469 0.25159726234656971
413 0.94887425971811379 0.019604887024985671 0.31504489783067274
414 0.927349235668813 0.02196295446328371 0.37355190233180696
415 0.90390215629897741 0.023625361651787757 0.42708633099747079
416 0.87918089069662742 0.024706557368319268 0.47584718918670832
417 0.86677452737018401 -0.025828084618857262 -0.4980309515954961
418 0.89201872819918593 -0.024952569087199242 -0.45130915993125525
419 0.91679396375727229 -0.023445847120555731 -0.39867169484555687
420 0.94034752128628918 -0.02115290882090896 -0.33955720233731812
421 0.96165134162617394 -0.017943133489285005 -0.2736873053489427
422 0.97943474108235951 -0.013761313894802693 -0.20129136643388429
423 0.99232843909863211 -0.0086871752324168845 -0.12332397148386662
424 0.99913162597294236 -0.0029736319002198848 -0.041559012187326751
425 0.99913162595912619 0.0029736316677120593 0.041559012536121445
426 0.99232843908359147 0.0086871752327915604 0.12332397160486493
427 0.97943474106285811 0.013761313665364582 0.20129136654445848
428 0.9616513415705652 0.017943133262137444 0.27368730555922632
429 0.94034752124233356 0.021152908600012128 0.33955720247280646
430 0.91679396375727229 0.023445847120555731 0.39867169484555687
431 0.89201872815485206 0.024952569097923004 0.45130916001828925
432 0.86677452732501292 0.025828084617511259 0.49803095167418193
433 0.85444526524542685 -0.026862110486947977 -0.51884652424378752
434 0.87997517084154586 -0.026191914846180428 -0.47429704015425045
435 0.90587202512742793 -0.024851205363113072 -0.42282182025474163
436 0.93133612260504839 -0.022643672177368492 -0.36345603701316886
437 0.95513651930482468 -0.019390550352388156 -0.29553043167717202
438 0.97560390586763202 -0.014995283488833978 -0.21902547872087894
439 0.99080515023124649 -0.0095253653043645258 -0.13496081539119242
440 0.9989534492908223 -0.0032715375649863074 -0.045621301953466177
441 0.9989534492908223 0.0032715375649863074 0.045621301953466177
442 0.99080515024563565 0.0095253655360337461 0.13496081526920467
443 0.97560390588108303 0.014995283492566128 0.21902547866070912
444 0.95513651933249677 0.019390550578630757 0.2955304315728936
445 0.93133612263440502 0.022643672172700073 0.36345603693823558
446 0.9058720251300536 0.024851205369130522 0.42282182024876264
447 0.87997517093719857 0.026191914836410035 0.47429703997732298
448 0.85444526533729059 0.026862110489835996 0.51884652409235532
449 0.84218548414938366 -0.027817459698552795 -0.53846986844575395
450 0.86777915546271334 -0.027350017018321102 -0.49619684996331609
451 0.89459306662708171 -0.026182603312227867 -0.44611401729439998
452 0.92183927083470096 -0.024077917394036363 -0.38682374880675691
453 0.94813281772238012 -0.020805450246696926 -0.31719283282863142
454 0.9714116908949183 -0.01621947963779918 -0.23684648038962872
455 0.98911531944368358 -0.010366591735175916 -0.14677676456992772
456 0.99875431777196455 -0.0035724424155925052 -0.049769974754312996
457 0.9987543177720376 0.003572442415487881 0.049769974752855405
458 0.98911531944116349 0.010366591736369382 0.14677676458682554
459 0.97141169088845158 0.016219479639606987 0.23684648041602735
460 0.94813281783059811 0.020805450479132029 0.3171928324899071
461 0.92183927080651373 0.024077917178866662 0.38682374888732313
462 0.894593066717978 0.026182603093542405 0.44611401712496052
463 0.86777915545772977 0.027350017228142936 0.49619684996046648
464 0.84218548415418903 0.027817459493598061 0.53846986844882638
465 0.82998718283855666 -0.028701247244851621 -0.55704354832482017
466 0.85543475744247388 -0.028432153350995061 -0.51712956637109952
467 0.88296167485889121 -0.027442647757521765 -0.46864227489038834
468 0.91185053506273472 -0.025455686228889041 -0.40973236355506598
469 0.94061950727414534 -0.022186481821677526 -0.3387369223449378
470 0.96683257719986382 -0.017432703213900985 -0.25481536163215418
471 0.98724338638438136 -0.011210515427422588 -0.15882323628534545
472 0.99853200323980407 -0.0038763884934035408 -0.054026031856429679
473 0.99853200322709257 0.0038763884933541936 0.054026032091373709
474 0.98724338633243469 0.011210515425507278 0.15882323660838063
475 0.96683257717521154 0.017432703440883858 0.25481536171016239
476 0.94061950717156939 0.022186481594834745 0.33873692264463295
477 0.91185053509961789 0.025455686223809039 0.40973236347329872
478 0.88296167494484412 0.027442647966824097 0.46864227471618958
479 0.85543475741785302 0.028432153571919663 0.51712956639968055
480 0.82998718276333749 0.028701247445229689 0.55704354842657144
481 0.81784204598641608 -0.029519294161207146 -0.5746851303879168
482 0.84294301194059484 -0.029442561902969188 -0.53719662523987244
483 0.87097785799426908 -0.028633165378630972 -0.49048721973575915
484 0.90135788525796001 -0.026776407388971454 -0.43224644207979068
485 0.93256926127814699 -0.023531790397729884 -0.36022330263297586
486 0.96183451323319069 -0.018633425772612424 -0.27299663843616789
487 0.98516985233020371 -0.012056692818189118 -0.17115781670134869
488 0.99828370050978055 -0.0041834227838796452 -0.058413630860528892
489 0.99828370050957749 0.0041834227841267575 0.058413630863979354
490 0.98516985233020371 0.012056692818189118 0.17115781670134869
491 0.96183451330376946 0.018633425310713447 0.27299663821902848
492 0.93256926119322536 0.023531790842751015 0.3602233028237552
493 0.90135788521403826 0.026776407381209157 0.4322464421718612
494 0.87097785781280967 0.028633164731684115 0.4904872200957508
495 0.84294301219174717 0.029442562117527576 0.53719662483401687
496 0.81784204591991971 0.02951929416605522 0.57468513048229963
497 0.80574147157179743 -0.030276417279033088 -0.59149304268609992
498 0.83030227748064778 -0.03038465372130578 -0.5564844120266853
499 0.85863729678909728 -0.029755324674441471 -0.51171927188276811
500 0.89034348198970781 -0.028038939452599759 -0.45442524352506686
501 0.92394729432548517 -0.024838997315294421 -0.38171248541406927
502 0.9563775934144263 -0.019819745600056338 -0.29146024857462033
503 0.98287028868534787 -0.012904568149250062 -0.18384631554769376
504 0.99800586658223889 -0.0044935987624005599 -0.062961081928417748
505 0.99800586658609192 0.0044935987622841018 0.062961081867350374
506 0.98287028872575377 0.012904568150550735 0.18384631533158657
507 0.95637759344496609 0.019819746517535937 0.29146024841201873
508 0.92394729459398228 0.024838997334480452 0.38171248476291481
509 0.8903434817613729 0.028038938575639237 0.45442524402654766
510 0.85863729678699052 0.029755324443300389 0.5117192718997432
511 0.83030227743213092 0.030384653312381625 0.55648441212140232
512 0.8057414714674469 0.030276417672349874 0.59149304280811532
513 0.87858392893415038 0.023207566142124408 0.47702378210356627
514 0.87756310777800195 0.021488341430201899 0.47897937643451222
515 0.8764289988967936 0.019387733790615095 0.48114065061188555
516 0.87524989096832806 0.016847091725986189 0.48337749622867837
517 0.87411302017360415 0.013825770271684787 0.48552577278593051
518 0.87312112810196574 0.010321525454525676 0.48739405184536522
519 0.87238108231260059 0.0063919980821514474 0.48878460448710248
520 0.87198432065381215 0.0021662433908546733 0.48952901029814488
521 0.87198432069286469 -0.0021662434306563214 0.48952901022840556
522 0.87238108231260059 -0.0063919980821514474 0.48878460448710248
523 0.87312112806218611 -0.010321525503883296 0.48739405191558138
524 0.87411302017360415 -0.013825770271684787 0.48552577278593051
525 0.87524989092396877 -0.016847091725132348 0.48337749630902932
526 0.87642899883925718 -0.019387733803281383 0.48114065071618167
527 0.87756310773359536 -0.021488341223835493 0.47897937652512979
528 0.87858392893415038 -0.023207566142124408 0.47702378210356627
529 0.86478154247274863 0.024378258480059204 0.50155616266967873
530 0.86143063464984382 0.022755461758409406 0.50736520441091437
531 0.85797969167322663 0.020691324050797273 0.51326671213448072
532 0.85456937807657785 0.018110461046356559 0.5190213764908912
533 0.85139097355491788 0.01495801268429617 0.52431828883393483
534 0.84867887791901497 0.011225353273854313 0.52878932819980273
535 0.84668317177639518 0.0069776721802390015 0.53205161283620617
536 0.84562121179624772 0.0023693249181373907 0.53377818657161136
537 0.84562121173798166 -0.0023693249057607289 0.53377818666397236
538 0.84668317197304122 -0.0069776721289793991 0.53205161252394484
539 0.84867887801009345 -0.011225353377622687 0.52878932805142398
540 0.85139097348317183 -0.014958012778627357 0.52431828894774513
541 0.8545693781977296 -0.018110461035810335 0.51902137629178258
542 0.85797969167322663 -0.020691324050797273 0.51326671213448072
543 0.86143063466210423 -0.022755461545473855 0.50736520439964805
544 0.86478154238227301 -0.024378258477508692 0.5015561628258004
545 0.85112286080572375 0.025448942455432038 0.52434933693271779
546 0.84527967530359227 0.023917182693099264 0.53378857133764002
547 0.83931229935497265 0.021889350736519438 0.54320872643561446
548 0.83344628024070122 0.019274108800106965 0.55226425439539373
549 0.82799591535842421 0.016002917132239697 0.56050572770759788
550 0.82335252153234195 0.012060777426612554 0.5674021174918189
551 0.81993798716566635 0.0075196243371922272 0.57240296335059548
552 0.81812144426039068 0.0025573546348377262 0.57503979199579236
553 0.81812144426046896 -0.0025573545973708962 0.57503979199584743
554 0.81993798710038746 -0.0075196242883932172 0.57240296344474495
555 0.82335252153284055 -0.012060777376431539 0.56740211749216252
556 0.82799591540387074 -0.016002917233920569 0.56050572763756012
557 0.83344628037898083 -0.019274108904624585 0.55226425418306224
558 0.83931229928096363 -0.02188935074521943 0.54320872654961538
559 0.84527967530231907 -0.02391718287488764 0.53378857133151059
560 0.85112286083629929 -0.025448942031424119 0.52434933690366659
561 0.83759958477938701 0.026431067604944639 0.54564487924167426
562 0.82913198898504437 0.024983203362457362 0.5584943906535268
563 0.82048715393774985 0.022988912054168475 0.57120253863730053
564 0.81198713565376313 0.020342145975828833 0.58332074249926635
565 0.80408525436792744 0.016961852995681748 0.59427199096963867
566 0.79734926189508193 0.012827315995560848 0.60338181487323439
567 0.79239334649756421 0.0080167928825427004 0.60995779809612205
568 0.78975587612003395 0.0027298263936745082 0.61341519722104865
569 0.78975587607280573 -0.0027298264178562902 0.61341519728174598
570 0.79239334659192462 -0.0080167928834973621 0.60995779797352623
571 0.79734926184690003 -0.012827316092849043 0.60338181493483678
572 0.80408525432077227 -0.016961852994687027 0.59427199103347084
573 0.81198713581405246 -0.020342146074289524 0.58332074227270858
574 0.82048715389076676 -0.022988912052852077 0.57120253870484095
575 0.82913198907868546 -0.024983203365278931 0.55849439051438277
576 0.8375995846402472 -0.026431067377285972 0.54564487946629048
577 0.82420276356272049 0.027333723281625952 0.56563475150236131
578 0.81300199839650944 0.025961328330791098 0.58168183746321578
579 0.80154977441911635 0.02399582194394461 0.59744636550731334
580 0.79027603362713128 0.021318048217404496 0.61238005478197088
581 0.779786877543441 0.017836114366613094 0.62579093844138678
582 0.77084094516404511 0.01352475633261129 0.63688406968988076
583 0.76425760606117477 0.0084684453155906888 0.64485548536984538
584 0.76075379913490526 0.0028863766259549198 0.64903414850975394
585 0.76075379908824026 -0.002886376578417432 0.64903414856466279
586 0.76425760604296478 -0.0084684454146405439 0.6448554853901266
587 0.77084094536724546 -0.01352475623382157 0.63688406944603904
588 0.779786877543441 -0.017836114366613094 0.62579093844138678
589 0.79027603360434251 -0.021318048308995349 0.61238005480819147
590 0.80154977432472929 -0.023995821941118965 0.59744636563405884
591 0.81300199829802766 -0.02596132852699614 0.58168183759210446
592 0.82420276360517142 -0.027333723484634385 0.5656347514306943
593 0.81092299666613432 0.028164258124007645 0.58447469409918928
594 0.79689838532951518 0.026857929889068023 0.60351604374803958
595 0.78253360012649198 0.024914881359908596 0.62210964737728758
596 0.76837793601687054 0.022204741175327621 0.63961105127396789
597 0.7552023174035758 0.018626859794794708 0.65522705979107254
598 0.74396638866538967 0.014153022108200563 0.66806714071370332
599 0.7357008636899246 0.0088740559971862542 0.67724847013194345
600 0.73130334758997351 0.0030267351985539394 0.68204563826604458
601 0.73130334758992266 -0.0030267352215423097 0.68204563826599718
602 0.73570086383609345 -0.0088740560406734975 0.67724846997258903
603 0.74396638875796428 -0.014153022109961678 0.66806714061057404
604 0.75520231740490085 -0.018626859700641776 0.65522705979222218
605 0.76837793591851633 -0.02220474097057442 0.63961105139923125
606 0.78253359999995209 -0.024914881368208412 0.62210964753612619
607 0.79689838542398483 -0.026857929892251938 0.60351604362315758
608 0.81092299673889734 -0.028164257920397336 0.5844746940080463
609 0.79775055196208433 0.028928700051041475 0.60229327337896355
610 0.78082521557804907 0.027678262543296406 0.62413612016937237
611 0.76346200872957182 0.025750060183982963 0.64533920973944259
612 0.74634128320812843 0.023004642599844492 0.66516575031949565
613 0.73040949889735263 0.01933504313321753 0.68273576149748783
614 0.71683382932886053 0.014712046897031822 0.69708881557935043
615 0.70685689017588549 0.0092331888041632271 0.7072963205300753
616 0.70155303304710825 0.0031506791890939766 0.71261028272334848
617 0.70155303318364481 -0.003150679143558596 0.71261028258913162
618 0.70685689015348874 -0.0092331888038706747 0.70729632055246183
619 0.71683382932886053 -0.014712046897031822 0.69708881557935043
620 0.73040949896604213 -0.019335043135035843 0.68273576142395054
621 0.74634128311543302 -0.023004642596987319 0.66516575042360215
622 0.76346200873330805 -0.025750059994063573 0.64533920974260084
623 0.78082521560161888 -0.027678262544131894 0.62413612013984865
624 0.79775055172957565 -0.02892869985293213 0.60229327369644148
625 0.78467542894917774 0.029632052142080045 0.61919820145836424
626 0.76478273403306996 0.028426686261030398 0.64366085264921891
627 0.74434980690978347 0.026504621891264887 0.66726371845902799
628 0.72420001555091784 0.023719684336711101 0.68918191651480309
629 0.70546503730679477 0.019961341269843721 0.70846356715954806
630 0.68952324344893012 0.015201649833904917 0.72410400260321361
631 0.67782530926140194 0.0095453851433276206 0.73516102708668551
632 0.67161379617679196 0.0032579868349212936 0.74089425312036383
633 0.67161379604808302 -0.0032579868773757441 0.74089425323685087
634 0.67782530920379558 -0.0095453851040276649 0.73516102714030929
635 0.68952324324169634 -0.015201649924957419 0.72410400279863918
636 0.70546503703525409 -0.019961341451099637 0.70846356742483252
637 0.72420001557681879 -0.02371968415509915 0.68918191649383653
638 0.7443498070797141 -0.026504621697634716 0.66726371827715725
639 0.76478273410337883 -0.028426686263643752 0.64366085256556427
640 0.78467542887382102 -0.029632052333625931 0.61919820154469296
641 0.891671471628385 -0.023486384509145253 0.45207341928801642
642 0.91561336406690208 -0.022201884263717032 0.4014464396120993
643 0.93752235100210612 -0.020397703353100337 0.34732661151919048
644 0.95691117928826197 -0.017998023144847521 0.28982247344887757
645 0.97326733740618898 -0.014953522144706195 0.22918787514555686
646 0.98608712545696453 -0.01126726639324869 0.16584700695533861
647 0.99492207054728465 -0.0070207644634122952 0.10040309957492981
648 0.99943180624507011 -0.0023866388444704974 0.033620955083739086
649 0.99943180624453665 0.0023866390748975347 -0.033620955083236592
650 0.99492207054728465 0.0070207644634122952 -0.10040309957492981
651 0.98608712552505107 0.011267266851712131 -0.16584700651936554
652 0.97326733741216531 0.014953522143057337 -0.22918787512028532
653 0.95691117927881564 0.017998023146776919 -0.28982247347994666
654 0.93752235096613135 0.020397703352317637 -0.34732661161634143
655 0.91561336406690208 0.022201884263717032 -0.4014464396120993
656 0.89167147166315874 0.02348638493101609 -0.45207341919751132
657 0.87918089063947247 -0.024706557795263522 0.47584718927014102
658 0.90390215641707639 -0.02362536186488471 0.42708633073573371
659 0.92734923578743722 -0.021962954246413556 0.37355190205007138
660 0.94887425972923867 -0.019604887022908645 0.3150448977972955
661 0.96769197222503767 -0.016464034418117297 0.25159726242925595
662 0.98292413696585679 -0.012518453773477775 0.18358493752224553
663 0.99369752922148147 -0.0078522624401595274 0.11181932924898873
664 0.99929061489109083 -0.0026786821926826632 0.037564499894132554
665 0.99929061488240145 0.0026786821926593706 -0.03756450012528869
666 0.99369752922075716 0.007852262440609355 -0.11181932925539446
667 0.98292413697254821 0.012518453543225675 -0.18358493750212088
668 0.96769197221186909 0.016464034414041144 -0.25159726248017161
669 0.94887425972924144 0.019604887029829345 -0.31504489779685635
670 0.92734923571862715 0.021962954249986687 -0.37355190222068396
671 0.90390215637762139 0.023625361869489846 -0.42708633081898284
672 0.87918089070040184 0.024706557362487256 -0.4758471891800371
673 0.86677452723935577 -0.025828084405678447 0.49803095183424551
674 0.89201872806400273 -0.024952569309228154 0.45130916018617129
675 0.91679396383704836 -0.023445847122595904 0.39867169466198227
676 0.94034752126899357 -0.021152909045431011 0.33955720237122849
677 0.96165134170693467 -0.017943133492901348 0.27368730506493794
678 0.97943474107769513 -0.013761313896347065 0.20129136645647436
679 0.99232843910062662 -0.0086871750010756362 0.12332397148411449
680 0.99913162596328786 -0.0029736319001911508 0.041559012419435125
681 0.99913162595432414 0.0029736316676545176 -0.041559012651572233
682 0.99232843908535961 0.0086871752317943442 -0.12332397159070833
683 0.97943474108544815 0.013761313665681977 -0.20129136643451906
684 0.96165134159641885 0.017943133488729814 -0.27368730545352932
685 0.94034752120682574 0.021152908599213389 -0.33955720257118943
686 0.91679396377211797 0.023445846913833595 -0.3986716948235744
687 0.89201872815549654 0.024952569091959073 -0.45130916001734478
688 0.86677452731345028 0.025828084832683246 -0.49803095168314632
689 0.85444526533253462 -0.026862110696901299 0.51884652408946741
690 0.87997517089785182 -0.026191914623283595 0.47429704006209317
691 0.90587202512254916 -0.024851205579700671 0.4228218202524644
692 0.93133612256758169 -0.02264367217645756 0.36345603710923197
693 0.95513651933667643 -0.019390550353034788 0.2955304315741869
694 0.97560390588108303 -0.014995283492566128 0.21902547866070912
695 0.99080515023005211 -0.0095253657668570042 0.13496081536731955
696 0.9989534492908223 -0.0032715375649863074 0.045621301953466177
697 0.9989534492908223 0.0032715375649863074 -0.045621301953466177
698 0.99080515020233584 0.0095253653029709635 -0.13496081560353632
699 0.97560390589213764 0.014995283489210635 -0.21902547861169783
700 0.95513651930064503 0.019390550577984125 -0.29553043167587872
701 0.93133612258882814 0.022643672166209786 -0.36345603705542839
702 0.90587202512968112 0.02485120514050802 -0.42282182026299781
703 0.87997517081067889 0.026191914415042355 -0.47429704023532715
704 0.85444526532253429 0.026862110703101339 -0.51884652410561494
705 0.84218548434373552 -0.027817459903310797 0.53846986813120312
706 0.86777915535401717 -0.027350017238110119 0.49619685014129578
707 0.89459306679876593 -0.026182603310958605 0.44611401695019598
708 0.92183927076107264 -0.024077917171928673 0.38682374899604544
709 0.94813281780118741 -0.020805450253366196 0.31719283259262815
710 0.97141169091485036 -0.01621947964004776 0.23684648030772462
711 0.98911531950524112 -0.010366592202003023 0.14677676412212626
712 0.99875431777211054 -0.0035724424153832563 0.049769974751397807
713 0.99875431776620727 0.0035724424154670261 -0.049769974869857257
714 0.98911531949199016 0.010366591968468203 -0.14677676422791702
715 0.97141169092854818 0.016219479179403997 -0.23684648028308905
716 0.94813281775623159 0.020805450247439752 -0.31719283272739601
717 0.92183927076725591 0.02407791717784127 -0.38682374898094202
718 0.89459306663208493 0.026182603103616621 -0.44611401729661071
719 0.86777915535401717 0.027350017238110119 -0.49619685014129578
720 0.84218548410287497 0.02781745969701661 -0.53846986851857437
721 0.82998718281509531 -0.028701247244040318 0.55704354835981895
722 0.85543475749661879 -0.028432153567626902 0.51712956626962259
723 0.88296167485889121 -0.027442647757521765 0.46864227489038834
724 0.91185053507917613 -0.025455686223238374 0.40973236351882697
725 0.94061950725600629 -0.022186481594179623 0.33873692241020742
726 0.96683257718656501 -0.017432703209523209 0.25481536168291202
727 0.98724338636976727 -0.011210514961025955 0.1588232364091067
728 0.99853200323162428 -0.0038763889646353683 0.054026031973802999
729 0.99853200325069158 0.0038763889647093893 -0.054026031621386958
730 0.98724338636755893 0.011210515426568845 -0.15882323638997353
731 0.96683257716772586 0.017432703442817884 -0.25481536173843222
732 0.94061950722381693 0.022186482039620238 -0.3387369224704172
733 0.91185053511898029 0.025455686449313692 -0.40973236341619862
734 0.88296167499413414 0.027442647755097006 -0.46864227463572133
735 0.85543475742763497 0.028432153565334083 -0.51712956638386154
736 0.82998718283132389 0.028701247237582418 -0.55704354833597136
737 0.81784204608079913 -0.029519294164613817 0.57468513025342438
738 0.84294301215301881 -0.029442562314773175 0.53719662488397701
739 0.87097785781280967 -0.028633164731684115 0.4904872200957508
740 0.90135788525796001 -0.026776407388971454 0.43224644207979068
741 0.93256926123023387 -0.023531790402162588 0.36022330275672693
742 0.96183451325000224 -0.018633425311893992 0.27299663840838279
743 0.98516985234993781 -0.012056692818430628 0.17115781658774423
744 0.99828370051668158 -0.0041834227839085648 0.058413630742590407
745 0.99828370049932769 0.0041834227839598233 -0.058413631039161869
746 0.98516985235808197 0.012056692819246434 -0.171157816540809
747 0.96183451320657576 0.018633424850008577 -0.27299663859291129
748 0.93256926129552942 0.023531790850974191 -0.36022330255836665
749 0.9013578853162324 0.026776407608078343 -0.43224644194470335
750 0.87097785801655936 0.028633164942778948 -0.4904872197216209
751 0.84294301198994448 0.029442562309077266 -0.53719662514017752
752 0.81784204599126431 0.029519293960568217 -0.57468513039132352
753 0.80574147165330157 -0.030276417274632404 0.59149304257529878
754 0.83030227752175134 -0.030384653323110994 0.55648441198709875
755 0.85863729663350441 -0.029755324459741609 0.51171927215632873
756 0.89034348197987356 -0.028038939445495792 0.45442524354477326
757 0.92394729436200951 -0.024838996877086073 0.38171248535417629
758 0.95637759339584938 -0.019819745592546161 0.29146024863608783
759 0.98287028867275594 -0.012904568149854901 0.18384631561497003
760 0.99800586657115331 -0.0044935987622168397 0.062961082104150509
761 0.99800586657476953 0.0044935987623669288 -0.062961082046817815
762 0.98287028867275594 0.012904568149854901 -0.18384631561497003
763 0.95637759359480845 0.01981974605509269 -0.29146024795178349
764 0.92394729436200951 0.024838996877086073 -0.38171248535417629
765 0.89034348192531809 0.028038939443777711 -0.4544252436517684
766 0.85863729656452992 0.029755324457351361 -0.51171927227220326
767 0.83030227757984532 0.030384653521361531 -0.55648441188959497
768 0.80574147148896991 0.030276417275920776 -0.59149304279908799
769 0.90223759503238565 -0.013072127380045845 0.43104111357959418
770 0.90288634258994616 -0.012111472546567236 0.42970869737218964
771 0.90335712523910727 -0.010939378222692593 0.42874961724045502
772 0.90367757695643491 -0.0095204609481279023 0.42810769407881677
773 0.90387724463821884 -0.0078277656075080564 0.42772029728645711
774 0.9039873890491521 -0.0058552424742057355 0.42751902481137055
775 0.90403875030680292 -0.0036321342355660146 0.4274350775785824
776 0.90405698966902803 -0.0012321190059707424 0.42741015583784414
777 0.90405698966902803 0.0012321190059707424 0.42741015583784414
778 0.90403875042571258 0.0036321342352043364 0.42743507732708813
779 0.90398738908734577 0.0058552424730998632 0.42751902473062559
780 0.90387724459998331 0.0078277656089863149 0.42772029736723127
781 0.903677576837288 0.0095204609490739198 0.42810769433029888
782 0.9033571251581729 0.010939378221712502 0.42874961741100548
783 0.90288634254748301 0.012111472543194189 0.42970869746150653
784 0.90223759507302959 0.013072127380634718 0.43104111349450225
785 0.92497227096079404 -0.012358317562357812 0.37983360822952361
786 0.92544185963802239 -0.011563225077342519 0.37871315828147517
787 0.92576762910390653 -0.010563033518913431 0.37794539185735576
788 0.92597152815931205 -0.009308940619295495 0.37747857245525179
789 0.9260786094378064 -0.0077546626673108453 0.37725094346953597
790 0.92611765831047865 -0.0058728551352090781 0.37718906736287638
791 0.92611952586361723 -0.0036793961214696765 0.37721225571066769
792 0.92611198136795214 -0.0012551459366925513 0.37724663361705879
793 0.92611198136795214 0.0012551459366925513 0.37724663361705879
794 0.92611952575895495 0.0036793961218996207 0.37721225596762675
795 0.92611765831047865 0.0058728551352090781 0.37718906736287638
796 0.92607860958734922 0.007754662562099445 0.37725094310459978
797 0.92597152815931205 0.009308940619295495 0.37747857245525179
798 0.92576762907448951 0.010563033414475802 0.37794539193233068
799 0.92544185963802239 0.011563225077342519 0.37871315828147517
800 0.92497227098916002 0.01235831777317312 0.37983360815358741
801 0.94525075686852778 -0.011356562764007422 0.32614725987146131
802 0.94557333265145016 -0.010746110326116809 0.32523160008106344
803 0.94578452415762659 -0.0099506157061187827 0.3246422940884332
804 0.94590011304607835 -0.0089093942849223021 0.32433562683259476
805 0.94593943986633666 -0.0075532992858107616 0.32425533731190909
806 0.94592711322022915 -0.0058223244030454922 0.32432699088017547
807 0.94589270584353746 -0.0037027242920901764 0.32445843934902979
808 0.94586578122653697 -0.0012742213448696811 0.32455554264975517
809 0.94586578109373287 0.001274221371722077 0.32455554303668682
810 0.94589270577716655 0.0037027242918303655 0.3244584395425234
811 0.94592711322022915 0.0058223244030454922 0.32432699088017547
812 0.94593943979920159 0.0075532993934532859 0.32425533750525326
813 0.94590011311248745 0.0089093942855478069 0.32433562663889992
814 0.94578452416803294 0.0099506158133963202 0.32464229405482842
815 0.94557333265145016 0.010746110326116809 0.32523160008106344
816 0.94525075681551163 0.011356562545059635 0.32614726003273814
817 0.96275037058888269 -0.010025448809636859 0.27020587393159023
818 0.96295752290337699 -0.0096048690907746086 0.26948201345088213
819 0.96308401488641882 -0.0090351759440811096 0.26904933723374119
820 0.96313966457953948 -0.0082505519001565067 0.2688752776046075
821 0.9631373286196423 -0.0071614009073409065 0.26891485744834448
822 0.96309549964752783 -0.0056645162271251586 0.26910030065867863
823 0.96304010368351933 -0.0036888764115413867 0.26933278836424052
824 0.96300130696942499 -0.0012883809860329395 0.26949364157548134
825 0.96300130696942499 0.0012883809860329395 0.26949364157548134
826 0.96304010368351933 0.0036888764115413867 0.26933278836424052
827 0.96309549964752783 0.0056645162271251586 0.26910030065867863
828 0.9631373286275724 0.0071614009065850606 0.26891485741996202
829 0.96313966457953948 0.0082505519001565067 0.2688752776046075
830 0.96308401488546369 0.0090351760538557938 0.26904933723347435
831 0.96295752287939929 0.0096048690938245682 0.26948201353645429
832 0.96275037058888269 0.010025448809636859 0.27020587393159023
833 0.97716712061527888 -0.0083361968717801486 0.21230856367598536
834 0.97728798507109638 -0.008089887387260573 0.21176106336561959
835 0.97735647571657602 -0.0077432954410856956 0.21145770440110723
836 0.97737757443222262 -0.0072383265162742462 0.21137805852601815
837 0.97735802018046247 -0.0064799807029173396 0.21149305009625333
838 0.97730888970588059 -0.0053248420504091063 0.21175216683424328
839 0.97724929394044036 -0.0036088126392155263 0.2120631838963237
840 0.97720717862202811 -0.0012957931871836659 0.21228389239316181
841 0.97720717862202811 0.0012957931871836659 0.21228389239316181
842 0.97724929394044036 0.0036088126392155263 0.2120631838963237
843 0.97730888975660735 0.0053248420500830321 0.21175216660012897
844 0.97735802018541695 0.0064799807022164983 0.21149305007337932
845 0.97737757452456009 0.0072383264061699638 0.21137805810283558
846 0.97735647576159546 0.0077432955523903434 0.21145770418895155
847 0.9772879850661057 0.0080898873881391897 0.21176106338861828
848 0.9771671205741117 0.0083361968704792032 0.2123085638655115
849 0.98823364396593782 -0.0062874165675925464 0.15282255503265718
850 0.98829372448067998 -0.0061760326375845517 0.15243808832757452
851 0.98832558065838727 -0.0060150245531172004 0.15223786025784472
852 0.98833114374832975 -0.0057679826766568881 0.15221130271093525
853 0.98831285354136988 -0.0053632293726199355 0.15234480396656633
854 0.98827512015363272 -0.0046568839531331901 0.15261258243398571
855 0.98822785529674406 -0.0033874876899138745 0.15295172749187294
856 0.9881917701296633 -0.0012914177273895958 0.15321670172750787
857 0.98819177009469483 0.0012914177274165374 0.15321670195304074
858 0.98822785529674406 0.0033874876899138745 0.15295172749187294
859 0.98827512015363272 0.0046568839531331901 0.15261258243398571
860 0.98831285353748666 0.0053632293735056966 0.15234480399172673
861 0.98833114374508246 0.0057679825660275135 0.15221130273621319
862 0.98832558065838727 0.0060150245531172004 0.15223786025784472
863 0.98829372448067998 0.0061760326375845517 0.15243808832757452
864 0.98823364399590974 0.0062874165688546974 0.15282255483879065
865 0.9957356883214733 -0.0039214121070525899 0.092168658067958625
866 0.99575700435126846 -0.0038893762677618352 0.09193944223039309
867 0.99576780826377098 -0.0038438591147314633 0.091824271152412942
868 0.99576862226083684 -0.0037730043511149734 0.091818382467353798
869 0.99575996302617698 -0.0036493052395562497 0.091917237803227955
870 0.99574267039213604 -0.0033994574480905961 0.092113940581198636
871 0.99571914055590538 -0.002800489091106838 0.092388042470114562
872 0.99569809459122161 -0.0012522465268310298 0.092648455497362336
873 0.99569809459122161 0.0012522465268310298 0.092648455497362336
874 0.99571914055590538 0.002800489091106838 0.092388042470114562
875 0.99574267037099518 0.0033994575040236005 0.092113940807664746
876 0.99575996304705661 0.0036493051277906407 0.091917237581471065
877 0.99576862226041574 0.0037730044631998656 0.091818382467314968
878 0.99576780826377098 0.0038438591147314633 0.091824271152412942
879 0.99575700435079151 0.003889376267979916 0.091939442235548216
880 0.99573568832323667 0.0039214116554681724 0.092168658068121856
881 0.99952459847635766 -0.0013338063449698599 0.03080256484953971
882 0.99952695356257792 -0.0013301142557118363 0.030726208649603171
883 0.99952812316751638 -0.0013258361146908275 0.030688322792539142
884 0.99952815693132224 -0.0013203991845027688 0.030687457494351512
885 0.99952709259794548 -0.0013123622688666974 0.030722448925392019
886 0.99952497144955732 -0.0012970816612966839 0.030792028642582778
887 0.99952190675616126 -0.0012520512681847694 0.030893207702494641
888 0.99951857649479237 -0.0009313655441143731 0.031012058945629955
889 0.99951857649479192 0.00093136553021756405 0.031012058946061523
890 0.99952190675616126 0.0012520512681847694 0.030893207702494641
891 0.99952497144955732 0.0012970816612966839 0.030792028642582778
892 0.99952709259121209 0.0013123621568273164 0.030722449149246135
893 0.99952815693133545 0.0013203991844842392 0.03068745749392086
894 0.99952812316736728 0.0013258362273054203 0.030688322792534563
895 0.99952695355594279 0.0013301140298809142 0.030726208875221293
896 0.99952459848334196 0.0013338063449602961 0.030802564622900527
897 0.9995245984763711 0.0013338063449509939 -0.030802564849104024
898 0.99952695355592946 0.0013301140298996785 -0.030726208875654755
899 0.99952812316736728 0.0013258362273054203 -0.030688322792534563
900 0.99952815693121366 0.0013203992967678983 -0.030687457493055001
901 0.99952709259794548 0.0013123622688666974 -0.030722448925392019
902 0.99952497144957053 0.0012970816612785745 -0.030792028642152868
903 0.99952190676301089 0.0012520512960629109 -0.03089320747974986
904 0.99951857649479237 0.0009313655441143731 -0.031012058945629955
905 0.99951857649479192 -0.00093136553021756405 -0.031012058946061523
906 0.99952190675612629 -0.0012520512960542869 -0.030893207702493562
907 0.99952497144957053 -0.0012970816612785745 -0.030792028642152868
908 0.99952709260497297 -0.0013123621568453842 -0.030722448701546941
909 0.99952815693132224 -0.0013203991845027688 -0.030687457494351512
910 0.99952812316045858 -0.0013258362272962562 -0.030688323017552029
911 0.99952695355594279 -0.0013301140298809142 -0.030726208875221293
912 0.9995245984763711 -0.0013338063449509939 -0.030802564849104024
913 0.99573568832235504 0.0039214118812603812 -0.092168658068040241
914 0.99575700435166392 0.0038893760427438206 -0.091939442235628763
915 0.99576780826372657 0.0038438590026000879 -0.091824271157588913
916 0.99576862226083684 0.0037730043511149734 -0.091818382467353798
917 0.99575996302665026 0.0036493052393530424 -0.091917237798109647
918 0.99574267039194708 0.0033994575039045798 -0.092113940581181164
919 0.99571914055590538 0.002800489091106838 -0.092388042470114562
920 0.99569809459122161 0.0012522465268310298 -0.092648455497362336
921 0.99569809459122161 -0.0012522465268310298 -0.092648455497362336
922 0.9957191405559831 -0.0028004890632377976 -0.092388042470121778
923 0.99574267039099862 -0.0033994575042824433 -0.092113940591420002
924 0.99575996304665026 -0.0036493052396312812 -0.091917237581433553
925 0.99576862226041574 -0.0037730044631998656 -0.091818382467314968
926 0.99576780826420108 -0.0038438590023850763 -0.091824271152452591
927 0.9957570043104228 -0.003889376042582735 -0.091939442682299935
928 0.99573568834307769 -0.0039214118813419904 -0.092168657844162713
929 0.98823364399984948 0.0062874165678083018 -0.15282255481335685
930 0.98829372448080754 0.0061760321901673122 -0.15243808834487405
931 0.98832558065772258 0.006015024664912114 -0.15223786025774233
932 0.98833114374832975 0.0057679826766568881 -0.15221130271093525
933 0.98831285354007559 0.0053632293729151898 -0.15234480397495315
934 0.98827512015492958 0.0046568839528771493 -0.15261258242559489
935 0.98822785529534973 0.0033874877178970324 -0.15295172750026173
936 0.98819177009338999 0.0012914177274874722 -0.15321670196145659
937 0.98819177009469483 -0.0012914177274165374 -0.15321670195304074
938 0.98822785529534973 -0.0033874877178970324 -0.15295172750026173
939 0.98827512015233565 -0.004656883953389231 -0.15261258244237655
940 0.98831285357362264 -0.0053632293730972386 -0.15234480375731446
941 0.98833114371346198 -0.0057679826767790135 -0.15221130293733254
942 0.98832558065772258 -0.006015024664912114 -0.15223786025774233
943 0.98829372444835617 -0.0061760321896144705 -0.15243808855528776
944 0.98823364400116287 -0.0062874165674595044 -0.15282255480487894
945 0.97716712056908583 0.0083361968713860767 -0.21230856388860803
946 0.97728798511034587 0.0080898876107671977 -0.21176106317594257
947 0.97735647572070394 0.0077432955511873656 -0.21145770437799599
948 0.97737757443222262 0.0072383265162742462 -0.21137805852601815
949 0.97735802018541695 0.0064799807022164983 -0.21149305007337932
950 0.97730888980266106 0.0053248419950471101 -0.21175216638895999
951 0.9772492939862526 0.003608812639384703 -0.2120631836852041
952 0.97720717862202811 0.0012957931871836659 -0.21228389239316181
953 0.97720717862202811 -0.0012957931871836659 -0.21228389239316181
954 0.97724929394044036 -0.0036088126392155263 -0.2120631838963237
955 0.97730888975164643 -0.0053248420506584598 -0.21175216662301191
956 0.97735802018541695 -0.0064799807022164983 -0.21149305007337932
957 0.97737757443300655 -0.0072383264054919306 -0.21137805852618771
958 0.97735647576740292 -0.0077432954406093744 -0.21145770416620369
959 0.97728798511034587 -0.0080898876107671977 -0.21176106317594257
960 0.97716712056908583 -0.0083361968713860767 -0.21230856388860803
961 0.96275037058888269 0.010025448809636859 -0.27020587393159023
962 0.96295752289335101 0.0096048693116097296 -0.2694820134788371
963 0.96308401489437478 0.0090351759431258113 -0.26904933720529439
964 0.96313966458041123 0.0082505517904941528 -0.2688752776048508
965 0.9631373286117122 0.0071614009080967515 -0.26891485747672689
966 0.96309549969606723 0.0056645162828194411 -0.26910030048378653
967 0.96304010368351933 0.0036888764115413867 -0.26933278836424052
968 0.96300130701830566 0.0012883809862448276 -0.26949364140081206
969 0.96300130707513854 -0.0012883809863208633 -0.26949364119772617
970 0.96304010368351933 -0.0036888764115413867 -0.26933278836424052
971 0.96309549958311846 -0.0056645161726259436 -0.26910030089034398
972 0.96313732856287737 -0.0071614009069188309 -0.26891485765166306
973 0.96313966459541156 -0.0082505518984135398 -0.26887527754780638
974 0.96308401489437478 -0.0090351759431258113 -0.26904933720529439
975 0.96295752290134373 -0.0096048693105930776 -0.26948201345031314
976 0.96275037064022773 -0.0100254485911763 -0.27020587375675181
977 0.94525075693542904 0.011356562764811198 -0.32614725967753755
978 0.94557333263997179 0.010746110327218282 -0.32523160011439955
979 0.94578452413477554 0.0099506157081573777 -0.32464229415494311
980 0.94590011313527544 0.0089093942837235648 -0.3243356265724906
981 0.94593943993192631 0.00755329939451309 -0.32425533711803517
982 0.94592711324298773 0.0058223244018542697 -0.3243269908138196
983 0.94589270571079576 0.0037027242915705551 -0.32445843973601712
984 0.94586578122650444 0.0012742213719009402 -0.32455554264974401
985 0.94586578122650444 -0.0012742213719009402 -0.32455554264974401
986 0.94589270584344276 -0.003702724319122312 -0.32445843934899732
987 0.94592711322022915 -0.0058223244030454922 -0.32432699088017547
988 0.94593943986633666 -0.0075532992858107616 -0.32425533731190909
989 0.94590011315715128 -0.0089093943901235335 -0.32433562650576858
990 0.94578452414518188 -0.0099506158154349152 -0.32464229412133833
991 0.94557333271812249 -0.010746110326874517 -0.32523159988719663
992 0.94525075680628545 -0.011356562329245154 -0.32614726006699257
993 0.92497227098916002 0.01235831777317312 -0.37983360815358741
994 0.92544185971273329 0.011563225078276018 -0.37871315809887951
995 0.92576762892434861 0.01056303351929576 -0.37794539229716778
996 0.92597152815931205 0.009308940619295495 -0.37747857245525179
997 0.92607860954251175 0.0077546626664046318 -0.377250943212523
998 0.9261176582058136 0.0058728551358954023 -0.37718906761985099
999 0.92611952593798585 0.0036793961217651367 -0.37721225552807724
1000 0.92611198132385908 0.0012551459496491261 -0.37724663372526074
1001 0.92611198136795214 -0.0012551459366925513 -0.37724663361705879
1002 0.92611952593798585 -0.0036793961217651367 -0.37721225552807724
1003 0.92611765841485405 -0.0058728551877446104 -0.37718906710578387
1004 0.92607860949843879 -0.0077546626642526007 -0.37725094332075765
1005 0.92597152815839401 -0.0093089407257783471 -0.37747857245487754
1006 0.9257676290734479 -0.010563033520996988 -0.37794539193190541
1007 0.92544185971273329 -0.011563225078276018 -0.37871315809887951
1008 0.92497227096079404 -0.012358317562357812 -0.37983360822952361
1009 0.90223759507726797 0.013072127174705635 -0.43104111349187579
1010 0.90288634258994616 0.012111472546567236 -0.42970869737218964
1011 0.90335712519661071 0.010939378219647491 -0.42874961733007094
1012 0.90367757687470229 0.0095204610517380314 -0.42810769424903922
1013 0.90387724471973219 0.0078277655037484982 -0.42772029711609882
1014 0.9039873890491521 0.0058552424742057355 -0.42751902481137055
1015 0.9040387503877092 0.0036321341836582132 -0.42743507740790398
1016 0.90405698966901349 0.0012321190190291409 -0.42741015583783726
1017 0.90405698955011216 -0.0012321190191518453 -0.42741015608933691
1018 0.904038750425884 -0.0036321341829721686 -0.42743507732716923
1019 0.90398738916809052 -0.005855242473622858 -0.42751902455988339
1020 0.90387724468075736 -0.0078277656096858352 -0.4277202971965231
1021 0.90367757683638927 -0.0095204610535356542 -0.42810769432987311
1022 0.90335712519764333 -0.010939378115178325 -0.42874961733056105
1023 0.90288634254748301 -0.012111472543194189 -0.42970869746150653
1024 0.90223759499775336 -0.013072127176581965 -0.43104111365825548
1025 0.88319590190904984 0.013627408394207716 -0.4688062420569053
1026 0.88291011617901061 0.012639800528294614 -0.4693718804864333
1027 0.88245753750236666 0.011421680436967615 -0.47025337821354873
1028 0.88189584559319156 0.0099379042106150731 -0.47133953322988942
1029 0.88129565671542853 0.0081642977010549598 -0.47249477213781976
1030 0.88073798980893747 0.0060998630497651812 -0.47356455207087261
1031 0.88030576142642569 0.0037795845442359683 -0.47439169590130265
1032 0.880069216998844 0.00128123879418301 -0.4748436918799635
1033 0.88006921699882978 -0.0012812388069645168 -0.47484369187995584
1034 0.8803057615053651 -0.0037795844951951196 -0.47439169575520906
1035 0.88073798984811102 -0.0060998631026095689 -0.47356455199733649
1036 0.88129565662398579 -0.0081642977040011829 -0.47249477230832737
1037 0.88189584554945122 -0.0099379040075537051 -0.47133953331601086
1038 0.88245753750801725 -0.011421680431733149 -0.47025337820307228
1039 0.88291011613420067 -0.012639800732858954 -0.46937188056521445
1040 0.88319590190886377 -0.01362740819200035 -0.46880624206313337
1041 0.86922091359970055 0.014278032066381466 -0.49421770624008715
1042 0.86672668332844327 0.013350186930365328 -0.49860468200308833
1043 0.86410396370006548 0.012158125684326853 -0.50316649321837792
1044 0.86147315101014366 0.010656382470580225 -0.50769129557369286
1045 0.85899542083551728 0.0088118075202734333 -0.51190743209279377
1046 0.85686619528638952 0.0066190248772373282 -0.51549637426959805
1047 0.85529239167973869 0.0041170282553567713 -0.51812930317932893
1048 0.85445289809231739 0.0013984311114145359 -0.51952698614419102
1049 0.85445289800368873 -0.0013984311112694829 -0.51952698628995664
1050 0.85529239155646819 -0.0041170282038499274 -0.51812930338322472
1051 0.85686619528638952 -0.0066190248772373282 -0.51549637426959805
1052 0.85899542083551728 -0.0088118075202734333 -0.51190743209279377
1053 0.86147315106197442 -0.010656382468735003 -0.50769129548578285
1054 0.86410396370730724 -0.01215812568159289 -0.50316649320600748
1055 0.86672668324770363 -0.013350186926008303 -0.49860468214355502
1056 0.86922091355867503 -0.01427803186299376 -0.49421770631811796
1057 0.85526426208673534 0.014866872978854674 -0.51797878150080889
1058 0.85036527861013078 0.013994321466498925 -0.52600670328524068
1059 0.84534128160286581 0.01282734914922385 -0.5340726324497711
1060 0.84038942080457391 0.011310788458267907 -0.54186500852537534
1061 0.83578150650961325 0.0094029010298357085 -0.54898165618601924
1062 0.83185318343762793 0.0070938925378567644 -0.55495041030108772
1063 0.82896398649214709 0.0044261427054349683 -0.5592844699790962
1064 0.82742698619772725 0.001505871465879602 -0.56157129098884162
1065 0.82742698615255739 -0.0015058714657973954 -0.56157129105539572
1066 0.82896398658224069 -0.0044261427545932179 -0.55928446984517166
1067 0.83185318328792413 -0.0070938924406175365 -0.55495041052673177
1068 0.83578150639143034 -0.0094029010329165271 -0.54898165636589069
1069 0.84038942062616517 -0.011310788357407391 -0.54186500880417854
1070 0.84534128160286581 -0.01282734914922385 -0.5340726324497711
1071 0.85036527861249844 -0.013994321267573245 -0.52600670328670529
1072 0.85526426209359652 -0.014866873175513426 -0.51797878148383536
1073 0.84132216598266585 0.015400790595882776 -0.54031456455962534
1074 0.8338491130562381 0.01457795880811281 -0.55179990918113986
1075 0.82622637133011068 0.013433429439166833 -0.56317805913599051
1076 0.81874127368059624 0.01190326740187047 -0.57403923123514355
1077 0.81179397537089915 0.0099379700518571826 -0.5838593823025886
1078 0.80588141199093566 0.0075237285259114129 -0.59202917437957747
1079 0.80153754381059183 0.0047059478484163062 -0.59792593179835529
1080 0.79922806359258947 0.0016031272397360823 -0.60102573351653821
1081 0.79922806359258947 -0.0016031272397360823 -0.60102573351653821
1082 0.80153754385577458 -0.0047059478960057802 -0.59792593173741215
1083 0.80588141194615559 -0.0075237284304273313 -0.59202917444174652
1084 0.81179397541545895 -0.0099379701480439373 -0.58385938223899558
1085 0.81874127363532323 -0.011903267401212267 -0.57403923129972911
1086 0.82622637119674802 -0.013433429242838623 -0.56317805933632681
1087 0.83384911301358966 -0.014577958611645171 -0.55179990925077826
1088 0.84132216602750654 -0.015400790596703606 -0.54031456448978055
1089 0.8273893460681363 0.015885215718644607 -0.56140407010861049
1090 0.81719392923249201 0.015105700234224285 -0.57616482003502678
1091 0.80680231710477168 0.013979656131478762 -0.59065606771522894
1092 0.79660545974625907 0.012435565372271364 -0.60437165570228646
1093 0.78714780610182322 0.010417340876338957 -0.61667642273574286
1094 0.77910432599489843 0.0079079340863742621 -0.62684440955832144
1095 0.77319854168010271 0.0049556415146247562 -0.6341446654833115
1096 0.77006001075469666 0.0016898434982304162 -0.63796921890121627
1097 0.7700600105158274 -0.0016898434985094001 -0.63796921918954241
1098 0.77319854157725809 -0.004955641562221654 -0.63414466560833571
1099 0.77910432599489843 -0.0079079340863742621 -0.62684440955832144
1100 0.78714780619836677 -0.010417340872684342 -0.61667642261257294
1101 0.79660545965400531 -0.012435565376707966 -0.60437165582379238
1102 0.80680231719545015 -0.01397965613304997 -0.59065606759133005
1103 0.81719392918719536 -0.015105700233386985 -0.57616482009929426
1104 0.8273893460681363 -0.015885215718644607 -0.56140407010861049
1105 0.81345928456033878 0.016324524930569503 -0.58139272634629113
1106 0.80040935844798877 0.015581271466235379 -0.59925126857468924
1107 0.78710049699152485 0.014468693551062548 -0.61665506123165825
1108 0.77404106729008293 0.012909080592779287 -0.63300377707141553
1109 0.76193447267970627 0.010841239684647999 -0.64756337671644015
1110 0.7516466882396321 0.0082459750486592112 -0.65951441224122631
1111 0.74409985287469516 0.0051745321810545107 -0.66804837636848136
1112 0.74009197158286455 0.00176571628474405 -0.67250335006198336
1113 0.74009197158286455 -0.00176571628474405 -0.67250335006198336
1114 0.74409985290098324 -0.0051745321343461236 -0.6680483763395626
1115 0.7516466882396321 -0.0082459750486592112 -0.65951441224122631
1116 0.76193447267970627 -0.010841239684647999 -0.64756337671644015
1117 0.77404106705469544 -0.012909080411326743 -0.63300377736294933
1118 0.78710049715801755 -0.014468693360972762 -0.61665506102360634
1119 0.80040935833465598 -0.015581271464029172 -0.59925126872612333
1120 0.81345928460567651 -0.016324524931479342 -0.58139272628283079
1121 0.79952438252732239 0.016722291672106988 -0.60040080505070681
1122 0.78349984721903776 0.016007710112453492 -0.62118575532983689
1123 0.76714205325882412 0.0149026855582869 -0.64130412448773977
1124 0.75109112924718469 0.013324882087824483 -0.66006405983323668
1125 0.73622317725758057 0.011209746470135189 -0.67664597453382391
1126 0.72360500578564102 0.0085373010603444835 -0.69016151015002836
1127 0.71436123527920359 0.0053619662951719096 -0.69975658256840978
1128 0.70945721529484618 0.0018304638918567883 -0.70474613093512117
1129 0.70945721523202132 -0.0018304638925747843 -0.70474613099836403
1130 0.71436123507183247 -0.0053619662987654483 -0.69975658278008146
1131 0.72360500578564102 -0.0085373010603444835 -0.69016151015002836
1132 0.73622317744062826 -0.011209746467565024 -0.67664597433470186
1133 0.75109112942355705 -0.013324882263543135 -0.66006405962899417
1134 0.76714205361532317 -0.014902685747429414 -0.64130412405689219
1135 0.78349984721903776 -0.016007710112453492 -0.62118575532983689
1136 0.79952438259533332 -0.016722291673529458 -0.6004008049601004
1137 0.78557604353678756 0.017081464542654183 -0.61852930681590601
1138 0.76646527852216606 0.016387499897666882 -0.64207665170682104
1139 0.74693888994922764 0.015283327780299364 -0.66471701841714226
1140 0.72778370889345245 0.013683715537083703 -0.68567020425157066
1141 0.71006167038468593 0.011522738779897271 -0.70404520504121038
1142 0.69504779499253766 0.0087812592305577478 -0.71890990545570954
1143 0.68406896506440318 0.0055172517546688031 -0.72939647035668598
1144 0.678252347573853 0.0018837962314525837 -0.73482664916449236
1145 0.67825234783271593 -0.0018837962312605102 -0.73482664892555971
1146 0.68406896506503334 -0.0055172517520093506 -0.7293964703561151
1147 0.69504779495122326 -0.0087812591463311829 -0.71890990549668132
1148 0.71006167055512304 -0.01152273878266309 -0.70404520486927169
1149 0.72778370889345245 -0.013683715537083703 -0.68567020425157066
1150 0.74693888990706236 -0.01528332760140038 -0.66471701846863651
1151 0.76646527852216606 -0.016387499897666882 -0.64207665170682104
1152 0.78557604367675971 -0.017081464723660088 -0.61852930663313288
1153 0.89563835944239822 -0.01380467320215303 -0.44456873494782734
1154 0.91897613791665433 -0.013087234068892596 -0.39409590488130702
1155 0.94018852277537324 -0.012054828243817314 -0.34044121777110581
1156 0.95885224243639666 -0.010660852418815949 -0.28370534609061893
1157 0.97452220702803449 -0.0088745901616316559 -0.22411539362273108
1158 0.98675972478313301 -0.0066971291172236956 -0.16205059088908916
1159 0.99517222068096234 -0.0041775359677435923 -0.098055083387655909
1160 0.9994600537373225 -0.0014208991015507899 -0.032826544581051977
1161 0.99946005374510805 0.0014208988745303213 0.032826544353830325
1162 0.99517222063828925 0.0041775357410617072 0.098055083830408368
1163 0.98675972485058017 0.0066971293432317386 0.16205059046904857
1164 0.97452220697941594 0.0088745901611889059 0.22411539383415682
1165 0.9588522424075796 0.010660852641926764 0.28370534617962917
1166 0.94018852277292153 0.012054828460105707 0.34044121777021802
1167 0.91897613791665433 0.013087234068892596 0.39409590488130702
1168 0.89563835940101555 0.013804673201515192 0.44456873503121724
1169 0.88296462603029713 -0.014485252944029027 -0.46921599144351966
1170 0.90716253270628266 -0.01389305386118 -0.42055097468479702
1171 0.92997931254857813 -0.012951448010619072 -0.36738363902887999
1172 0.9508220589082923 -0.011590073093949108 -0.30952073032201366
1173 0.96897110240738193 -0.0097546423770475833 -0.24698147633277895
1174 0.98361875658417974 -0.0074302023735862872 -0.18010811694224016
1175 0.99395830285096687 -0.004666564060747635 -0.10965908705388999
1176 0.99932020654804998 -0.001592988080539 -0.036831877141113696
1177 0.99932020654801124 0.0015929880805842895 0.036831877142160845
1178 0.99395830285096687 0.004666564060747635 0.10965908705388999
1179 0.98361875658217113 0.0074302021497053448 0.18010811696244586
1180 0.96897110235425499 0.0097546423765127541 0.24698147654122993
1181 0.95082205888732207 0.011590073096357898 0.30952073038634204
1182 0.92997931265856582 0.012951448012150826 0.36738363875040753
1183 0.90716253266641333 0.013893054074004971 0.42055097476376796
1184 0.88296462589987745 0.01448525294526058 0.46921599168890332
1185 0.87025752195851835 -0.015104714341105418 -0.49236540605458118
1186 0.89504836648559649 -0.014637993268075767 -0.44572878615201572
1187 0.91926362418900043 -0.013794859144161583 -0.39340067501733755
1188 0.94219587902607749 -0.012480174732019095 -0.334830062546563
1189 0.96287692080081699 -0.010612632209668349 -0.269732103070286
1190 0.98010555608491434 -0.0081560419809514183 -0.19830929859864327
1191 0.99258167373491368 -0.0051564212389299631 -0.12147029384011648
1192 0.99916044357440792 -0.0017664490359916598 -0.040930277961377604
1193 0.99916044355493838 0.0017664494923358563 0.040930278416958656
1194 0.99258167376375961 0.0051564207855008658 0.12147029362365279
1195 0.98010555614858674 0.0081560422060342527 0.19830929827469695
1196 0.96287692077788656 0.010612632429438723 0.26973210314349516
1197 0.94219587900168866 0.012480174734573565 0.33483006261509679
1198 0.91926362414783036 0.01379485935630821 0.39340067510610099
1199 0.89504836644138119 0.014637993475349562 0.4457287862339952
1200 0.87025752183376792 0.015104714335415544 0.49236540627525233
1201 0.85751289752324589 -0.015669739406102532 -0.51422377409862319
1202 0.88264208978125047 -0.01532702081247039 -0.46979572558677113
1203 0.90804594601499045 -0.014587768270136759 -0.4186164795402087
1204 0.93296251604892699 -0.01333183729887295 -0.35972657083108583
1205 0.95621352427929107 -0.011448133273807802 -0.29244595437434717
1206 0.97619208066261531 -0.0088741379491590715 -0.21672625897028083
1207 0.9910266260307139 -0.005646960703581917 -0.1335452669808691
1208 0.99897860961100549 -0.0019413037614346316 -0.045143868679679573
1209 0.99897860961610574 0.0019413037615001159 0.045143868566812788
1210 0.99102662602766944 0.005646960704535596 0.1335452670034227
1211 0.97619208075752251 0.008874137950021831 0.21672625854275895
1212 0.95621352424848161 0.011448133273438941 0.29244595447509958
1213 0.93296251612133108 0.013331837299907589 0.35972657064326485
1214 0.90804594601191113 0.014587768266701256 0.41861647954700748
1215 0.88264208978125047 0.01532702081247039 0.46979572558677113
1216 0.8575128974878824 0.015669739401790502 0.51422377415772669
1217 0.84472536585499258 -0.016185603558131326 -0.53495521543266378
1218 0.86994749930679838 -0.015964000784897438 -0.49288588854702253
1219 0.89632455506406639 -0.015332078108658229 -0.44313341035186399
1220 0.92310358657405789 -0.014145158947268808 -0.38429114344786452
1221 0.94894675146745244 -0.012260300487302362 -0.31519795036029402
1222 0.97184295001749921 -0.0095837321797737334 -0.23543456113916444
1223 0.98927335517567561 -0.0061379549876402206 -0.14594709400337896
1224 0.9987719757080965 -0.0021175663991526536 -0.049498044938063826
1225 0.99877197571321064 0.0021175666285931749 0.049498044825053739
1226 0.98927335517688908 0.0061379549872949404 0.14594709399516895
1227 0.97184295001958498 0.0095837319558586924 0.23543456113966973
1228 0.94894675140447404 0.0122603002714312 0.31519795055829558
1229 0.92310358650722601 0.014145158735451942 0.38429114361619815
1230 0.89632455498406571 0.015332077898655073 0.44313341052094724
1231 0.86994749935340676 0.015964000985283874 0.49288588845826786
1232 0.84472536592054581 0.016185603566979054 0.53495521532888368
1233 0.83188847314665448 -0.016656543875707728 -0.55469282291358768
1234 0.85696439626960352 -0.016551963475251417 -0.51510975144272686
1235 0.8840919724184555 -0.016029055727147482 -0.46703795742716797
1236 0.91259332320438957 -0.014919733048029807 -0.40859616739336163
1237 0.9410334152054991 -0.013047882945574307 -0.33806192364315918
1238 0.96701397320936022 -0.010283809935007052 -0.2545156554537803
1239 0.98729692609114394 -0.0066290939281169478 -0.15874770815564679
1240 0.99853707914281253 -0.0022952520483679522 -0.054022526736308828
1241 0.99853707912412126 0.0022952520483910614 0.054022527081789375
1242 0.98729692607186803 0.0066290939283696398 0.15874770827551862
1243 0.96701397316291771 0.010283810383810684 0.25451565561210127
1244 0.9410334152179064 0.013047882730666044 0.33806192361691723
1245 0.91259332324107001 0.014919733260868038 0.40859616730366533
1246 0.88409197246598115 0.016029055720526479 0.46703795733742975
1247 0.8569643962855924 0.016551963278687968 0.51510975142244331
1248 0.83188847308913927 0.016656543682911664 0.55469282300563416
1249 0.81899479119039031 -0.01708600713832403 -0.5735465110721869
1250 0.8436889823932503 -0.017093284230055673 -0.53656008109294917
1251 0.87133510797637459 -0.016679440115628011 -0.49040485915744031
1252 0.90139803398940188 -0.015654688710550854 -0.43270834870778346
1253 0.93241983329639277 -0.01380921061263367 -0.36111294656628296
1254 0.96165011131389566 -0.010973069906994506 -0.2740595832055292
1255 0.98506583534532033 -0.0071199777127114667 -0.1720308284953504
1256 0.99826949790285235 -0.002474377632956964 -0.058752761740335419
1257 0.99826949790503061 0.0024743767108545054 0.058752761742159695
1258 0.98506583538880221 0.0071199772570698259 0.17203082826522736
1259 0.96165011126824762 0.01097306945948678 0.27405958338362174
1260 0.93241983333585821 0.013809209743098946 0.36111294649763193
1261 0.90139803398781693 0.0156546887068723 0.43270834871121844
1262 0.87133510791398272 0.01667943991050299 0.49040485927527289
1263 0.84368898233329004 0.017093284430999157 0.53656008118082965
1264 0.81899479121750041 0.017086007142915503 0.57354651103333831
1265 0.8060359543554807 -0.017476826141819619 -0.59160848610737315
1266 0.83011406201625582 -0.017589813316142251 -0.55731610645160379
1267 0.8580351358162156 -0.017283509704923452 -0.51330009350976014
1268 0.88947518204919285 -0.016348694470931277 -0.45669094660136555
1269 0.92303976899706364 -0.014542149660271139 -0.38442959138586857
1270 0.95568265923238394 -0.011649867664253827 -0.2941682094073465
1271 0.98253998198920878 -0.007610093280351146 -0.18589585867605954
1272 0.99796352757422724 -0.0026549642060748856 -0.063731850723707864
1273 0.99796352756687712 0.0026549642060553313 0.063731850838802923
1274 0.98253998199261594 0.0076100928247036003 0.18589585867670419
1275 0.95568265916630191 0.011649867666155826 0.29416820962195622
1276 0.92303976896466555 0.0145421492294402 0.38442959147995553
1277 0.88947518202925824 0.016348694466741316 0.45669094664034138
1278 0.85803513571558798 0.017283510508321505 0.51330009365091822
1279 0.83011406203600679 0.017589813512003991 0.55731610641600315
1280 0.80603595437677689 0.017476826138154065 0.59160848607846661
1281 0.88319590190639197 0.013627408397335547 0.46880624206182137
1282 0.88291011622468396 0.012639800728278836 0.46937188039513433
1283 0.88245753754773493 0.011421680434901018 0.4702533781284628
1284 0.88189584554765577 0.0099379042124106594 0.4713395333150513
1285 0.88129565671616505 0.0081642975986935245 0.47249477213821461
1286 0.88073798980866258 0.0060998631009191624 0.47356455207072484
1287 0.88030576163682017 0.0037795844948813099 0.47439169551127669
1288 0.88006921695274731 0.0012812387816320983 0.4748436919654328
1289 0.88006921686725692 -0.0012812388070706936 0.47484369212381072
1290 0.880305761676205 -0.0037795844959286188 0.4743916954381841
1291 0.8807379898083878 -0.0060998631520731428 0.47356455207057707
1292 0.88129565662398579 -0.0081642977040011829 0.47249477230832737
1293 0.88189584554765577 -0.0099379042124106594 0.4713395333150513
1294 0.88245753750801725 -0.011421680431733149 0.47025337820307228
1295 0.88291011617672077 -0.012639800733467673 0.46937188048521594
1296 0.88319590190639197 -0.013627408397335547 0.46880624206182137
1297 0.86922091352715991 0.014278031855816433 0.49421770637375373
1298 0.86672668332844327 0.013350186930365328 0.49860468200308833
1299 0.86410396367179176 0.01215812557748216 0.50316649326951479
1300 0.86147315106197442 0.010656382468735003 0.50769129548578285
1301 0.85899542088807557 0.0088118075187557376 0.51190743200462574
1302 0.8568661953218768 0.006619024829032415 0.51549637421122929
1303 0.85529239169848015 0.0041170282535234089 0.51812930314840644
1304 0.8544528982539833 0.001398431110698841 0.51952698587830526
1305 0.85445289800367397 -0.0013984311237478239 0.51952698628994753
1306 0.85529239164501303 -0.0041170282042761455 0.51812930323705775
1307 0.85686619525043206 -0.0066190248831423772 0.5154963743292913
1308 0.85899542076353874 -0.0088118076156746966 0.51190743221193347
1309 0.86147315106105193 -0.010656382569223828 0.50769129548523917
1310 0.86410396367179176 -0.01215812557748216 0.50316649326951479
1311 0.86672668329371794 -0.013350186724588042 0.49860468206896136
1312 0.86922091352114694 -0.014278031859047488 0.49421770638423607
1313 0.85526426210808748 0.014866872772255828 0.51797878147148269
1314 0.85036527861013078 0.013994321466498925 0.52600670328524068
1315 0.84534128160286581 0.01282734914922385 0.5340726324497711
1316 0.84038942072790934 0.011310788454585755 0.54186500864435272
1317 0.83578150655535111 0.0094029009323445146 0.54898165611805638
1318 0.83185318324285562 0.0070938924402332007 0.55495041059429306
1319 0.82896398658241921 0.0044261427059169639 0.55928446984529212
1320 0.82742698619774246 0.0015058714537282986 0.56157129098885195
1321 0.82742698615254229 -0.0015058714779486988 0.56157129105538539
1322 0.82896398653710446 -0.0044261427543522197 0.55928446991207359
1323 0.83185318328734803 -0.0070938925382403074 0.55495041052634742
1324 0.83578150649548955 -0.0094029010318820248 0.54898165620748629
1325 0.84038942077274559 -0.011310788455189204 0.54186500857480291
1326 0.84534128148774801 -0.012827349351402921 0.5340726326271259
1327 0.85036527870149492 -0.013994321269037846 0.52600670314279074
1328 0.85526426209359652 -0.014866873175513426 0.51797878148383536
1329 0.84132216602750654 0.015400790596703606 0.54031456448978055
1330 0.83384911307322529 0.014577958609266009 0.55179990916072308
1331 0.82622637133011068 0.013433429439166833 0.56317805913599051
1332 0.81874127356395454 0.011903267301046253 0.57403923140359825
1333 0.81179397539079334 0.0099379700497590501 0.58385938227496381
1334 0.80588141194557916 0.0075237285254879643 0.59202917444132308
1335 0.80153754390113585 0.0047059478962721028 0.59792593167660202
1336 0.79922806368329258 0.0016031272517215262 0.6010257333958916
1337 0.79922806368333799 -0.0016031272163110945 0.60102573339592569
1338 0.80153754399131449 -0.0047059478472545766 0.59792593155610041
1339 0.80588141199035934 -0.0075237286209720476 0.59202917437915414
1340 0.81179397539002163 -0.0099379701453908564 0.5838593822744087
1341 0.81874127351774262 -0.011903267396701908 0.57403923146752556
1342 0.82622637125836462 -0.013433429240683629 0.56317805924598174
1343 0.8338491130562381 -0.01457795880811281 0.55179990918113986
1344 0.84132216598266585 -0.015400790595882776 0.54031456455962534
1345 0.82738934601784553 0.015885216106721955 0.56140407017174765
1346 0.81719392913384292 0.015105700225287511 0.57616482017517834
1347 0.80680231710477168 0.013979656131478762 0.59065606771522894
1348 0.79660545988032694 0.012435565562592475 0.60437165552165928
1349 0.78714780591482469 0.010417340878796463 0.61667642297439285
1350 0.77910432609500324 0.0079079340836396492 0.6268444094339356
1351 0.77319854162227186 0.0049556415625101593 0.63414466555344917
1352 0.77006001036684701 0.0016898435104231986 0.63796921936933759
1353 0.77006001075469666 -0.0016898434982304162 0.63796921890121627
1354 0.77319854153242018 -0.0049556415160318295 0.63414466566336647
1355 0.77910432599489843 -0.0079079340863742621 0.62684440955832144
1356 0.78714780601136836 -0.01041734087514185 0.61667642285122304
1357 0.79660545960682971 -0.01243556556419974 0.60437165588211517
1358 0.80680231712585493 -0.01397965612854698 0.59065606768649992
1359 0.81719392916051925 -0.015105700229337249 0.57616482013723636
1360 0.82738934617211468 -0.015885215911427695 0.56140406994991399
1361 0.81345928462834549 0.016324524931934262 0.58139272625110061
1362 0.80040935833465598 0.015581271464029172 0.59925126872612333
1363 0.78710049701413087 0.014468693551478099 0.61665506120279379
1364 0.77404106730601463 0.012909080219614042 0.63300377705954447
1365 0.76193447248297064 0.01084123968700576 0.64756337694788324
1366 0.75164668830725734 0.0082459749558837139 0.65951441216531392
1367 0.74409985278654256 0.0051745321360214961 0.66804837646701842
1368 0.74009197142283267 0.0017657163073176874 0.67250335023803953
1369 0.74009197146685324 -0.0017657163074227119 0.6725033501895944
1370 0.74409985278671353 -0.0051745320916026915 0.66804837646717197
1371 0.75164668835111181 -0.0082459750459509696 0.65951441211420692
1372 0.76193447248297064 -0.01084123968700576 0.64756337694788324
1373 0.77404106729191802 -0.012909080409157286 0.63300377707291633
1374 0.7871004971806238 -0.014468693361388316 0.61665506099474199
1375 0.80040935842532224 -0.015581271465794137 0.59925126860497602
1376 0.81345928460313044 -0.016324525123156342 0.58139272628101102
1377 0.79952438248212054 0.016722291667210568 0.60040080511103633
1378 0.78349984707572007 0.016007710117108682 0.62118575551048338
1379 0.76714205357050047 0.01490268574655868 0.64130412411053062
1380 0.75109112924718469 0.013324882087824483 0.66006405983323668
1381 0.73622317702998763 0.011209746559989214 0.67664597477996746
1382 0.72360500605907463 0.0085373010594792798 0.69016150986335556
1383 0.7143612353435127 0.005361966295654612 0.69975658250275485
1384 0.70945721510408144 0.0018304639135639411 0.70474613112710471
1385 0.70945721535880235 -0.0018304638920218011 0.70474613087073712
1386 0.71436123530397178 -0.005361966340815926 0.69975658254277484
1387 0.72360500608072165 -0.0085373010597346779 0.69016150984065627
1388 0.73622317733107978 -0.011209746465897038 0.6766459744539236
1389 0.75109112933589672 -0.013324882089398297 0.66006405973225879
1390 0.76714205358599419 -0.014902685739780078 0.64130412409215409
1391 0.78349984712871468 -0.0160077101106081 0.62118575544380894
1392 0.79952438252732239 -0.016722291672106988 0.60040080505070681
1393 0.78557604372445811 0.017081464538643825 0.61852930657766192
1394 0.76646527822400246 0.016387499724786047 0.64207665206716003
1395 0.74693889026405436 0.015283327772169725 0.66471701806356021
1396 0.72778370902290312 0.013683715707064375 0.68567020411077695
1397 0.71006167054447067 0.011522738782490227 0.70404520488001776
1398 0.69504779499253766 0.0087812592305577478 0.71890990545570954
1399 0.68406896524001981 0.005517251794716729 0.72939647019167997
1400 0.67825234766581233 0.0018837962317079942 0.73482664907961204
1401 0.67825234767944997 -0.0018837962308348253 0.73482664906702655
1402 0.68406896507518 -0.0055172517933872386 0.72939647034628607
1403 0.6950477948607815 -0.0087812593168278413 0.71890990558203871
1404 0.71006167062898773 -0.011522738693096252 0.70404520479624166
1405 0.72778370901204359 -0.013683715706860194 0.6856702041223075
1406 0.74693889013978942 -0.015283327776912804 0.66471701820308715
1407 0.76646527828462196 -0.016387499718296266 0.64207665199496233
1408 0.78557604364535494 -0.017081464536923816 0.61852930667817618
1409 0.89563835948635073 -0.013804672994968398 0.44456873486571302
1410 0.91897613792208988 -0.01308723407199382 0.39409590486852908
1411 0.94018852272878517 -0.012054828456766212 0.34044121789222698
1412 0.958852242467363 -0.010660852642591456 0.28370534597755181
1413 0.97452220697941594 -0.0088745901611889059 0.22411539383415682
1414 0.98675972485205854 -0.0066971293428603647 0.16205059046006243
1415 0.99517222065794231 -0.0041775361939122568 0.098055083611653035
1416 0.99946005373733782 -0.0014208991015306409 0.032826544580586481
1417 0.99946005373766011 0.0014208988745197328 -0.03282654458059707
1418 0.99517222066036859 0.0041775357411543918 -0.098055083606318566
1419 0.98675972481612828 0.0066971288938043926 -0.16205059069740713
1420 0.97452220697941594 0.0088745901611889059 -0.22411539383415682
1421 0.9588522424075796 0.010660852641926764 -0.28370534617962917
1422 0.94018852270613396 0.012054828242929546 -0.3404412179623541
1423 0.91897613788108701 0.013087234283740017 -0.39409590495711039
1424 0.89563835952516302 0.013804673203428704 -0.44456873478104736
1425 0.88296462602757997 -0.014485252947355571 0.46921599144853016
1426 0.90716253270628266 -0.01389305386118 0.42055097468479702
1427 0.92997931259031552 -0.012951448228804228 0.36738363891553572
1428 0.9508220589082923 -0.011590073093949108 0.30952073032201366
1429 0.96897110235425499 -0.0097546423765127541 0.24698147654122993
1430 0.98361875658417974 -0.0074302023735862872 0.18010811694224016
1431 0.99395830285201803 -0.0046665638341341197 0.10965908705400597
1432 0.99932020656512799 -0.0015929878530116758 0.03683187668759192
1433 0.99932020654804998 0.001592988080539 -0.036831877141113696
1434 0.99395830282694875 0.0046665640603688816 -0.10965908727160818
1435 0.98361875662398968 0.0074302023738870102 -0.18010811672481516
1436 0.9689711023406925 0.0097546423786110219 -0.24698147659435676
1437 0.95082205899359085 0.011590073092324451 -0.30952073006004455
1438 0.92997931265856582 0.012951448012150826 -0.36738363875040753
1439 0.90716253266618319 0.013893053860565883 -0.42055097477131537
1440 0.88296462594516223 0.014485252942632369 -0.46921599160376853
1441 0.87025752181646054 -0.015104714345689036 0.49236540630552816
1442 0.89504836648287134 -0.014637993476028109 0.44572878615065858
1443 0.91926362418079932 -0.013794859353610122 0.39340067502915715
1444 0.94219587899181056 -0.012480174731565201 0.3348300626430053
1445 0.9628769208191994 -0.010612631986190113 0.26973210301345857
1446 0.98010555613477734 -0.0081560417558790583 0.19830929836146188
1447 0.99258167373523642 -0.0051564210122895301 0.12147029384709901
1448 0.99916044357355449 -0.0017664494924191964 0.040930277962511107
1449 0.99916044357400524 0.0017664492641802565 -0.040930277961361103
1450 0.99258167376343664 0.0051564210121412971 -0.12147029361667024
1451 0.98010555614858674 0.0081560422060342527 -0.19830929827469695
1452 0.96287692078594744 0.010612632428308325 -0.26973210311476481
1453 0.94219587899181056 0.012480174731565201 -0.3348300626430053
1454 0.91926362415052854 0.013794859143584259 -0.39340067510725568
1455 0.89504836648819963 0.014637993056719761 -0.4457287861537293
1456 0.87025752181956029 0.015104714545289614 -0.492365406293926
1457 0.85751289739942316 -0.015669739400174045 0.51422377430528921
1458 0.88264208987213655 -0.015327020806905468 0.46979572541619813
1459 0.90804594601191113 -0.014587768266701256 0.41861647954700748
1460 0.93296251612133108 -0.013331837299907589 0.35972657064326485
1461 0.95621352429575324 -0.011448133491716904 0.29244595431199061
1462 0.97619208067912266 -0.0088741381746248078 0.21672625888669575
1463 0.99102662604473479 -0.0056469607039854848 0.13354526687680471
1464 0.99897860961616425 -0.0019413037614446566 0.045143868565523118
1465 0.99897860960062967 0.0019413037614700414 -0.045143868909282174
1466 0.99102662604371994 0.0056469607043033773 -0.13354526688432256
1467 0.97619208072851915 0.0088741379507776639 -0.21672625867336617
1468 0.95621352421526007 0.011448133493391322 -0.29244595457511424
1469 0.93296251612133108 0.013331837299907589 -0.35972657064326485
1470 0.90804594605197064 0.014587768267344812 -0.4186164794600899
1471 0.88264208977568559 0.015327021223728693 -0.46979572558380917
1472 0.85751289744095716 0.015669739601541721 -0.51422377422989152
1473 0.8447253658403 -0.016185603759750134 0.53495521544976432
1474 0.86994749926342863 -0.015964001186893829 0.49288588861055005
1475 0.8963245549836496 -0.015332077895079156 0.44313341052191207
1476 0.92310358654871394 -0.014145158953441142 0.38429114350851595
1477 0.94894675138003493 -0.01226030048900637 0.31519795062340966
1478 0.97184295001541354 -0.0095837324036887744 0.23543456113865918
1479 0.98927335517324888 -0.0061379549883307837 0.14594709401979902
1480 0.99877197571328113 -0.0021175666285325368 0.049498044823636324
1481 0.99877197571895082 0.0021175666285445575 -0.049498044709232865
1482 0.98927335517688908 0.0061379549872949404 -0.14594709399516895
1483 0.97184295006665122 0.0095837324041940508 -0.23543456092713619
1484 0.94894675145909324 0.012260300269303441 -0.31519795039393955
1485 0.92310358650722601 0.014145158735451942 -0.38429114361619815
1486 0.89632455502263231 0.01533207810794948 -0.44313341043569682
1487 0.86994749938830795 0.01596400119291538 -0.49288588838994229
1488 0.84472536597729075 0.016185603564270495 -0.53495521523936229
1489 0.83188847316446923 -0.016656543676588732 0.55469282289284927
1490 0.8569643962855924 -0.016551963278687968 0.51510975142244331
1491 0.88409197246598115 -0.016029055720526479 0.46703795733742975
1492 0.91259332320558928 -0.014919733263757803 0.40859616738280524
1493 0.94103341516100292 -0.013047882728364988 0.33806192377540284
1494 0.96701397325991401 -0.010283810382465786 0.25451565524362535
1495 0.98729692614609832 -0.0066290939281038151 0.15874770781387054
1496 0.99853707913669421 -0.0022952520482878154 0.054022526849401557
1497 0.99853707914796075 0.0022952525082952967 -0.054022526621608481
1498 0.98729692614609832 0.0066290939281038151 -0.15874770781387054
1499 0.96701397317905602 0.01028380948895187 -0.25451565558694172
1500 0.94103341516805394 0.013047882949591296 -0.3380619237472367
1501 0.91259332317588804 0.014919732842264945 -0.40859616746453281
1502 0.88409197250658489 0.016029055522389809 -0.46703795726736846
1503 0.85696439627245113 0.016551963274556741 -0.51510975144443849
1504 0.83188847325199933 0.016656543873901388 -0.55469282275565324
1505 0.81899479112685347 -0.017086007141024411 0.57354651116283384
1506 0.84368898234917533 -0.017093284039047703 0.53656008116833764
1507 0.87133510791694635 -0.01667943970662903 0.49040485927694094
1508 0.90139803398781693 -0.0156546887068723 0.43270834871121844
1509 0.93241983331761469 -0.013809209742828758 0.36111294654474835
1510 0.96165011129553279 -0.010973069462341077 0.27405958328776636
1511 0.98506583530822867 -0.0071199772573106055 0.17203082872658937
1512 0.99826949790399122 -0.0024743771718701429 0.058752761740402448
1513 0.99826949790389174 0.0024743771719413265 -0.058752761742092666
1514 0.98506583534700842 0.0071199777123120882 -0.17203082848570073
1515 0.96165011132698153 0.010973069460156975 -0.27405958317750256
1516 0.93241983334852052 0.013809210176741207 -0.36111294644835407
1517 0.90139803388690543 0.015654688708770785 -0.43270834892136395
1518 0.87133510799815983 0.016679440116045031 -0.49040485911871878
1519 0.84368898224722366 0.017093284040996574 -0.5365600813285849
1520 0.81899479128103725 0.017086007140215118 -0.57354651094269138
1521 0.80603595431277675 -0.017476825950541248 0.59160848617120587
1522 0.8301140620388604 -0.017589813316621232 0.55731610641791907
1523 0.85803513566844714 -0.017283510108715379 0.51330009374317398
1524 0.88947518205038401 -0.016348694467129613 0.45669094659918152
1525 0.92303976896466555 -0.0145421492294402 0.38442959147995553
1526 0.9556826592144394 -0.011649867225229513 0.29416820948303074
1527 0.98253998198580172 -0.0076100937359986917 0.18589585867541492
1528 0.99796352755707673 -0.0026549637437714695 0.063731851011523719
1529 0.99796352755217688 0.0026549642060162229 -0.063731851068993026
1530 0.98253998197180881 0.0076100928245424427 -0.18589585878668596
1531 0.95568265916526229 0.011649867220568719 -0.29416820964297996
1532 0.92303976889464823 0.014542149231726873 -0.38442959164798507
1533 0.88947518196349817 0.016348694473179753 -0.45669094676818855
1534 0.85803513585458502 0.017283510108408832 -0.51330009343203564
1535 0.83011406201625582 0.017589813316142251 -0.55731610645160379
1536 0.80603595424341368 0.017476826143517036 -0.59160848626000873
1537 0.90622974819243907 -0.0043937270043615763 0.42276274511134471
1538 0.90745366716632847 -0.0040778898485196143 0.42013237528279751
1539 0.90844703835685536 -0.0036888321850086854 0.41798369707175043
1540 0.90923244522414826 -0.0032144592319692938 0.41627638391285443
1541 0.90983019292729206 -0.0026456364944009519 0.41497231310706278
1542 0.91025865682535256 -0.001980456400713954 0.4140353311819534
1543 0.91053383390879883 -0.0012291284250005399 0.41343273521899404
1544 0.9106680190950267 -0.00041705550789151031 0.41313869954561711
1545 0.9106680190950267 0.00041705550789151031 0.41313869954561711
1546 0.910533833985952 0.001229128425104689 0.41343273504907369
1547 0.91025865682535256 0.001980456400713954 0.4140353311819534
1548 0.90983019296256107 0.0026456364939079708 0.41497231302973792
1549 0.90923244541426607 0.0032144593342616308 0.41627638349680851
1550 0.90844703839293639 0.0036888320820542444 0.41798369699424076
1551 0.90745366712524778 0.0040778896430562744 0.42013237537352366
1552 0.90622974827064973 0.0043937270047407686 0.42276274494368898
1553 0.92831634975231159 -0.0041653154286596557 0.37176794500053889
1554 0.92925204938800832 -0.0039043409748561308 0.36942575009024264
1555 0.93000713456650785 -0.003572273153871955 0.36752410603919233
1556 0.93059937973154128 -0.0031523657993707556 0.36602576006770055
1557 0.93104531421379322 -0.0026288260851962137 0.36489411087869411
1558 0.93136076528404665 -0.0019924536046575475 0.3640922342184027
1559 0.93156054131572474 -0.0012489214437020166 0.36358410039326727
1560 0.93165686580171203 -0.0004261469772937504 0.36333910167126843
1561 0.93165686573085327 0.0004261469772613391 0.36333910185296125
1562 0.93156054145750877 0.001248921443892103 0.36358410002999314
1563 0.93136076528404665 0.0019924536046575475 0.3640922342184027
1564 0.93104531421379322 0.0026288260851962137 0.36489411087869411
1565 0.93059937984629826 0.0031523656959015415 0.36602575977682816
1566 0.93000713459439932 0.003572273257696614 0.36752410596760493
1567 0.92925204938800832 0.0039043409748561308 0.36942575009024264
1568 0.92831634967944687 0.0041653156371233022 0.37176794518014894
1569 0.94787074541163618 -0.0038373365011123081 0.31863195828630642
1570 0.94855081194119417 -0.0036379524373719046 0.31660404682783927
1571 0.94909606126189672 -0.0033743336456223336 0.31496869744405043
1572 0.949519512580004 -0.0030255832121530856 0.31369338704546823
1573 0.94983367621528692 -0.0025679970627141653 0.31274493268227321
1574 0.95005138585550797 -0.0019811438779464689 0.31208723027859336
1575 0.95018589379516161 -0.0012605785799112744 0.3116812124179672
1576 0.95024932711636922 -0.00043391217587327477 0.311490012737345
1577 0.95024932711637466 0.00043391216255341095 0.31149001273734678
1578 0.95018589379516161 0.0012605785799112744 0.3116812124179672
1579 0.95005138585550797 0.0019811438779464689 0.31208723027859336
1580 0.94983367627857551 0.0025679970628852741 0.31274493249005886
1581 0.9495195126434538 0.0030255832123552641 0.31369338685340969
1582 0.94909606132522395 0.0033743337523388503 0.31496869725208354
1583 0.94855081191984714 0.0036379524381067005 0.31660404689178717
1584 0.94787074539079486 0.0038373362890145313 0.31863195835085967
1585 0.96463610925370136 -0.0033952003154591555 0.26356336873454034
1586 0.96509713279280795 -0.0032593627348789984 0.26187191684039718
1587 0.965464266744261 -0.0030716610304874956 0.26051739776544691
1588 0.9657461321662314 -0.002809352027834841 0.25947353573562698
1589 0.96595118146111036 -0.0024415976558808308 0.25871287875707288
1590 0.96608876090520457 -0.001933037326793852 0.25820296167809448
1591 0.96616988275182258 -0.001259561252668718 0.25790341441861564
1592 0.96620627919714364 -0.0004400297926223776 0.2577697274968353
1593 0.96620627919714364 0.0004400297926223776 0.2577697274968353
1594 0.96616988275182258 0.001259561252668718 0.25790341441861564
1595 0.96608876090520457 0.001933037326793852 0.25820296167809448
1596 0.96595118145387127 0.0024415976561358919 0.25871287878409926
1597 0.96574613204326099 0.0028093520281063499 0.25947353619331287
1598 0.96546426674458186 0.0030716609223282007 0.26051739776553351
1599 0.96509713283264498 0.0032593627357441596 0.26187191669357096
1600 0.96463610931622201 0.0033952003152984698 0.26356336850571777
1601 0.9783735941585483 -0.0028286138808722291 0.20682627781980981
1602 0.97865544127036053 -0.0027510362859848253 0.20548955951889408
1603 0.97887848099036623 -0.0026384915807957212 0.20442592256407083
1604 0.97904768423482891 -0.0024708323802039292 0.20361612652677477
1605 0.97916785764231196 -0.0022152340051184802 0.20304038834297958
1606 0.97924462356800612 -0.0018223246563011531 0.20267374360286866
1607 0.97928580418426592 -0.0012358669401288924 0.20247910103534625
1608 0.97930187872722541 -0.00044388115900102532 0.20240462764186876
1609 0.9793018786793658 0.00044388115902892775 0.20240462787342919
1610 0.97928580418426592 0.0012358669401288924 0.20247910103534625
1611 0.97924462361144105 0.0018223246563819834 0.20267374339300517
1612 0.97916785755076408 0.00221523400515897 0.20304038878447117
1613 0.97904768423028954 0.0024708323804687525 0.20361612654859831
1614 0.97887848094196195 0.0026384915809604232 0.20442592279584892
1615 0.97865544122629999 0.0027510362858609696 0.20548955972873661
1616 0.97837359415915492 0.0028286136617026118 0.20682627781993806
1617 0.98887469329581934 -0.0021367751420815237 0.14873558804499862
1618 0.98901974135244974 -0.0021038586139209463 0.1477684844412562
1619 0.98913396492061711 -0.0020535787213577816 0.14700266070671764
1620 0.98921972906712496 -0.0019732573749809894 0.14642552332054737
1621 0.98927916526075299 -0.0018380332990328813 0.14602518554886071
1622 0.98931470104783292 -0.0015981655551191506 0.14578706443815695
1623 0.9893303071799594 -0.0011635494310490409 0.14568524100926875
1624 0.98933353835626203 -0.00044374314346962515 0.14566726803060864
1625 0.98933353838690019 0.00044374312971577824 0.14566726782256542
1626 0.9893303071799594 0.0011635494310490409 0.14568524100926875
1627 0.98931470104783292 0.0015981655551191506 0.14578706443815695
1628 0.98927916526075299 0.0018380332990328813 0.14602518554886071
1629 0.98921972906497169 0.0019732572647351075 0.14642552333657935
1630 0.98913396492300598 0.0020535787211332789 0.14700266069064694
1631 0.98901974128946923 0.0021038583924911651 0.14776848486594121
1632 0.98887469329581934 0.0021367751420815237 0.14873558804499862
1633 0.99597260233224172 -0.001334171531540615 0.089648175608133832
1634 0.99602515743616571 -0.0013265760135488841 0.089062483405425191
1635 0.996066422591807 -0.001314227419948069 0.088599969477694052
1636 0.99609720286603831 -0.001292970687412047 0.08825355896084873
1637 0.99611815375655566 -0.0012532246943365273 0.088017345929632368
1638 0.99612989590750334 -0.00116955306288156 0.087885508617402838
1639 0.99613340120687244 -0.0009647863617407833 0.087848256597977348
1640 0.99613166127978647 -0.00043169174022818143 0.08787221994586436
1641 0.99613166127978647 0.00043169174022818143 0.08787221994586436
1642 0.99613340120687244 0.0009647863617407833 0.087848256597977348
1643 0.99612989590743861 0.001169553118363518 0.087885508617397121
1644 0.99611815377602564 0.0012532246943610227 0.088017345709283684
1645 0.99609720284563674 0.001292970687529796 0.08825355919111523
1646 0.99606642261143408 0.0013142274199739654 0.088599969257040834
1647 0.99602515741686304 0.0013265760134490657 0.089062483621296762
1648 0.99597260235168261 0.0013341715316412539 0.089648175392147436
1649 0.99955126227409197 -0.00045406031502137097 0.029951092058548571
1650 0.99955712241911909 -0.00045397260371800465 0.029754880777533889
1651 0.99956171824995976 -0.00045366281127270409 0.029600094581633041
1652 0.99956513731306129 -0.00045292011758430069 0.029484421847612595
1653 0.99956744741575476 -0.00045123338181954787 0.029406027531570213
1654 0.99956870302522871 -0.00044698385103649342 0.029363380900348578
1655 0.99956896505984505 -0.00043237332407648516 0.029354678374985965
1656 0.99956842050352457 -0.00032222895337189893 0.029374630220492644
1657 0.99956842050352457 0.00032222895337189893 0.029374630220492644
1658 0.99956896505984505 0.00043237332407648516 0.029354678374985965
1659 0.99956870302522871 0.00044698385103649342 0.029363380900348578
1660 0.99956744741576675 0.00045123338181327061 0.029406027531161134
1661 0.99956513731962982 0.00045292011758727699 0.029484421624931454
1662 0.99956171825001039 0.00045366269973624667 0.02960009458163454
1663 0.99955712241910677 0.00045397260372433677 0.029754880777948918
1664 0.99955126226740187 0.00045406031501833189 0.029951092281817939
1665 0.99955126226071167 0.00045406031501529277 -0.029951092505087307
1666 0.9995571224323877 0.00045397260373036862 -0.029754880331801462
1667 0.99956171824995976 0.00045366281127270409 -0.029600094581633041
1668 0.99956513731307339 0.00045292011757799437 -0.029484421847202062
1669 0.99956744741575476 0.00045123338181954787 -0.029406027531570213
1670 0.9995687030187107 0.00044698385102736064 -0.029363381122232943
1671 0.99956896505984505 0.00043237332407648516 -0.029354678374985965
1672 0.99956842050352457 0.00032222895337189893 -0.029374630220492644
1673 0.99956842050352457 -0.00032222895337189893 -0.029374630220492644
1674 0.99956896505984505 -0.00043237332407648516 -0.029354678374985965
1675 0.99956870302522871 -0.00044698385103649342 -0.029363380900348578
1676 0.99956744741576675 -0.00045123338181327061 -0.029406027531161134
1677 0.99956513731959151 -0.00045292022901839447 -0.029484421624519436
1678 0.99956171824337192 -0.00045366281126338635 -0.029600094804098049
1679 0.9995571224258486 -0.00045397238045599806 -0.02975488055487821
1680 0.99955126226071167 -0.00045406031501529277 -0.029951092505087307
1681 0.99597260233224172 0.001334171531540615 -0.089648175608133832
1682 0.9960251574161274 0.0013265762360952669 -0.089062483626206487
1683 0.99606642259195266 0.0013142273087487419 -0.088599969477707
1684 0.99609720286531578 0.0012929705764406559 -0.088253558970629406
1685 0.99611815375655566 0.0012532246943365273 -0.088017345929632368
1686 0.99612989590701007 0.0011695531184281562 -0.087885508622254332
1687 0.99613340120687244 0.0009647863617407833 -0.087848256597977348
1688 0.99613166127978647 0.00043169174022818143 -0.08787221994586436
1689 0.99613166127978647 -0.00043169174022818143 -0.08787221994586436
1690 0.99613340120687244 -0.0009647863617407833 -0.087848256597977348
1691 0.99612989592686751 -0.0011695531183863294 -0.087885508397183135
1692 0.99611815375655566 -0.0012532246943365273 -0.088017345929632368
1693 0.99609720284563674 -0.001292970687529796 -0.08825355919111523
1694 0.996066422591807 -0.001314227419948069 -0.088599969477694052
1695 0.99602515739667752 -0.0013265760134962908 -0.08906248384704038
1696 0.99597260233239338 -0.0013341717542149465 -0.089648175603135039
1697 0.98887469326496047 0.0021367749205834924 -0.14873558825334712
1698 0.98901974132179338 0.0021038583925599257 -0.14776848464959255
1699 0.98913396492300598 0.0020535787211332789 -0.14700266069064694
1700 0.989219729034156 0.0019732572645634648 -0.14642552354476648
1701 0.98927916526075299 0.0018380332990328813 -0.14602518554886071
1702 0.98931470104783292 0.0015981655551191506 -0.14578706443815695
1703 0.98933030717878834 0.0011635494311125515 -0.14568524101722075
1704 0.98933353838924143 0.00044374312966733847 -0.14566726780666411
1705 0.98933353838689408 -0.00044374314350810939 -0.14566726782256451
1706 0.98933030717878834 -0.0011635494311125515 -0.14568524101722075
1707 0.98931470104783292 -0.0015981655551191506 -0.14578706443815695
1708 0.98927916526095394 -0.0018380331886254007 -0.14602518554889038
1709 0.989219729034156 -0.0019732572645634648 -0.14642552354476648
1710 0.98913396492061711 -0.0020535787213577816 -0.14700266070671764
1711 0.98901974132179338 -0.0021038583925599257 -0.14776848464959255
1712 0.98887469326496047 -0.0021367749205834924 -0.14873558825334712
1713 0.97837359416384351 0.0028286136613993396 -0.20682627779776303
1714 0.97865544122629999 0.0027510362858609696 -0.20548955972873661
1715 0.97887848094196195 0.0026384915809604232 -0.20442592279584892
1716 0.97904768419118182 0.0024708323800937764 -0.20361612673664439
1717 0.97916785755503899 0.0022152341143661398 -0.20304038876266306
1718 0.979244623654974 0.0018223246017496915 -0.20267374318316195
1719 0.97928580414087363 0.0012358669400741311 -0.20247910124521257
1720 0.97930187872274277 0.00044388115904858889 -0.20240462766355721
1721 0.97930187876611952 -0.00044388115906824997 -0.20240462745368518
1722 0.97928580414535971 -0.0012358669399417047 -0.20247910122351639
1723 0.97924462365047871 -0.0018223246019449632 -0.20267374320487952
1724 0.97916785759855662 -0.0022152341144645927 -0.20304038855279669
1725 0.97904768423028954 -0.0024708323804687525 -0.20361612654859831
1726 0.97887848094653895 -0.0026384915806775882 -0.20442592277393531
1727 0.97865544122629999 -0.0027510362858609696 -0.20548955972873661
1728 0.97837359415915492 -0.0028286136617026118 -0.20682627781993806
1729 0.96463610926873267 0.0033952003147505847 -0.26356336867953523
1730 0.96509713279280795 0.0032593627348789984 -0.26187191684039718
1731 0.96546426673691921 0.0030716610308082538 -0.26051739779265143
1732 0.96574613203627213 0.0028093519202483509 -0.25947353622049313
1733 0.96595118150817894 0.0024415975481261423 -0.25871287858235059
1734 0.96608876094473728 0.0019330373273057295 -0.25820296153017575
1735 0.966169882744629 0.0012595612528003295 -0.25790341444556397
1736 0.96620627919714364 0.0004400297926223776 -0.2577697274968353
1737 0.96620627918276558 -0.00044002980623331311 -0.25776972755070604
1738 0.96616988269073245 -0.0012595612527300664 -0.25790341464747457
1739 0.96608876095915797 -0.0019330373269018069 -0.25820296147622229
1740 0.96595118150817894 -0.0024415975481261423 -0.25871287858235059
1741 0.96574613204326099 -0.0028093520281063499 -0.25947353619331287
1742 0.96546426679899078 -0.0030716609225013049 -0.26051739756389436
1743 0.96509713279280795 -0.0032593627348789984 -0.26187191684039718
1744 0.96463610926121701 -0.0033952003151048703 -0.26356336870703778
1745 0.94787074541241045 0.0038373362882402405 -0.31863195828656671
1746 0.94855081191984714 0.0036379524381067005 -0.31660404689178717
1747 0.94909606126155577 0.0033743337521124901 -0.31496869744393724
1748 0.9495195126434538 0.0030255832123552641 -0.31369338685340969
1749 0.94983367621528692 0.0025679970627141653 -0.31274493268227321
1750 0.95005138591868632 0.0019811438780782151 -0.31208723008626565
1751 0.95018589379516161 0.0012605785799112744 -0.3116812124179672
1752 0.95024932711636922 0.00043391217587327477 -0.311490012737345
1753 0.95024932711637466 -0.00043391216255341095 -0.31149001273734678
1754 0.95018589379516161 -0.0012605785799112744 -0.3116812124179672
1755 0.95005138591868632 -0.0019811438780782151 -0.31208723008626565
1756 0.94983367627857551 -0.0025679970628852741 -0.31274493249005886
1757 0.949519512580004 -0.0030255832121530856 -0.31369338704546823
1758 0.94909606132522395 -0.0033743337523388503 -0.31496869725208354
1759 0.94855081194119417 -0.0036379524373719046 -0.31660404682783927
1760 0.94787074541241045 -0.0038373362882402405 -0.31863195828656671
1761 0.92831634970911503 0.0041653154275290002 -0.37176794510841482
1762 0.92925204938800832 0.0039043409748561308 -0.36942575009024264
1763 0.93000713456650785 0.003572273153871955 -0.36752410603919233
1764 0.93059937970382733 0.0031523656954189276 -0.36602576013905663
1765 0.93104531418593628 0.0026288260857082598 -0.36489411094976865
1766 0.93136076518534305 0.001992453604894071 -0.36409223447088906
1767 0.93156054131572474 0.0012489214437020166 -0.36358410039326727
1768 0.93165686580171203 0.0004261469772937504 -0.36333910167126843
1769 0.9316568657308586 -0.00042614696417838874 -0.36333910185296331
1770 0.93156054131572474 -0.0012489214437020166 -0.36358410039326727
1771 0.93136076518524591 -0.0019924536572101365 -0.36409223447085109
1772 0.93104531425701076 -0.00262882608590894 -0.36489411076841699
1773 0.93059937984629826 -0.0031523656959015415 -0.36602575977682816
1774 0.93000713459474649 -0.0035722731531774711 -0.36752410596774215
1775 0.92925204938800832 -0.0039043409748561308 -0.36942575009024264
1776 0.92831634963625009 -0.0041653156359926459 -0.37176794528802476
1777 0.90622974827064973 0.0043937270047407686 -0.42276274494368898
1778 0.90745366720240395 0.0040778898477633798 -0.420132375204885
1779 0.90844703839293639 0.0036888320820542444 -0.41798369699424076
1780 0.90923244518867674 0.0032144592325675332 -0.41627638399032713
1781 0.90983019284972055 0.002645636596577594 -0.41497231327648698
1782 0.91025865690247998 0.001980456452104898 -0.41403533101214257
1783 0.91053383390879883 0.0012291284250005399 -0.41343273521899404
1784 0.9106680190950267 0.00041705550789151031 -0.41313869954561711
1785 0.9106680190950216 -0.00041705552070290511 -0.41313869954561483
1786 0.910533833985952 -0.001229128425104689 -0.41343273504907369
1787 0.91025865690257224 -0.0019804564008819615 -0.41403533101218459
1788 0.90983019288523637 -0.0026456364936831233 -0.41497231319927463
1789 0.90923244541426607 -0.0032144593342616308 -0.41627638349680851
1790 0.90844703835685536 -0.0036888321850086854 -0.41798369707175043
1791 0.90745366705309705 -0.0040778896445687442 -0.42013237552934868
1792 0.90622974827064973 -0.0043937270047407686 -0.42276274494368898
1793 0.88742483676244377 0.0045319496040556462 -0.46093016882163007
1794 0.88783310981479724 0.0042185156408363379 -0.46014625201382903
1795 0.88802443338323178 0.0038245977589449576 -0.45978035861308014
1796 0.88804628215096071 0.0033375764422809572 -0.45974195081735625
1797 0.8879534256121081 0.0027487744374997268 -0.45992516585072168
1798 0.88780626127240614 0.0020577411070336676 -0.46021278572748103
1799 0.88766502876784859 0.0012767352263184078 -0.46048796580338158
1800 0.8875799399438854 0.00043309786742461918 -0.46065351690337275
1801 0.88757993990452211 -0.0004330978673077455 -0.46065351697921775
1802 0.88766502884659781 -0.0012767352270074779 -0.4604879656515779
1803 0.88780626118751482 -0.0020577411578121142 -0.46021278589101999
1804 0.88795342548823497 -0.0027487743376300717 -0.45992516609047412
1805 0.88804628215096071 -0.0033375764422809572 -0.45974195081735625
1806 0.88802443321972924 -0.0038245977582407743 -0.45978035892887648
1807 0.88783310981479724 -0.0042185156408363379 -0.46014625201382903
1808 0.88742483676244377 -0.0045319496040556462 -0.46093016882163007
1809 0.87327503388662719 0.0047304273351577372 -0.48720461640622498
1810 0.87158661321611641 0.0044406701252152304 -0.49022143579335559
1811 0.86974337747367503 0.0040599307871705386 -0.49348756245997499
1812 0.86784650849078948 0.0035715387744033843 -0.49681956665486615
1813 0.86602869411362138 0.0029630357066971194 -0.49998552118162021
1814 0.86444852386733972 0.0022317465961533556 -0.50271639011544866
1815 0.86327217500890197 0.0013908589248369785 -0.50473678027943558
1816 0.86264226113070175 0.0004729180454828612 -0.50581429958022384
1817 0.86264226113070663 -0.00047291803330148886 -0.50581429958022672
1818 0.86327217509387999 -0.0013908589249738907 -0.5047367801340934
1819 0.86444852371929437 -0.0022317465972834746 -0.5027163903700157
1820 0.86602869411362138 -0.0029630357066971194 -0.49998552118162021
1821 0.86784650857527867 -0.0035715387747510914 -0.49681956650727743
1822 0.86974337754727915 -0.004059930592992889 -0.49348756233184954
1823 0.87158661313205099 -0.0044406701247869237 -0.49022143594282319
1824 0.87327503384550731 -0.0047304271378126985 -0.4872046164818451
1825 0.85902711288559752 0.0049084120739198833 -0.51190656063225803
1826 0.85501305820148921 0.0046401848640589497 -0.5185857103597864
1827 0.85087367845204531 0.0042719008929033566 -0.52535296152229571
1828 0.84677942850324761 0.0037830968602513074 -0.53193071695650296
1829 0.84296214541934478 0.0031576241442155509 -0.53796361475454768
1830 0.83970508853268067 0.0023904386734050808 -0.54303742973691183
1831 0.83730913110857097 0.0014952871182933067 -0.54672770469278742
1832 0.83603461608811347 0.00050942311691006589 -0.54867646312785157
1833 0.8360346161179526 -0.00050942311704356706 -0.54867646308238471
1834 0.837309131051863 -0.0014952871659092081 -0.54672770477950483
1835 0.83970508844603975 -0.0023904386731584347 -0.54303742987088699
1836 0.84296214546257919 -0.0031576241443775016 -0.53796361468680032
1837 0.84677942850294097 -0.0037830969559862495 -0.53193071695631045
1838 0.85087367845204531 -0.0042719008929033566 -0.52535296152229571
1839 0.85501305811581807 -0.00464018486359401 -0.51858571050103985
1840 0.85902711297995138 -0.0049084118792700323 -0.51190656047578975
1841 0.8446823409326415 0.0050683680194052796 -0.53524392062140502
1842 0.83813805864937718 0.0048191727194625781 -0.54543686180689421
1843 0.83147013644006174 0.0044620082684495186 -0.55555153018469627
1844 0.82493347964151165 0.0039730011749283412 -0.56521586091352016
1845 0.81887850913568294 0.003332590019900683 -0.57395721192392102
1846 0.81373586159383804 0.0025334181597620299 -0.5812293259536736
1847 0.80996436388502613 0.0015895472169596991 -0.58647694121420479
1848 0.80796164182931873 0.00054240926868059751 -0.58923483529460219
1849 0.80796164178570118 -0.00054240925719770941 -0.58923483535442134
1850 0.80996436379771841 -0.0015895472627062443 -0.58647694133465889
1851 0.81373586159383804 -0.0025334181597620299 -0.5812293259536736
1852 0.81887850913568294 -0.003332590019900683 -0.57395721192392102
1853 0.82493347959826946 -0.0039730010813220709 -0.56521586097729015
1854 0.83147013639659983 -0.0044620082682162842 -0.55555153024974568
1855 0.83813805867964219 -0.0048191727207267604 -0.54543686176037676
1856 0.84468234104127338 -0.0050683682087689095 -0.5352439204481767
1857 0.83023986209357759 0.0052122587096171177 -0.55738191910931334
1858 0.82097997193454386 0.0049793383976049869 -0.57093527818087908
1859 0.81157525908495587 0.0046314753044121495 -0.58422953389715881
1860 0.8023804343782226 0.0041418636440059874 -0.59679852839343472
1861 0.79388260080329554 0.0034879618055106022 -0.60806105800670907
1862 0.78667887490494937 0.0026603312315689499 -0.61735668006106592
1863 0.78140358233507223 0.0016732225854596107 -0.62402375102242358
1864 0.77860495784960471 0.00057169661307473227 -0.6275141375100628
1865 0.77860495784960471 -0.00057169661307473227 -0.6275141375100628
1866 0.78140358233507223 -0.0016732225854596107 -0.62402375102242358
1867 0.78667887499774036 -0.0026603312306745486 -0.61735667994282906
1868 0.79388260080329554 -0.0034879618055106022 -0.60806105800670907
1869 0.8023804342486115 -0.0041418636452153091 -0.59679852856768523
1870 0.81157525908426476 -0.0046314754883040781 -0.58422953389666132
1871 0.82097997199514738 -0.0049793383968450185 -0.57093527809374045
1872 0.83023986205091538 -0.0052122585214539885 -0.55738191917461977
1873 0.81569701735712796 0.0053416757436785447 -0.57845470209423888
1874 0.80355105885008582 0.0051220762295156007 -0.5952137936540155
1875 0.79122082039532859 0.0047813049614370221 -0.61151185801733143
1876 0.77917671119874132 0.0042901789015594395 -0.62678963543640853
1877 0.76805966158243466 0.0036237398693137446 -0.64036803852100188
1878 0.75864910499788241 0.0027708514027365806 -0.65149355934530628
1879 0.75176696001392285 0.0017459365939728891 -0.65942656113993081
1880 0.74811935631385562 0.00059712299311772354 -0.6635639171569484
1881 0.74811935607924684 -0.0005971230144977259 -0.66356391742143317
1882 0.75176696009875732 -0.0017459365941699123 -0.65942656104321618
1883 0.75864910491276627 -0.0027708513161367409 -0.65149355944479037
1884 0.76805966148218996 -0.0036237398704880154 -0.64036803864122938
1885 0.779176711145534 -0.0042901790801419936 -0.62678963550132949
1886 0.79122082017490758 -0.0047813047827780794 -0.61151185830392585
1887 0.80355105872101995 -0.0051220762310149152 -0.59521379382824413
1888 0.81569701731434541 -0.0053416755586439008 -0.57845470215627659
1889 0.80104954834244779 0.0054579300511650051 -0.5985731635313406
1890 0.78585826090190458 0.0052485376361215601 -0.61838438420202402
1891 0.77042890195554681 0.0049123195040940183 -0.63750700086246914
1892 0.7553642043287675 0.0044183340698134375 -0.65529031516024672
1893 0.74147543166845065 0.0037398829708257405 -0.67096959506929166
1894 0.72973736856319904 0.0028646556362750971 -0.68372155638866861
1895 0.72116679950398854 0.0018073320065870445 -0.69275910737008128
1896 0.71662966963757424 0.00061853613504325906 -0.69745360706515158
1897 0.71662966971930631 -0.00061853613511380343 -0.69745360698117242
1898 0.7211667995656198 -0.0018073320067415 -0.69275910730592227
1899 0.72973736860468541 -0.0028646556364379555 -0.68372155634438936
1900 0.74147543158447438 -0.0037398829704021774 -0.67096959516209476
1901 0.75536420443561214 -0.0044183338986808485 -0.65529031503823909
1902 0.77042890190507551 -0.0049123193265561468 -0.63750700092483192
1903 0.78585826090190458 -0.0052485376361215601 -0.61838438420202402
1904 0.80104954832147524 -0.0054579298694406456 -0.59857316356106449
1905 0.78629171679936116 0.0055621143319789434 -0.61783039661129624
1906 0.7679037039459381 0.0053596815055333988 -0.64054287544259547
1907 0.74921253420391798 0.0050251886198109811 -0.66231059637535483
1908 0.73097068731423454 0.0045266109596972274 -0.68239384821419313
1909 0.71417589235111911 0.0038362915269982262 -0.69995576835383144
1910 0.70000909416543922 0.0029413975357871465 -0.71412787108907727
1911 0.68968531099035302 0.0018570467219184131 -0.72410684514207746
1912 0.68422792147425027 0.00063578374384769298 -0.72926795298714331
1913 0.68422792180707903 -0.00063578374357545014 -0.72926795267487043
1914 0.68968531076598238 -0.001857046761566622 -0.72410684535568071
1915 0.70000909406896639 -0.0029413974541318603 -0.71412787118397913
1916 0.71417589235111911 -0.0038362915269982262 -0.69995576835383144
1917 0.73097068731478532 -0.0045266107932598844 -0.68239384821470728
1918 0.74921253416164968 -0.0050251886195274752 -0.66231059642317147
1919 0.76790370388231977 -0.00535968133069237 -0.64054287552032629
1920 0.78629171680014109 -0.0055621141536087359 -0.61783039661190908
1921 0.89927006704581525 -0.0046018634069485099 -0.43736960270302172
1922 0.92205930414303194 -0.0043825388613078255 -0.38702381450809581
1923 0.94263514249170199 -0.0040536068842386931 -0.33380017437214865
1924 0.96063417736300671 -0.0035980607527610385 -0.27779314469748673
1925 0.97567426558938564 -0.0030045147023129151 -0.2192046996713726
1926 0.9873771239175676 -0.0022728835764580348 -0.15837060700938299
1927 0.99540179138308227 -0.0014201855011318207 -0.095777120360204249
1928 0.99948597353595714 -0.00048346593106214723 -0.032055498211279107
1929 0.99948597353600022 0.00048346593104188284 0.032055498209935508
1930 0.99540179136152407 0.0014201857239238779 0.095777120580952738
1931 0.98737712388159582 0.0022728835765025101 0.15837060723365229
1932 0.97567426558938564 0.0030045147023129151 0.2192046996713726
1933 0.96063417738722423 0.0035980609672585828 0.27779314461096222
1934 0.94263514251530989 0.0040536068834292061 0.3338001743054903
1935 0.92205930424733151 0.0043825390683271143 0.38702381425726462
1936 0.89927006700787937 0.0046018632051164346 0.43736960278314441
1937 0.88641244552697673 -0.0048102397377468688 -0.46287129745594513
1938 0.91013750893347511 -0.0046375309998873048 -0.4142803496891852
1939 0.93238088080207038 -0.0043447554507528253 -0.36145126395522365
1940 0.95260092806178476 -0.0039060827686679565 -0.30419765675170884
1941 0.97013900820285592 -0.0033010421208644514 -0.24252712814053448
1942 0.98425267013747719 -0.0025229615096724095 -0.17674930266472766
1943 0.99419616551434797 -0.0015884178359421262 -0.10757072745568599
1944 0.99934718969942826 -0.00054291995994207971 -0.036123395158427968
1945 0.99934718969942826 0.00054291995994207971 0.036123395158427968
1946 0.99419616551499257 0.0015884178358541771 0.1075707274497299
1947 0.98425267009908457 0.0025229615095739965 0.17674930287852281
1948 0.97013900816443688 0.0033010421199928725 0.24252712829422773
1949 0.95260092798906171 0.0039060829828414917 0.30419765697669277
1950 0.93238088080291992 0.004344755241003289 0.36145126395555299
1951 0.91013750904943203 0.0046375310004781543 0.41428034943443132
1952 0.88641244540391539 0.0048102397370790593 0.46287129769161767
1953 0.87341211340449365 -0.0049980640731862799 -0.48695615769165101
1954 0.89779493394515797 -0.0048713819469245953 -0.44038679160521665
1955 0.92150300342224256 -0.0046170747920710794 -0.38834378751841869
1956 0.94387112440417076 -0.0042002209322364549 -0.33028723659888354
1957 0.96398662542292124 -0.0035899786831242149 -0.26592648995311324
1958 0.98071218284969031 -0.0027710085296084176 -0.19543780576419861
1959 0.99281040631257678 -0.0017575284502964221 -0.11968461977715586
1960 0.99918645410782658 -0.0006031165521378309 -0.040324510881753615
1961 0.99918645410784934 0.0006031165521293931 0.040324510881189463
1962 0.99281040628691519 0.0017575284501524454 0.11968461999002836
1963 0.98071218285389472 0.0027710085293093292 0.19543780574310407
1964 0.9639866254784375 0.0035899786833309627 0.265926489751863
1965 0.94387112440417076 0.0042002209322364549 0.33028723659888354
1966 0.92150300338599589 0.0046170745843806208 0.38834378760689786
1967 0.89779493406521282 0.0048713819475760048 0.44038679136045961
1968 0.8734121134512578 0.0049980640723254685 0.48695615760778305
1969 0.86026841965288636 -0.0051677616288799385 -0.50981520219357168
1970 0.88503728463183673 -0.0050859444346611727 -0.46549236081885675
1971 0.90999614475773039 -0.0048715892516338699 -0.41458808972790206
1972 0.93441842952228427 -0.0044807251870963086 -0.35614901610267818
1973 0.95717477204544987 -0.0038711458061540401 -0.28948483550937282
1974 0.97671525174177087 -0.0030168201582403656 -0.21451856752072024
1975 0.99122301455141182 -0.0019274672400965353 -0.13218630902498973
1976 0.99900087793328507 -0.00066406886671739628 -0.044685622979496853
1977 0.99900087793328507 0.00066406886671739628 0.044685622979496853
1978 0.99122301453391537 0.0019274672403870672 0.13218630915618509
1979 0.976715251764113 0.0030168203777462673 0.21451856741590886
1980 0.95717477207527135 0.0038711458062746485 0.28948483541076686
1981 0.93441842953060084 0.004480725188144935 0.35614901608084498
1982 0.90999614483602353 0.0048715890469396258 0.41458808955845855
1983 0.88503728471626375 0.0050859444339985535 0.46549236065834348
1984 0.86026841969551249 0.0051677616291359993 0.50981520212164155
1985 0.84697894622858794 -0.0053212624189672205 -0.5315998013654436
1986 0.87186564423218527 -0.0052826801169059785 -0.48971664429379885
1987 0.8978486549839495 -0.0051090379217699376 -0.44027456260273157
1988 0.9242083389148158 -0.0047476361566455832 -0.38185914449079394
1989 0.94965101852455802 -0.0041442069704957984 -0.31328225063647519
1990 0.97221180408034924 -0.0032600953777655508 -0.23408028491302016
1991 0.98940702113024537 -0.0020981492112416445 -0.14515283086478753
1992 0.99878680448726376 -0.00072578794465881556 -0.049238119521156913
1993 0.99878680447629731 0.00072578794463046541 0.049238119743612599
1994 0.98940702111427858 0.0020981492112077849 0.14515283097362286
1995 0.97221180410522812 0.0032600953778489762 0.23408028480968807
1996 0.94965101851406586 0.0041442069709164532 0.3132822506682747
1997 0.9242083388476906 0.0047476361573706456 0.38185914465324705
1998 0.89784865502398659 0.0051090379219977614 0.44027456252108194
1999 0.87186564418585766 0.005282679920885225 0.4897166443783923
2000 0.84697894631568915 0.0053212622279828689 0.53159980122858042
2001 0.8335397328668388 -0.0054601293797128542 -0.55243253046814322
2002 0.85827701816971169 -0.0054627536072488093 -0.51315759607038336
2003 0.88504283689607532 -0.0053299328651547542 -0.46547907436811825
2004 0.91319762812507432 -0.005000809464580069 -0.40748629902296984
2005 0.94135123380306318 -0.0044086696297813213 -0.33739949355259219
2006 0.96713987394382572 -0.0035004305707827085 -0.2542207922529946
2007 0.98732844871063796 -0.0022694583268024668 -0.15867382873539043
2008 0.99853957223494327 -0.00078828521567072369 -0.05401945285982785
2009 0.99853957222853362 0.0007882856647647515 0.054019452971755873
2010 0.98732844867863778 0.0022694583264736392 0.15867382893451232
2011 0.96713987399031964 0.0035004305713449966 0.25422079207610793
2012 0.94135123373393281 0.0044086700536867625 0.337399493739929
2013 0.91319762809086569 0.0050008094655207653 0.40748629909962159
2014 0.88504283681373919 0.0053299328646589069 0.46547907452467446
2015 0.85827701819482594 0.0054627536037037804 0.51315759602841671
2016 0.83353973301127582 0.0054601293794233167 0.55243253025021144
2017 0.81994540924796733 -0.0055856477282975317 -0.57241447080995322
2018 0.84426463546620534 -0.0056270984827962627 -0.53589696870180226
2019 0.87155488151277904 -0.0055345976240649903 -0.49026672000084337
2020 0.90133340697395925 -0.0052399277079897737 -0.43309425374891569
2021 0.93219735561945927 -0.0046638782804608809 -0.36192034816444429
2022 0.96142255219816841 -0.0037373072705642893 -0.27505037476637872
2023 0.98494415906863786 -0.0024412455048935834 -0.17285555772655539
2024 0.99825317746597497 -0.00085157664864987572 -0.059075108940197886
2025 0.99825317744033348 0.00085157574974659047 0.059075109386446903
2026 0.98494415907467581 0.0024412450608915946 0.17285555769842068
2027 0.96142255216952244 0.0037373072704529348 0.2750503748665114
2028 0.93219735564700512 0.0046638782795467354 0.36192034809350593
2029 0.90133340709120013 0.0052399281156889424 0.43309425349998715
2030 0.87155488145059867 0.0055345974266767326 0.49026672011361078
2031 0.84426463560749598 0.0056270984824647978 0.53589696847921298
2032 0.81994540923521098 0.0055856477307406997 0.57241447082820207
2033 0.80618925702950783 -0.0056988863113607829 -0.59163029380265875
2034 0.82981806410767855 -0.005776463798795756 -0.5580041334493554
2035 0.85735453629300495 -0.0057231923185718766 -0.51469451538508837
2036 0.88855173489589279 -0.005464503400124724 -0.45874388673429645
2037 0.92209436782275556 -0.0049089912239172785 -0.38693394608733428
2038 0.95496378317552022 -0.0039700673288405658 -0.29669582300481162
2039 0.98219878989430287 -0.0026133192803931451 -0.18782626997442511
2040 0.9979197832813731 -0.00091568238467543866 -0.064461365649727861
2041 0.99791978329222197 0.00091568238468539359 0.064461365481774821
2042 0.9821987899045147 0.0026133192804203152 0.1878262699210248
2043 0.95496378314130081 0.0039700677581957456 0.29669582310920761
2044 0.92209436774439479 0.0049089908060102969 0.38693394627937622
2045 0.88855173504109086 0.0054645029993867387 0.45874388645783259
2046 0.85735453614132051 0.0057231927054763928 0.51469451563345536
2047 0.82981806415208414 0.0057764636111961682 0.55800413338526123
2048 0.80618925700855959 0.0056988861284930446 0.5916302938329655
2049 0.88742483676244377 0.0045319496040556462 0.46093016882163007
2050 0.88783310981479724 0.0042185156408363379 0.46014625201382903
2051 0.88802443338614079 0.0038245977572327998 0.45978035860747568
2052 0.88804628210863779 0.0033375764428744156 0.45974195089910352
2053 0.88795342544882272 0.002748774336888284 0.45992516616657009
2054 0.88780626127231477 0.0020577411570806736 0.46021278572743368
2055 0.8876650288072232 0.001276735226662943 0.46048796572747974
2056 0.88757994011066854 0.00043309786731066916 0.46065351658201792
2057 0.88757993990452211 -0.0004330978673077455 0.46065351697921775
2058 0.88766502897086375 -0.0012767352268983083 0.46048796541203557
2059 0.88780626131179941 -0.0020577411075889665 0.46021278565148455
2060 0.88795342544563804 -0.0027487744382239613 0.45992516617211254
2061 0.88804628202689051 -0.0033375764425671818 0.45974195105701038
2062 0.8880244333014804 -0.0038245977585928655 0.45978035877097823
2063 0.88783310989658371 -0.0042185156412249446 0.46014625185602159
2064 0.88742483680337414 -0.0045319496042646717 0.460930168742825
2065 0.87327503383983218 0.0047304273359720424 0.48720461649009333
2066 0.87158661317408359 0.0044406701250010771 0.49022143586808936
2067 0.86974337751082376 0.0040599305919061411 0.49348756239610897
2068 0.86784650857527867 0.0035715387747510914 0.49681956650727743
2069 0.866028694234102 0.0029630357077784996 0.49998552097292825
2070 0.86444852386733972 0.0022317465961533556 0.50271639011544866
2071 0.86327217509393861 0.0013908588762172067 0.50473678013412759
2072 0.86264226114538944 0.00047291804527721483 0.50581429955517476
2073 0.86264226126560994 -0.00047291804544997138 0.50581429935014433
2074 0.86327217509387999 -0.0013908589249738907 0.5047367801340934
2075 0.86444852381789705 -0.00223174664534545 0.5027163902002495
2076 0.86602869419830897 -0.0029630357069868698 0.49998552103493044
2077 0.86784650857527867 -0.0035715387747510914 0.49681956650727743
2078 0.86974337747436836 -0.0040599305908193941 0.4934875624603684
2079 0.87158661316883024 -0.0044406701259767376 0.49022143587742106
2080 0.87327503388662719 -0.0047304273351577372 0.48720461640622498
2081 0.8590271130299959 0.0049084120725270495 0.51190656038995697
2082 0.85501305815029005 0.0046401846716146548 0.51858571044592239
2083 0.85087367849573181 0.0042719007007886618 0.52535296145310195
2084 0.84677942841700304 0.0037830968598659988 0.53193071709379847
2085 0.84296214556099891 0.0031576241440319144 0.53796361453258379
2086 0.83970508844603975 0.0023904386731584347 0.54303742987088699
2087 0.83730913090845838 0.0014952871659915528 0.54672770499912782
2088 0.83603461617492703 0.00050942311696296422 0.54867646299557105
2089 0.8360346160013048 -0.00050942310502873327 0.54867646326013542
2090 0.83730913099521442 -0.001495287166146484 0.54672770486626099
2091 0.83970508858871251 -0.0023904386730236892 0.54303742965027091
2092 0.84296214541934478 -0.0031576241442155509 0.53796361475454768
2093 0.84677942842775389 -0.003783096954794913 0.53193071707600881
2094 0.85087367843184647 -0.0042719008947332132 0.52535296155499511
2095 0.85501305819312556 -0.0046401846718471251 0.51858571037529566
2096 0.85902711297913303 -0.0049084120733453801 0.51190656047530203
2097 0.84468234090101124 0.0050683680180694021 0.53524392067133386
2098 0.83813805849398515 0.004819172531151111 0.5454368620473391
2099 0.83147013644006174 0.0044620082684495186 0.55555153018469627
2100 0.82493347952246088 0.0039730010827562397 0.56521586108792299
2101 0.81887850901369763 0.0033325899281515278 0.57395721209849282
2102 0.81373586155021793 0.0025334181596262267 0.58122932601474364
2103 0.80996436384134285 0.0015895472627918568 0.58647694127441052
2104 0.80796164182931873 0.00054240926868059751 0.58923483529460219
2105 0.80796164187293629 -0.00054240928016348561 0.58923483523478293
2106 0.80996436371505143 -0.0015895472173470325 0.58647694144895057
2107 0.81373586146920873 -0.0025334181605225444 0.58122932612815459
2108 0.81887850913568294 -0.003332590019900683 0.57395721192392102
2109 0.82493347953828489 -0.003973001175330824 0.56521586106417698
2110 0.83147013648352364 -0.0044620082686827522 0.55555153011964664
2111 0.83813805856270207 -0.0048191727189642085 0.54543686194008678
2112 0.84468234108526874 -0.0050683680180289214 0.53524392038055291
2113 0.83023986200662703 0.005212258709071241 0.5573819192388344
2114 0.82097997208228601 0.0049793383973735237 0.57093527796843424
2115 0.81157525912786133 0.0046314754885528739 0.58422953383609733
2116 0.80238043433573658 0.0041418636456650466 0.59679852845054437
2117 0.79388260080329554 0.0034879618055106022 0.60806105800670907
2118 0.78667887481819287 0.0026603312312755635 0.6173566801716186
2119 0.78140358246486541 0.0016732226301207187 0.62402375085977646
2120 0.77860495771025851 0.00057169659111362887 0.62751413768298026
2121 0.77860495776315974 -0.00057169659089261957 0.62751413761734187
2122 0.78140358237829788 -0.0016732226299353511 0.62402375096817686
2123 0.78667887504111877 -0.0026603312308212425 0.61735667988755283
2124 0.79388260080304629 -0.0034879618955839932 0.60806105800651811
2125 0.80238043446534768 -0.0041418636444557249 0.59679852827629387
2126 0.81157525908495587 -0.0046314753044121495 0.58422953389715881
2127 0.82097997208228601 -0.0049793383973735237 0.57093527796843424
2128 0.83023986199253597 -0.0052122585222670915 0.55738191926157032
2129 0.81569701735712796 0.0053416757436785447 0.57845470209423888
2130 0.80355105885008582 0.0051220762295156007 0.5952137936540155
2131 0.79122082017422857 0.0047813049622703 0.61151185830340105
2132 0.77917671119815002 0.0042901790784833629 0.6267896354359328
2133 0.76805966158243466 0.0036237398693137446 0.64036803852100188
2134 0.75864910495523363 0.0027708514025808124 0.65149355939497045
2135 0.75176696016275224 0.0017459365935236636 0.65942656097026175
2136 0.74811935631385562 0.00059712299311772354 0.6635639171569484
2137 0.74811935592922918 -0.00059712299335463754 0.66356391759058597
2138 0.75176696009875732 -0.0017459365941699123 0.65942656104321618
2139 0.75864910514438433 -0.0027708514020110273 0.6514935591747113
2140 0.76805966162536421 -0.0036237398695162884 0.64036803846951085
2141 0.77917671110233022 -0.0042901790799041118 0.62678963555503875
2142 0.79122082026107632 -0.0047813049627951163 0.61151185819102682
2143 0.80355105885083544 -0.0051220760473813 0.59521379365457072
2144 0.81569701720893184 -0.0053416755591634739 0.5784547023049188
2145 0.80104954834165387 0.0054579302327410588 0.5985731635307473
2146 0.78585826101021505 0.0052485376368449363 0.61838438406437413
2147 0.77042890207630188 0.0049123195026325294 0.63750700071654742
2148 0.75536420437184926 0.0044183338983078821 0.65529031511174207
2149 0.74147543182067177 0.0037398828854936926 0.67096959490155073
2150 0.72973736862542871 0.0028646556365193852 0.68372155632224985
2151 0.7211667994012162 0.0018073320474503299 0.69275910747696157
2152 0.71662966971930631 0.00061853613511380343 0.69745360698117242
2153 0.71662966976018139 -0.00061853611470855227 0.69745360693919156
2154 0.72116679948339124 -0.0018073320476562705 0.69275910739141622
2155 0.729737368459483 -0.0028646556358679492 0.68372155649936672
2156 0.74147543179944364 -0.0037398829697837068 0.67096959492453978
2157 0.7553642044137846 -0.0044183340703107263 0.65529031506224278
2158 0.77042890181846879 -0.0049123195009885641 0.63750700102815205
2159 0.78585826090190458 -0.0052485376361215601 0.61838438420202402
2160 0.80104954840727671 -0.0054579300491323143 0.59857316344460076
2161 0.78629171668483633 0.0055621143336924191 0.61783039675703233
2162 0.76790370398182961 0.0053596815033494566 0.64054287539958576
2163 0.74921253422505218 0.0050251886199527349 0.66231059635144662
2164 0.73097068731478532 0.0045266107932598844 0.68239384821470728
2165 0.71417589231086398 0.0038362913639414169 0.69995576839579809
2166 0.70000909428866454 0.0029413974550550189 0.71412787096862063
2167 0.68968531099030261 0.0018570467613218424 0.7241068451420245
2168 0.68422792169921587 0.0006357837437659772 0.72926795277607182
2169 0.68422792166018176 -0.00063578374372970673 0.72926795281269519
2170 0.68968531101788955 -0.0018570467211437734 0.72410684511585199
2171 0.70000909429188996 -0.002941397453725516 0.71412787096546448
2172 0.71417589211014809 -0.0038362915274532581 0.69995576859969555
2173 0.73097068731423454 -0.0045266109596972274 0.68239384821419313
2174 0.74921253414115696 -0.0050251884490258155 0.66231059644764678
2175 0.76790370406832897 -0.0053596813295561938 0.64054287529734177
2176 0.78629171682180465 -0.0055621141537619814 0.61783039658433725
2177 0.8992700670867555 -0.0046018634081951707 0.43736960261883157
2178 0.92205930414303194 -0.0043825388613078255 0.38702381450809581
2179 0.94263514249089242 -0.0040536070960830815 0.33380017437186199
2180 0.96063417732136402 -0.0035980609674157028 0.27779314483871109
2181 0.97567426554260128 -0.0030045147021688463 0.2192046998796103
2182 0.9873771239175676 -0.0022728835764580348 0.15837060700938299
2183 0.99540179136203533 -0.0014201857238451293 0.095777120575641944
2184 0.99948597353595714 -0.00048346593106214723 0.032055498211279107
2185 0.99948597353600022 0.00048346593104188284 -0.032055498209935508
2186 0.99540179136183915 0.0014201855011015121 -0.095777120580983047
2187 0.98737712395264854 0.0022728833553684455 -0.15837060679383946
2188 0.97567426554260128 0.0030045147021688463 -0.2192046998796103
2189 0.96063417744550883 0.0035980607518586519 -0.27779314441219854
2190 0.94263514255755088 0.0040536070963697324 -0.33380017418361879
2191 0.92205930414303194 0.0043825388613078255 -0.38702381450809581
2192 0.89927006704689805 0.0046018634079912062 -0.43736960270078401
2193 0.88641244544493591 -0.0048102397373016624 0.46287129761306017
2194 0.91013750897212742 -0.0046375310000842549 0.41428034960426724
2195 0.93238088080207038 -0.0043447554507528253 0.36145126395522365
2196 0.95260092799896623 -0.0039060829824432907 0.30419765694568168
2197 0.97013900815872944 -0.0033010419026158512 0.24252712832001608
2198 0.98425267009563655 -0.0025229615098480082 0.17674930289771904
2199 0.99419616551434797 -0.0015884178359421262 0.10757072745568599
2200 0.9993471896913475 -0.00054291995993768956 0.036123395381980235
2201 0.9993471896994649 0.00054291995992689849 -0.03612339515741788
2202 0.99419616549116818 0.0015884178358161131 -0.10757072766992146
2203 0.98425267013747719 0.0025229615096724095 -0.17674930266472766
2204 0.97013900826118593 0.0033010419029644742 -0.24252712791017333
2205 0.95260092797915719 0.003906082983239694 -0.3041976570077039
2206 0.93238088080207038 0.0043447554507528253 -0.36145126395522365
2207 0.91013750889482281 0.0046375309996903556 -0.41428034977410322
2208 0.88641244540391539 0.0048102397370790593 -0.46287129769161767
2209 0.87341211348836156 -0.0049980640736662111 0.48695615754121918
2210 0.89779493398606169 -0.0048713817447156122 0.44038679152406529
2211 0.92150300345354164 -0.0046170747911882023 0.38834378744415959
2212 0.94387112431482978 -0.0042002209327835502 0.33028723685418881
2213 0.96398662543058011 -0.0035899786827494826 0.26592648992535511
2214 0.98071218289608375 -0.0027710085294285346 0.19543780553139672
2215 0.99281040628652661 -0.0017575286728288017 0.11968461998998152
2216 0.99918645410782658 -0.0006031165521378309 0.040324510881753615
2217 0.99918645410782658 0.0006031165521378309 -0.040324510881753615
2218 0.99281040628652661 0.0017575286728288017 -0.11968461998998152
2219 0.9807121828117058 0.0027710085291901242 -0.19543780595481144
2220 0.96398662543058011 0.0035899786827494826 -0.26592648992535511
2221 0.94387112431398823 0.00420022114506382 -0.33028723685389433
2222 0.92150300342312541 0.0046170745845666534 -0.38834378751879073
2223 0.89779493390589371 0.004871381947809927 -0.44038679168525319
2224 0.87341211344642766 0.0049980640734262451 -0.48695615761643513
2225 0.86026841969551249 -0.0051677616291359993 0.50981520212164155
2226 0.88503728467512088 -0.0050859444337621219 0.46549236073657091
2227 0.90999614479985391 -0.0048715892529574327 0.4145880896354282
2228 0.93441842949559661 -0.0044807251879770832 0.35614901617268624
2229 0.95717477212313451 -0.0038711458055976774 0.28948483525251784
2230 0.97671525175970952 -0.0030168201586346648 0.21451856743903944
2231 0.99122301455238415 -0.0019274672399902414 0.13218630901770007
2232 0.99900087794323789 -0.00066406886674264171 0.044685622756991651
2233 0.99900087793328507 0.00066406886671739628 -0.044685622979496853
2234 0.99122301455141182 0.0019274672400965353 -0.13218630902498973
2235 0.97671525173672091 0.0030168201585636591 -0.21451856754370885
2236 0.95717477207606894 0.0038711455910277518 -0.28948483541100806
2237 0.93441842953060084 0.004480725188144935 -0.35614901608084498
2238 0.90999614487380631 0.004871589252255273 -0.41458808947311543
2239 0.88503728471412257 0.0050859444351340358 -0.46549236066240196
2240 0.86026841969464829 0.005167761823513529 -0.50981520212112941
2241 0.84697894622858794 -0.0053212624189672205 0.5315998013654436
2242 0.87186564420052826 -0.0052826801143277084 0.48971664435018719
2243 0.89784865498471556 -0.0051090379229269548 0.44027456260115577
2244 0.92420833887897846 -0.0047476359481907439 0.38185914458012221
2245 0.94965101855635747 -0.0041442069706345694 0.3132822505400798
2246 0.97221180405547003 -0.0032600953776821236 0.23408028501635217
2247 0.98940702111427858 -0.0020981492112077849 0.14515283097362286
2248 0.9987868044817465 -0.00072578794465480629 0.049238119633074416
2249 0.99878680448167845 0.00072578794467513812 -0.049238119634453743
2250 0.98940702110065448 0.0020981492109431285 -0.14515283106649135
2251 0.97221180402459961 0.0032600953779451944 -0.23408028514456328
2252 0.94965101855719869 0.0041442067568667204 -0.31328225054035735
2253 0.92420833887806475 0.0047476361564567941 -0.38185914457974468
2254 0.89784865502398659 0.0051090379219977614 -0.44027456252108194
2255 0.87186564418585766 0.005282679920885225 -0.4897166443783923
2256 0.84697894635794468 0.005321262419779922 -0.53159980115933603
2257 0.83353973304056439 -0.0054601293808508493 0.55243253020600547
2258 0.85827701816134039 -0.0054627536084304864 0.51315759608437228
2259 0.88504283669023498 -0.0053299328639151355 0.46547907475950867
2260 0.91319762809086569 -0.0050008094655207653 0.40748629909962159
2261 0.94135123370024776 -0.0044086700535290041 0.33739949383391288
2262 0.96713987395651746 -0.0035004305716166638 0.25422079220469951
2263 0.98732844869323955 -0.002269458326762475 0.15867382884365061
2264 0.99853957222888712 -0.00078828521566594279 0.054019452971774996
2265 0.99853957223494327 0.00078828521567072369 -0.05401945285982785
2266 0.98732844869463798 0.0022694583266380532 -0.1586738288349514
2267 0.96713987397059109 0.0035004305708795824 -0.2542207921511685
2268 0.94135123373393281 0.0044086700536867625 -0.337399493739929
2269 0.91319762809086569 0.0050008094655207653 -0.40748629909962159
2270 0.88504283685799134 0.0053299326638617988 -0.4654790744428341
2271 0.85827701832210146 0.0054627537985436 -0.5131575958134692
2272 0.8335397328668388 0.0054601293797128542 -0.55243253046814322
2273 0.81994540914890313 -0.005585647544452131 0.57241447095365006
2274 0.8442646355858896 -0.0056270984823207889 0.53589696851325386
2275 0.87155488145059867 -0.0055345974266767326 0.49026672011361078
2276 0.90133340705147902 -0.0052399281154580221 0.43309425358265546
2277 0.93219735569039752 -0.0046638782808157923 0.36192034798172407
2278 0.96142255216796546 -0.0037373077037585736 0.27505037486606598
2279 0.98494415905745192 -0.0024412450607114661 0.17285555779656761
2280 0.99825317745300712 -0.00085157619923405064 0.059075109165807112
2281 0.99825317745310516 0.00085157619921017228 -0.059075109164150631
2282 0.98494415907301869 0.002441245061024925 -0.17285555770786132
2283 0.96142255222681472 0.0037373072706756451 -0.27505037466624616
2284 0.93219735561153605 0.0046638782793692801 -0.36192034818486601
2285 0.90133340721036348 0.0052399281163817016 -0.43309425325198248
2286 0.8715548814400923 0.0055345974241080972 -0.4902667201323172
2287 0.84426463556428322 0.0056270984821767799 -0.53589696854729474
2288 0.81994540930057958 0.005585647731186005 -0.57241447073456131
2289 0.80618925696554522 -0.0056988863122002667 0.59163029388980981
2290 0.82981806410857917 -0.0057764636108933246 0.55800413344996103
2291 0.85735453613463053 -0.0057231923188094148 0.51469451564889868
2292 0.88855173501867679 -0.0054645034008798327 0.45874388649646447
2293 0.92209436780418552 -0.0049089912238184175 0.38693394613158955
2294 0.95496378319492148 -0.003970067760209796 0.29669582293659341
2295 0.98219878986997311 -0.0026133192806229652 0.1878262701016491
2296 0.9979197832813731 -0.00091568238467543866 0.064461365649727861
2297 0.99791978328510622 0.00091568238465307168 -0.064461365591935355
2298 0.98219878992493803 0.0026133192804746555 -0.18782626981422418
2299 0.95496378313922647 0.0039700673282418988 -0.29669582312163661
2300 0.92209436781867515 0.0049089908064057462 -0.38693394610235538
2301 0.88855173489589279 0.005464503400124724 -0.45874388673429645
2302 0.85735453613272716 0.0057231927067137815 -0.51469451564775603
2303 0.82981806413707371 0.0057764636123997341 -0.55800413340757082
2304 0.80618925718202217 0.0056988863124388944 -0.59163029359482355
$EndElementData
$ElementData
1
"e_2"
1
0.0
3
0
3
2304
1 -0.16328553673669391 0.91070927916336408 0.37940274424199338
2 -0.14292108935423325 0.93118947280348352 0.33535015723534323
3 -0.12194243587151575 0.94958061568166274 0.2888367993441206
4 -0.10042954032208837 0.96555974638696007 0.24001725685425918
5 -0.078489770312207691 0.97881186583777169 0.18912082712254805
6 -0.056244427162036259 0.98904727251933588 0.13646265839150654
7 -0.03380963183972762 0.99602148278835501 0.08245067991805044
8 -0.011279205185322825 0.99955591967378021 0.027581569489256646
9 0.011279205021336282 0.99955591968412882 -0.027581569181283468
10 0.03380963194202026 0.99602148276771585 -0.082450680125428499
11 0.056244427162036259 0.98904727251933588 -0.13646265839150654
12 0.078489770266446421 0.97881186581385671 -0.18912082726531512
13 0.1004295403235286 0.96555974639807396 -0.24001725680894706
14 0.12194243580896932 0.94958061570082386 -0.28883679930753225
15 0.14292108906470025 0.93118947273160235 -0.33535015755833553
16 0.16328553669052112 0.91070927920470024 -0.37940274416264325
17 -0.14547932733833571 0.90745697679135962 0.39415428526133167
18 -0.12724874651398366 0.92858534795993508 0.34862158290149808
19 -0.10845554363638568 0.94760123083479242 0.30048178376554291
20 -0.089190811352031538 0.96416053059926754 0.24987891148495339
21 -0.069579273892958773 0.9779241590641865 0.19703569159706194
22 -0.049761162530956145 0.98857644209641404 0.14226891732055638
23 -0.029860490377720102 0.99584721383926023 0.086003940624745007
24 -0.0099514100362754574 0.99953627250614241 0.028778627187841438
25 0.0099514099288686535 0.999536272513325 -0.028778626975508793
26 0.029860490248142597 0.99584721387169695 -0.086003940294147152
27 0.049761162530956145 0.98857644209641404 -0.14226891732055638
28 0.069579273751782328 0.97792415902717567 -0.19703569183060571
29 0.089190811305682183 0.96416053064438445 -0.24987891132741299
30 0.10845554350470256 0.94760123091364989 -0.30048178356438732
31 0.12724874651398366 0.92858534795993508 -0.34862158290149808
32 0.14547932729138849 0.90745697683370974 -0.39415428518115725
33 -0.12600666056242743 0.90444784059058969 0.40754929167515985
34 -0.11008874101742214 0.92616485035396345 0.36069258249930675
35 -0.093662440287380785 0.94575171262856783 0.31109652093770418
36 -0.07682906561703419 0.96284524443831709 0.25889443782926508
37 -0.059736050022606436 0.97708413123825966 0.20429930203031016
38 -0.042557666480343655 0.98812784479941451 0.14762183902056009
39 -0.025445850117480628 0.99568018042513362 0.089294384036019733
40 -0.0084610505535316974 0.99951737341407765 0.029890313932002945
41 0.0084610505594327513 0.99951737341411662 -0.029890313929029223
42 0.025445850080125065 0.99568018044785656 -0.0892943837932927
43 0.042557666459146028 0.9881278447927615 -0.1476218390712038
44 0.059736049967849876 0.9770841312734132 -0.20429930187819478
45 0.076829065464712007 0.96284524448680631 -0.25889443769413339
46 0.093662440352461726 0.94575171272000791 -0.31109652064012749
47 0.11008874097547416 0.92616485040396812 -0.36069258238371127
48 0.12600666047762349 0.90444784072557305 -0.40754929140181978
49 -0.1050585661239983 0.90176488266314581 0.41926458719941051
50 -0.09163250485522402 0.92399677543075565 0.37125926661502084
51 -0.077750655520664014 0.94408584702848275 0.32040091917255697
52 -0.063516440680780689 0.96165247498222339 0.26681487800309989
53 -0.049097666705220755 0.97631601242780541 0.21070468196310302
54 -0.034718391630663779 0.9877137200418592 0.15236876492133142
55 -0.020597546235322391 0.99552453673233499 0.092231436359594132
56 -0.0068127987346529324 0.99949965469501145 0.030887311925024391
57 0.0068127987346529324 0.99949965469501145 -0.030887311925024391
58 0.020597546235322391 0.99552453673233499 -0.092231436359594132
59 0.034718391768347054 0.98771372001107549 -0.15236876508951003
60 0.049097666700295847 0.97631601242749688 -0.21070468196567976
61 0.063516440516702577 0.96165247491907424 -0.26681487826976047
62 0.077750655441028313 0.94408584700047504 -0.32040091927440845
63 0.091632504827800873 0.92399677533877866 -0.37125926685070298
64 0.1050585661239983 0.90176488266314581 -0.41926458719941051
65 -0.082892930173685916 0.89949171643205084 0.42900281374059013
66 -0.072144160549515279 0.92215188845699014 0.3800409382077311
67 -0.060992463365251375 0.94266052347869322 0.32813268183391076
68 -0.049525912561051599 0.96062452985633739 0.27340024985958949
69 -0.037911585192338039 0.97564747678362884 0.21604331221757997
70 -0.026420199412324728 0.98734847711862972 0.15634883368460331
71 -0.015392814949110722 0.99538512083450603 0.094718121123775534
72 -0.0050190512124466853 0.99948359464205305 0.031738827425208983
73 0.0050190512124466853 0.99948359464205305 -0.031738827425208983
74 0.01539281498371901 0.99538512081048314 -0.094718121370606728
75 0.026420199446147305 0.98734847716049656 -0.15634883341449685
76 0.037911585346944152 0.97564747678014108 -0.2160433122061996
77 0.049525912551841952 0.96062452986828406 -0.27340024981928107
78 0.060992463294773105 0.94266052360111119 -0.32813268149532837
79 0.072144160400601703 0.92215188851081786 -0.38004093810538958
80 0.082892930217542349 0.89949171654333371 -0.4290028134987891
81 -0.059809204575634448 0.89770667147696892 0.43651528155812735
82 -0.051930490530986466 0.92069780419724778 0.3868058653893155
83 -0.043715651930999556 0.9415317113212418 0.33407630618279655
84 -0.035217570546828336 0.95980494075607803 0.27844963355156493
85 -0.026559520356873166 0.97510896065263442 0.22012974976897548
86 -0.017998542892484905 0.987049288695375 0.15940437302565288
87 -0.010007043701093444 0.99526790477463023 0.096652246750305051
88 -0.0031044892522710302 0.99946973385310012 0.032413164888602332
89 0.003104489235831781 0.99946973385338944 -0.032413164881258359
90 0.010007043702229062 0.99526790477394211 -0.096652246757272603
91 0.017998543021443637 0.98704928865670427 -0.15940437325054446
92 0.026559520512003734 0.97510896065472041 -0.22012974974101823
93 0.035217570415560465 0.95980494068622557 -0.27844963380894616
94 0.043715651929562803 0.9415317113244307 -0.33407630617399747
95 0.051930490183521534 0.92069780433674031 -0.38680586510393627
96 0.059809204274109615 0.89770667146745042 -0.43651528161901587
97 -0.036111205692985517 0.89647612388304265 0.44161809307481331
98 -0.031288018873466918 0.91969267322904535 0.39139040187999735
99 -0.026231422038733024 0.94074867553249697 0.33808851205221213
100 -0.020956167253341203 0.95923364965400093 0.28183620141052751
101 -0.015510086091393255 0.97473076553308902 0.22284382861707383
102 -0.010024633764051327 0.98683610663308285 0.16141253161745339
103 -0.004887991654463162 0.99518138089649777 0.09792919204468982
104 -0.0011308612763969174 0.99945882565615196 0.032875172559230774
105 0.0011308612763463485 0.99945882565616906 -0.032875172558714763
106 0.0048879916830819551 0.99518138089602071 -0.097929192048110472
107 0.010024633751000021 0.98683610659411414 -0.16141253185650825
108 0.015510086088144255 0.97473076554074167 -0.22284382858382665
109 0.020956167531970351 0.95923364965802937 -0.28183620137609922
110 0.026231421997438324 0.94074867551289643 -0.33808851210995516
111 0.031288018594069475 0.91969267314784708 -0.39139040209313336
112 0.036111205692985517 0.89647612388304265 -0.44161809307481331
113 -0.012072804384168405 0.89584822028179178 0.44419614317579093
114 -0.010447021794905741 0.91917896563600998 0.39370152256237412
115 -0.0087361573797521547 0.94034770047702609 0.34010275177041049
116 -0.0069394740581568831 0.95894045871418454 0.28352255702293849
117 -0.0050600995028263311 0.97453632618492136 0.22417257713426544
118 -0.0031090786210471884 0.98672669053740703 0.16236000680963339
119 -0.0011297673314723316 0.9951374397399364 0.098489591600436799
120 0.00046117535683632836 0.99945298768107471 0.033068304048796633
121 -0.00046117535767887597 0.99945298768938529 -0.033068303797609722
122 0.0011297672979362588 0.9951374396904924 -0.098489592100404991
123 0.0031090785467237292 0.98672669053727313 -0.16236000681187071
124 0.0050600994426186537 0.97453632619129804 -0.22417257710790298
125 0.0069394742752915232 0.95894045871458156 -0.28352255701628137
126 0.0087361572629615341 0.94034770058544592 -0.34010275147364133
127 0.010447021794905741 0.91917896563600998 -0.39370152256237412
128 0.012072804384168405 0.89584822028179178 -0.44419614317579093
129 0.012072804495866705 0.89584822013852161 0.4441961434617005
130 0.010447021891672648 0.91917896554796064 0.39370152276537629
131 0.0087361573797521547 0.94034770047702609 0.34010275177041049
132 0.0069394741026368618 0.95894045871396538 0.28352255702259138
133 0.0050600994356962952 0.97453632624021735 0.22417257689539419
134 0.0031090786210471884 0.98672669053740703 0.16236000680963339
135 0.0011297673176366989 0.99513743971510593 0.098489591851485106
136 -0.00046117535769588124 0.99945298768940249 0.033068303797090012
137 0.00046117535769588124 0.99945298768940249 -0.033068303797090012
138 -0.0011297673152315972 0.99513743973995672 -0.098489591600419577
139 -0.0031090786027833765 0.98672669053404671 -0.1623600068304043
140 -0.0050600994523998209 0.97453632618468278 -0.22417257713644059
141 -0.0069394742741774006 0.95894045872470102 -0.28352255698208234
142 -0.0087361573652622333 0.94034770063646145 -0.34010275132996087
143 -0.010447021887655818 0.91917896559867995 -0.39370152264706798
144 -0.012072804588105113 0.89584822028442168 -0.4441961431649446
145 0.036111205685454402 0.8964761239314103 0.4416180929772438
146 0.031288018564632883 0.91969267327651671 0.39139040179313722
147 0.026231422021206045 0.94074867559733455 0.33808851187315808
148 0.020956167253341203 0.95923364965400093 0.28183620141052751
149 0.015510086008035551 0.9747307654713071 0.22284382889311319
150 0.010024633776483188 0.98683610655217213 0.16141253211134932
151 0.0048879916069601761 0.99518138094448227 0.097929191559430556
152 0.0011308612763969174 0.99945882565615196 0.032875172559230774
153 -0.0011308612624267673 0.99945882565613997 -0.032875172560078492
154 -0.0048879916828092158 0.99518138089601949 -0.09792919204813498
155 -0.010024633751000021 0.98683610659411414 -0.16141253185650825
156 -0.015510086041595527 0.97473076553235805 -0.22284382862373686
157 -0.020956167254513651 0.95923364965402924 -0.28183620141034371
158 -0.026231421763288798 0.94074867559119901 -0.33808851191024158
159 -0.031288018564632883 0.91969267327651671 -0.39139040179313722
160 -0.036111205704007152 0.89647612383784969 -0.44161809316565287
161 0.059809204563362722 0.89770667152431682 0.43651528146243634
162 0.051930490411720834 0.92069780428937997 0.38680586518602916
163 0.043715651750717968 0.94153171124158752 0.33407630643087788
164 0.035217570471273947 0.95980494069822442 0.27844963376053966
165 0.026559520361274735 0.97510896064641495 0.22012974979599506
166 0.017998542886198572 0.9870492887356126 0.15940437277720815
167 0.010007043713009652 0.99526790475024285 0.096652247000198713
168 0.0031044892043182335 0.99946973386121785 0.032413164642882346
169 -0.0031044892360023997 0.99946973385338989 -0.032413164881224428
170 -0.010007043742117593 0.99526790475011295 -0.096652246998523234
171 -0.017998542889900992 0.98704928869696995 -0.15940437301606991
172 -0.026559520472511429 0.97510896064103858 -0.22012974980638939
173 -0.035217570480202243 0.95980494076389966 -0.27844963353303098
174 -0.043715651928601482 0.94153171132112135 -0.33407630618344941
175 -0.051930490723124521 0.92069780424446113 -0.38680586525114041
176 -0.059809204356620689 0.89770667155334649 -0.43651528143106255
177 0.082892930239017323 0.89949171649692039 0.42900281359195452
178 0.072144160527589929 0.9221518884307589 0.38004093827554225
179 0.060992463312311729 0.94266052357330876 0.32813268157193975
180 0.049525912664659139 0.96062452985955171 0.2734002498295266
181 0.037911585397136627 0.97564747683390751 0.21604331195458387
182 0.026420199501688287 0.98734847707907936 0.15634883391926344
183 0.015392815058062321 0.9953851207873694 0.094718121601423982
184 0.0050190510885423055 0.99948359465894376 0.031738826912898976
185 -0.0050190511575864214 0.99948359465004533 -0.031738827182200294
186 -0.015392815003248444 0.99538512081108399 -0.09471812136111761
187 -0.026420199466150915 0.98734847711909723 -0.15634883367255512
188 -0.037911585405135097 0.97564747683427888 -0.21604331195150295
189 -0.049525912561599217 0.96062452984853208 -0.27340024988691486
190 -0.060992463278284482 0.94266052362724939 -0.32813268142330354
191 -0.072144160573405114 0.92215188834493678 -0.38004093847508841
192 -0.082892930231340173 0.8994917165334213 -0.42900281351690622
193 0.10505856628295741 0.90176488268721844 0.41926458710780329
194 0.091632504821489047 0.92399677537696034 0.37125926675723425
195 0.077750655504366883 0.94408584709950538 0.32040091896723777
196 0.063516440516784983 0.96165247491899131 0.26681487827004052
197 0.049097666837804706 0.97631601243839206 0.21070468188315464
198 0.034718391691743483 0.9877137200561299 0.15236876481490583
199 0.020597546153200769 0.99552453675163322 0.092231436169631489
200 0.0068127988778614451 0.99949965467953772 0.030887312394164628
201 -0.0068127987961899682 0.99949965468719326 -0.030887312164450873
202 -0.02059754617039268 0.99552453673163999 -0.092231436381595588
203 -0.034718391691743483 0.9877137200561299 -0.15236876481490583
204 -0.049097666743322117 0.97631601243789801 -0.21070468190745992
205 -0.063516440510604372 0.96165247497660411 -0.26681487806386345
206 -0.07775065561452095 0.94408584702856468 -0.32040091914953928
207 -0.091632504821489047 0.92399677537696034 -0.37125926675723425
208 -0.10505856628295741 0.90176488268721844 -0.41926458710780329
209 0.12600666086492193 0.90444784055639982 0.40754929165750992
210 0.11008874079293335 0.92616485031114815 0.3606925826777625
211 0.093662440390753207 0.94575171261508739 0.3110965209475629
212 0.076829065456030715 0.96284524450066811 0.25889443764515568
213 0.059736049939273013 0.97708413128770844 0.20429930181818245
214 0.042557666340742525 0.98812784483481386 0.14762183882385443
215 0.025445850077736525 0.99568018044777296 0.089294383794902635
216 0.0084610506215730737 0.99951737340654112 0.029890314164759544
217 -0.008461050633206537 0.99951737340663449 -0.029890314158342517
218 -0.025445850053012385 0.99568018044733153 -0.089294383806869965
219 -0.042557666393589641 0.98812784478662852 -0.14762183913115373
220 -0.05973605000165217 0.97708413128621452 -0.20429930180708783
221 -0.076829065451176209 0.96284524449797826 -0.25889443765660142
222 -0.093662440395395882 0.94575171263036428 -0.31109652089972312
223 -0.11008874076244024 0.92616485025660256 -0.36069258282712857
224 -0.1260066605743845 0.90444784059248151 -0.40754929166726472
225 0.14547932725422 0.9074569768769728 0.39415428509527195
226 0.12724874654791415 0.92858534792570857 0.34862158298027879
227 0.10845554348073996 0.9476012308437376 0.30048178379351265
228 0.089190811397564809 0.96416053062362572 0.24987891137471441
229 0.069579273687867524 0.97792415908380992 0.19703569157209078
230 0.04976116273458514 0.98857644206801154 0.14226891744669123
231 0.02986049047240092 0.99584721381948549 0.086003940820845934
232 0.009951410027026172 0.9995362725061655 0.028778627190237237
233 -0.009951410091603179 0.99953627250314248 -0.028778627272897834
234 -0.02986049023518475 0.99584721387060859 -0.08600394031124961
235 -0.049761162622253864 0.98857644210028683 -0.1422689172617119
236 -0.069579273698134908 0.97792415907823271 -0.19703569159614562
237 -0.089190811319157334 0.96416053064519314 -0.24987891131948242
238 -0.10845554360632872 0.94760123086044667 -0.30048178369548717
239 -0.12724874654791415 0.92858534792570857 -0.34862158298027879
240 -0.14547932747824513 0.90745697683244686 -0.39415428511509787
241 0.16328553661348044 0.91070927928767675 0.37940274399662405
242 0.14292108927165681 0.9311894727933081 0.33535015729879142
243 0.12194243571617967 0.94958061563381091 0.28883679956701919
244 0.10042954038850621 0.96555974634675956 0.24001725698819021
245 0.078489770360736844 0.97881186581492585 0.18912082722064849
246 0.056244427061446826 0.98904727255316094 0.13646265818780992
247 0.033809631931275008 0.99602148277948066 0.082450679987714812
248 0.011279205197259086 0.99955591967380797 0.027581569483377307
249 -0.0112792050375059 0.99955591968423829 -0.027581569170705911
250 -0.033809632020273109 0.99602148275823754 -0.082450680207841673
251 -0.056244427162036259 0.98904727251933588 -0.13646265839150654
252 -0.078489770238932291 0.97881186582984436 -0.1891208271939884
253 -0.1004295401530102 0.96555974643168119 -0.24001725674509794
254 -0.121942435743879 0.94958061563764984 -0.28883679954270242
255 -0.1429210891655093 0.93118947275034936 -0.3353501574633162
256 -0.16328553668015722 0.91070927915026689 -0.37940274429776338
257 0.1809699521537847 0.90815665064352713 0.37749354207640123
258 0.15998102520932783 0.92861999039859211 0.33477004795096499
259 0.13787346874938017 0.9472526170734572 0.28931537474268459
260 0.11466545495370259 0.9636747441975686 0.24121115404560159
261 0.090429552185001927 0.97748619794785974 0.19063900155282418
262 0.06530043002647358 0.98828996962013371 0.13790862839790907
263 0.039476009756059659 0.99572739789221032 0.083478103359786629
264 0.013209286312866317 0.99952197549168931 0.027952374931223035
265 -0.013209286375935221 0.99952197548773303 -0.02795237504289359
266 -0.039476009756059659 0.99572739789221032 -0.083478103359786629
267 -0.065300430065104345 0.98828996960406079 -0.13790862849480096
268 -0.090429552208141639 0.9774861978816346 -0.19063900188141181
269 -0.11466545495370259 0.9636747441975686 -0.24121115404560159
270 -0.13787346874938017 0.9472526170734572 -0.28931537474268459
271 -0.15998102526252536 0.92861999035614962 -0.33477004804327415
272 -0.18096995228242568 0.90815665062524786 -0.377493542058706
273 0.19967314250272408 0.89976637404835391 0.3880091600657955
274 0.17954615924257644 0.9208411667734907 0.34614263285021035
275 0.15735366635870185 0.94056825632421326 0.30095045917676122
276 0.13297356009609279 0.95844666314045179 0.2523846790720547
277 0.10639117959751353 0.9738910240305656 0.20054224047952082
278 0.07775337279716435 0.98626471678876149 0.14572687273200224
279 0.047412848537596274 0.9949472022486745 0.088499076441994382
280 0.015937460606086775 0.99943224739991798 0.029684679661039274
281 -0.015937460557606996 0.99943224740368297 -0.02968467956031208
282 -0.047412848566670752 0.99494720223640409 -0.08849907656436734
283 -0.077753372911815416 0.9862647167667361 -0.14572687281989588
284 -0.10639117971032901 0.97389102402795791 -0.20054224043233401
285 -0.13297356002526886 0.95844666318061567 -0.25238467895684447
286 -0.15735366646908069 0.94056825624682094 -0.30095045936092513
287 -0.1795461592341995 0.92084116683373451 -0.34614263269428919
288 -0.19967314250827867 0.89976637404310156 -0.38800916007511738
289 0.21768204654826062 0.8917981818231191 0.39662391444230866
290 0.19859273718214135 0.91337148973658433 0.35540603044247515
291 0.1765241193046265 0.93407646521615406 0.31038748755873047
292 0.15117798228076379 0.95331251397696137 0.26142009939643734
293 0.12241199627128735 0.97032405135695743 0.20853426223788527
294 0.090350713968796764 0.98423785433682398 0.15202826900209537
295 0.055487324711641924 0.99416143080014285 0.092542997064917032
296 0.018721235647447973 0.99934157508849886 0.031079440720046387
297 -0.01872123589418968 0.9993415750727932 -0.031079441076421258
298 -0.055487324791662122 0.99416143078322161 -0.092542997198720958
299 -0.090350714011244754 0.98423785431517574 -0.15202826911702047
300 -0.12241199619289922 0.97032405141416778 -0.20853426201769631
301 -0.15117798228188564 0.9533125139934322 -0.26142009933572402
302 -0.17652411904742224 0.93407646529861088 -0.31038748745686379
303 -0.19859273719733286 0.91337148972720617 -0.35540603045808761
304 -0.21768204644934133 0.89179818176391135 -0.39662391462972629
305 0.23503487180032248 0.88422019284421438 0.40362514738844751
306 0.2171036717608493 0.90620565713717738 0.3628461143247011
307 0.19531010519107367 0.92779373662953946 0.3178879442213069
308 0.16915556815237817 0.94830101056870042 0.26853600711529857
309 0.13834218639620663 0.9668148149607072 0.21478024358774428
310 0.10294768534367019 0.98223055535761206 0.15692326215146599
311 0.063594248057687264 0.99337948373924201 0.095671170683411147
312 0.021522110578482728 0.99925111394109778 0.032156026553707424
313 -0.021522110446735826 0.9992511139490643 -0.032156026394331808
314 -0.063594248057687264 0.99337948373924201 -0.095671170683411147
315 -0.10294768524220219 0.98223055538423254 -0.156923262051408
316 -0.13834218621902131 0.96681481499551047 -0.21478024354520739
317 -0.16915556812729962 0.94830101058291905 -0.26853600708088488
318 -0.19531010521553843 0.92779373663143838 -0.31788794420073402
319 -0.21710367194545555 0.90620565709436363 -0.36284611432117153
320 -0.23503487172082466 0.88422019287285014 -0.40362514737200811
321 0.25176926499899321 0.87700307844397885 0.40924056201902914
322 0.23507462904867793 0.89933464299774646 0.36869651297746564
323 0.21366154691131953 0.92172866189705871 0.32367424551378771
324 0.18681571610037717 0.94343165331639567 0.27392809957833025
325 0.15406655342478542 0.9633849672191106 0.21943769514839648
326 0.11542983722051073 0.98025898635206787 0.16052498981548799
327 0.071648984108519331 0.99260871285565944 0.097950835827206262
328 0.024308836524594167 0.99916177816306395 0.03293662892350973
329 -0.024308836364595077 0.99916177817297869 -0.03293662874082056
330 -0.071648984276062908 0.99260871282817487 -0.09795083598317271
331 -0.11542983731398679 0.98025898631083441 -0.16052499000006881
332 -0.15406655353095311 0.96338496717995814 -0.21943769524574522
333 -0.18681571625749543 0.94343165324540879 -0.2739280997156619
334 -0.21366154707312179 0.92172866176049673 -0.32367424579586818
335 -0.23507462904867793 0.89933464299774646 -0.36869651297746564
336 -0.25176926473214134 0.87700307853705772 -0.40924056198373121
337 0.26792162095780725 0.8701199169795153 0.41365364146699118
338 0.25251019122316376 0.89274706503562862 0.37315048063577816
339 0.23154712107752942 0.91588399663090692 0.32793663326335626
340 0.20409401445613881 0.93871667432570693 0.27777083829311927
341 0.16949920323225676 0.96004959955715097 0.22265396132515636
342 0.12770958468152377 0.97833494762220785 0.16294475211409723
343 0.079585782555064419 0.99185461776456996 0.099451095691281841
344 0.027056964512392673 0.99907425931946003 0.033444656324258512
345 -0.027056964512392673 0.99907425931946003 -0.033444656324258512
346 -0.079585782776986636 0.99185461773038885 -0.099451095854588459
347 -0.12770958435463009 0.97833494772086826 -0.16294475177793746
348 -0.16949920319578746 0.96004959960871483 -0.22265396113058336
349 -0.20409401449862566 0.93871667421349181 -0.2777708386411285
350 -0.23154712108736106 0.91588399659122977 -0.3279366333672275
351 -0.25251019098776201 0.89274706514303637 -0.37315048053810562
352 -0.26792162099148931 0.87011991689173063 -0.41365364162983115
353 0.28352673327851358 0.86354601233902728 0.41701423967267465
354 0.2694211859230296 0.8864301115049269 0.3763693425256513
355 0.24894983717152872 0.91025819333133295 0.33083832916614558
356 0.22094708964943857 0.93416259566325732 0.28021889379399229
357 0.18457877408469675 0.95681840565465237 0.2245645002173752
358 0.13972264437539453 0.97646650816586622 0.16428859083669731
359 0.087355717388747867 0.99112106893934104 0.10023973934540691
360 0.029748193733065149 0.9989890499923364 0.033703456277205765
361 -0.029748193505459451 0.99898905000498694 -0.033703456103125605
362 -0.08735571755450712 0.99112106891945295 -0.1002397393975987
363 -0.13972264455672645 0.97646650808534752 -0.16428859116105027
364 -0.18457877448033469 0.95681840549273989 -0.22456450058205615
365 -0.22094708944417885 0.93416259557906689 -0.28021889423650026
366 -0.24894983725999689 0.9102581932785403 -0.33083832924482698
367 -0.2694211859230296 0.8864301115049269 -0.3763693425256513
368 -0.28352673325360411 0.86354601225705929 -0.41701423985934849
369 0.29861764710071359 0.85725869946394695 0.41944609073564604
370 0.28582280263035792 0.88037017169759613 0.37848868712508776
371 0.26586370327903341 0.90484653952399818 0.33251952001379342
372 0.2373484497921281 0.9297714665009077 0.28140848150335646
373 0.19926427937728827 0.95369667217066612 0.22529182065678038
374 0.15142462455064912 0.97465859257924103 0.16465482377126997
375 0.094924508277234726 0.99041053304442084 0.10038084360569542
376 0.032369628098735122 0.99890646940371142 0.033735331036787719
377 -0.03236962841298735 0.99890646938276106 -0.033735331355599148
378 -0.094924508582226105 0.99041053298162973 -0.10038084393681286
379 -0.15142462421906694 0.97465859267639865 -0.16465482350109401
380 -0.19926427966350749 0.9536966720763228 -0.22529182080299895
381 -0.23734844977723027 0.92977146649541287 -0.28140848153407672
382 -0.26586370319868002 0.9048465395049039 -0.33251952012999914
383 -0.2858228027070982 0.88037017156971187 -0.3784886873645964
384 -0.29861764680330161 0.85725869965333024 -0.41944609056032461
385 -0.18290176542055092 0.89481787220041142 -0.40724429989476069
386 -0.16484233422466299 0.88996682508903913 -0.42518943435638185
387 -0.1444833111087557 0.88530796463922234 -0.44198911814365704
388 -0.12189038498843482 0.88099379429226388 -0.45715715948226304
389 -0.097239754974911899 0.87720207103511971 -0.47017119927119727
390 -0.070827578378299297 0.8741244356107446 -0.48051006775015975
391 -0.043064084992249695 0.87194549102277619 -0.48770538777916944
392 -0.014451230297479875 0.87081409132136467 -0.49140002065428823
393 0.014451230494518193 0.87081409136552379 -0.49140002057023929
394 0.043064085070485814 0.87194549106189378 -0.48770538770232469
395 0.070827578418828085 0.87412443546695395 -0.48051006800576346
396 0.097239754964428535 0.87720207103440428 -0.47017119927470052
397 0.1218903849651088 0.88099379433410718 -0.45715715940784563
398 0.14448331112150065 0.88530796459690786 -0.44198911822424763
399 0.16484233455290068 0.88996682512989755 -0.42518943414360572
400 0.18290176553407511 0.8948178722275224 -0.40724429978420562
401 -0.20208131131593132 0.88506092296542049 -0.41932124469961168
402 -0.18584228339284023 0.87761736675259661 -0.44187147823498835
403 -0.16626449109056074 0.87013774958268419 -0.46391423318710384
404 -0.14310083740467389 0.86289619315091659 -0.48469816399460081
405 -0.11628468954193094 0.85626021763038573 -0.50328551606588201
406 -0.086028398831406713 0.85067354427694375 -0.51860740031531272
407 -0.052903939397107268 0.84660314063660613 -0.52958879846584939
408 -0.017860281242090461 0.84445040373330327 -0.53533590014925647
409 0.017860281053483921 0.84445040362821966 -0.53533590032130995
410 0.052903939498720347 0.84660314074386356 -0.52958879828423655
411 0.086028399058240737 0.85067354435404441 -0.51860740015121654
412 0.11628468935423349 0.8562602175385664 -0.50328551626546569
413 0.14310083746670924 0.86289619306709486 -0.4846981641255117
414 0.16626449091309714 0.8701377495987499 -0.46391423322057262
415 0.18584228329886296 0.87761736691535219 -0.44187147795125797
416 0.20208131126237061 0.88506092293856997 -0.41932124478209754
417 -0.22060637161149532 0.87577457455461349 -0.42936199571934219
418 -0.20649435845014713 0.86569156404630609 -0.45600240774290035
419 -0.18810045170428441 0.85525835904321146 -0.4828574938378376
420 -0.1647842277554194 0.84486200116259136 -0.50897382769116128
421 -0.13612025466588878 0.83507380651981411 -0.53303190705078995
422 -0.10211809531273747 0.82663539044278178 -0.55339481916368594
423 -0.063445130787296786 0.82037118285831034 -0.56830083381518937
424 -0.021535895198819422 0.81701812057545831 -0.57620968047172838
425 0.021535895585712905 0.81701812064138724 -0.57620968036378617
426 0.063445130850930023 0.82037118288717381 -0.56830083376641949
427 0.10211809554823907 0.82663539048551871 -0.55339481905639021
428 0.13612025495443694 0.83507380654598851 -0.53303190693609703
429 0.16478422801065135 0.84486200115363941 -0.50897382762338728
430 0.18810045159310129 0.85525835920658988 -0.48285749359176683
431 0.20649435843197067 0.86569156411377268 -0.45600240762305078
432 0.22060637163506466 0.87577457457234309 -0.42936199567106947
433 -0.23851191406042213 0.86692463092445005 -0.43766854027647467
434 -0.22677264055439952 0.85418780709583009 -0.46790742642621352
435 -0.20990990246106228 0.84071640815645221 -0.49913300222015072
436 -0.18682687541936144 0.82699694074652352 -0.53025633293429808
437 -0.15663307711664584 0.81380959178056267 -0.55962489890901435
438 -0.11901107727954298 0.80222921831526384 -0.58503388343415097
439 -0.074640010108108917 0.79350517080206318 -0.60396888396791615
440 -0.025463701519906089 0.7887905625657976 -0.61413438945562859
441 0.025463701518035661 0.78879056259605573 -0.6141343894168424
442 0.074640009844058733 0.79350517084190897 -0.60396888394819781
443 0.11901107726174986 0.8022292182466243 -0.58503388353189278
444 0.15663307695314391 0.81380959160886479 -0.55962489920446123
445 0.18682687547079932 0.82699694058392637 -0.53025633316976484
446 0.20990990246290461 0.84071640814208248 -0.4991330022435797
447 0.22677264045392378 0.85418780711307241 -0.46790742644343225
448 0.2385119139147093 0.86692463099558004 -0.43766854021498919
449 -0.25583262440484661 0.85847943819827632 -0.44448028356823699
450 -0.24666386895192363 0.84309825907171465 -0.47785171476506438
451 -0.23163365364891891 0.82654180958901957 -0.51300534841126322
452 -0.2091412476615738 0.80937984987543299 -0.54878429017436525
453 -0.17773523753054687 0.7925994461524275 -0.58326349388490384
454 -0.13664349514896873 0.77763437877843111 -0.61368829887440191
455 -0.086456278946920179 0.7662182419764858 -0.6367377148348573
456 -0.029635015463365139 0.75999765011150999 -0.64924982686441179
457 0.029635015454925973 0.75999765023408139 -0.64924982672131781
458 0.086456278965165806 0.76621824193184274 -0.63673771488610065
459 0.13664349515831273 0.77763437879774155 -0.61368829884785203
460 0.17773523718463693 0.79259944606473154 -0.58326349410948186
461 0.20914124782847479 0.80937984995246526 -0.54878428999714768
462 0.23163365378822773 0.82654180948174938 -0.5130053485211935
463 0.2466638687861849 0.84309825908195246 -0.47785171483255429
464 0.25583262455227795 0.85847943820410855 -0.44448028347211471
465 -0.27260220866562823 0.85040979425769114 -0.44999024173998808
466 -0.26616386714341661 0.83241095331968407 -0.48605431859070719
467 -0.25322969457088856 0.81275185639012204 -0.52469909636089995
468 -0.23166140141002953 0.79206789040286341 -0.56476672360320479
469 -0.19936132355782291 0.77154545560222432 -0.60412968194654126
470 -0.15497232269989014 0.75299421315078596 -0.63951801707100497
471 -0.098877454124378386 0.73868333580091128 -0.6667609605217748
472 -0.034047267649229648 0.73082692065808752 -0.68171313292838864
473 0.034047267808520257 0.73082692067664445 -0.68171313290053948
474 0.098877454397632444 0.7386833355109772 -0.66676096080246128
475 0.15497232255158988 0.75299421326207494 -0.63951801697590571
476 0.19936132393173622 0.77154545556488185 -0.60412968187084159
477 0.23166140135328589 0.79206789042049131 -0.56476672360175784
478 0.25322969441271198 0.81275185624697843 -0.52469909665896641
479 0.26616386695364691 0.8324109533772508 -0.48605431859603687
480 0.27260220853392025 0.85040979430360275 -0.44999024173301055
481 -0.28885302687345576 0.84268879715741773 -0.45435615986957512
482 -0.28527505171904421 0.82211123446608581 -0.49269794299483849
483 -0.27466954544850497 0.79935427386428148 -0.53440563774909711
484 -0.2543394319779762 0.7751007386999772 -0.57838594226335571
485 -0.22146604284141475 0.75072442906515935 -0.62238703671666806
486 -0.17397469321025161 0.72842002378193005 -0.66267418470612827
487 -0.11190352118934843 0.71103612560026108 -0.69419394266789358
488 -0.038704523196733807 0.70142561963114636 -0.71169098632002914
489 0.038704523200823057 0.70142561960191696 -0.71169098634861427
490 0.11190352112318053 0.71103612595791321 -0.69419394231223053
491 0.17397469339362792 0.72842002375295234 -0.66267418468983808
492 0.22146604265895364 0.75072442905861625 -0.62238703678948626
493 0.25433943208816767 0.77510073861775941 -0.578385942325081
494 0.27466954605405924 0.79935427396828329 -0.53440563728229507
495 0.28527505137249382 0.82211123441414258 -0.49269794328216515
496 0.28885302685913544 0.842688797225841 -0.45435615975177557
497 -0.3046159283421308 0.83529166778949537 -0.45770838524294627
498 -0.30400467152023453 0.81218275453802169 -0.4979360731307842
499 -0.29593554032774061 0.78634950800463765 -0.54228830637567016
500 -0.27714272712275767 0.75850394639941787 -0.58979968811408323
501 -0.24402239597753864 0.73019179533723688 -0.63817945147392841
502 -0.19364766168440078 0.70399484864008821 -0.68329483842070926
503 -0.12555198068468754 0.68337817470334283 -0.71918771574970553
504 -0.043618208051879111 0.67190324830331727 -0.73935341809299415
505 0.04361820800837668 0.67190324827637027 -0.73935341812004918
506 0.12555198050203042 0.68337817483131447 -0.71918771565999329
507 0.19364766097707123 0.70399484855255656 -0.68329483871135166
508 0.24402239555287003 0.7301917952490028 -0.63817945173726565
509 0.27714272808739149 0.75850394633312257 -0.58979968774606661
510 0.29593554045762627 0.7863495080613776 -0.54228830622251278
511 0.30400467176922086 0.81218275464750911 -0.49793607280018581
512 0.30461592801343285 0.83529166792767329 -0.45770838520953572
513 0.18096995218445475 0.90815665064991524 -0.3774935420463294
514 0.15998102500295244 0.92861999037196241 -0.33477004812345623
515 0.13787346849169135 0.94725261717248299 -0.28931537454126416
516 0.11466545484572059 0.96367474423285704 -0.24121115395595111
517 0.090429552285509432 0.97748619788838764 -0.19063900181008714
518 0.065300430114833108 0.98828996958405424 -0.1379086286146273
519 0.039476009757524612 0.99572739789193343 -0.083478103362397638
520 0.013209286384611933 0.99952197548775568 -0.027952375037973716
521 -0.013209286348976151 0.99952197548758837 0.027952375060799027
522 -0.039476009707566588 0.99572739790137887 0.083478103273356252
523 -0.065300429807895896 0.98828996967035754 0.13790862814149066
524 -0.090429552252130022 0.97748619790311397 0.19063900175041207
525 -0.11466545482878601 0.96367474425544619 0.24121115387375394
526 -0.13787346860434171 0.94725261711074704 0.28931537468971164
527 -0.15998102515287096 0.92861999041877075 0.33477004792197068
528 -0.18096995218214856 0.90815665065209639 0.37749354204218799
529 0.19967314241481776 0.89976637413247662 -0.38800915991595891
530 0.17954615906118623 0.92084116678370098 -0.34614263291713648
531 0.15735366646959162 0.94056825622729778 -0.30095045942167442
532 0.13297356012486292 0.95844666313792526 -0.2523846790664917
533 0.10639117968398289 0.97389102403201799 -0.20054224042659435
534 0.077753372922672134 0.9862647167729619 -0.14572687277196683
535 0.04741284855499709 0.99494720223850208 -0.088499076547035371
536 0.015937460471638527 0.99943224740838721 -0.029684679448081484
537 -0.01593746069363006 0.9994322473952959 0.029684679769656584
538 -0.047412848477429027 0.99494720225550592 0.088499076397427434
539 -0.077753372717735247 0.98626471680101169 0.14572687269147502
540 -0.1063911796768697 0.97389102401117733 0.20054224053157552
541 -0.13297356017820786 0.95844666307939264 0.25238467926066649
542 -0.15735366648515753 0.9405682562165073 0.30095045944725946
543 -0.17954615918688407 0.92084116681912431 0.34614263275769969
544 -0.19967314256319488 0.89976637406032733 0.38800916000691155
545 0.21768204641357691 0.89179818172979719 -0.39662391472606012
546 0.19859273716324913 0.91337148978430505 -0.35540603033039281
547 0.17652411924256189 0.9340764652539244 -0.3103874874803616
548 0.15117798230070159 0.95331251405224438 -0.26142009911037423
549 0.12241199625220353 0.97032405141065725 -0.20853426199921896
550 0.090350713900935978 0.98423785432724631 -0.15202826910443146
551 0.055487324778423074 0.99416143077613894 -0.092542997282746009
552 0.018721235848543426 0.99934157507431776 -0.031079441054894619
553 -0.018721235954491499 0.99934157506967081 0.031079441140495819
554 -0.055487324890054569 0.99416143076493224 0.0925429973362005
555 -0.090350713994917176 0.98423785431105482 0.15202826915340403
556 -0.12241199613317086 0.9703240514178566 0.20853426203559416
557 -0.15117798226586884 0.95331251398540673 0.26142009937425348
558 -0.17652411931952644 0.93407646522491827 0.31038748752388079
559 -0.19859273702537922 0.91337148977692162 0.35540603042640589
560 -0.21768204673214317 0.8917981817274182 0.39662391455656854
561 0.23503487185455152 0.88422019286031461 -0.40362514732159915
562 0.2171036719538148 0.906205657061675 -0.36284611439780895
563 0.19531010496939569 0.92779373665426712 -0.31788794428533473
564 0.1691555684262184 0.94830101051359206 -0.26853600713741071
565 0.13834218633761822 0.96681481501410538 -0.21478024338511434
566 0.10294768528838161 0.98223055539510951 -0.15692326195302891
567 0.063594248378741627 0.99337948367859696 -0.095671171099694322
568 0.021522110591562341 0.99925111394078203 -0.032156026554763906
569 -0.021522110508697491 0.99925111394488741 0.032156026482649036
570 -0.063594248112223778 0.99337948372599494 0.09567117078470698
571 -0.10294768515674692 0.98223055541519955 0.1569232619136364
572 -0.13834218640644264 0.96681481499163524 0.21478024344193075
573 -0.16915556819925762 0.94830101055510641 0.26853600713377357
574 -0.19531010508894661 0.92779373659026054 0.31788794439869317
575 -0.21710367192176161 0.90620565703625844 0.36284611448046566
576 -0.23503487213824512 0.88422019285777964 0.40362514716195469
577 0.25176926506083164 0.87700307850383186 -0.40924056185272062
578 0.23507462886908001 0.89933464314490785 -0.36869651273301424
579 0.21366154709621368 0.92172866177481871 -0.32367424573983994
580 0.18681571610828412 0.94343165331747769 -0.27392809956921094
581 0.15406655349987083 0.96338496721961731 -0.21943769509345593
582 0.11542983705865591 0.98025898641434472 -0.16052498955157482
583 0.071648984144807915 0.9926087128646448 -0.097950835709604625
584 0.024308836049568124 0.99916177819131935 -0.032936628416947167
585 -0.024308836244273775 0.99916177818162244 0.032936628567408512
586 -0.071648984293729887 0.99260871282199248 0.097950836032901875
587 -0.11542983717997837 0.98025898638491904 0.16052498964402637
588 -0.15406655363226673 0.96338496716124533 0.21943769525676837
589 -0.18681571611577663 0.94343165327803924 0.27392809969993082
590 -0.21366154710483695 0.92172866180581692 0.32367424564587366
591 -0.23507462883796226 0.89933464309719024 0.36869651286924848
592 -0.25176926489642482 0.87700307848338754 0.40924056199767733
593 0.2679216208482364 0.87011991698775637 -0.41365364152062495
594 0.25251019132595709 0.89274706498511247 -0.37315048068707629
595 0.23154712115644374 0.91588399652532426 -0.3279366335025149
596 0.20409401408783046 0.93871667431582972 -0.27777083859711527
597 0.16949920338523006 0.96004959951215163 -0.22265396140273258
598 0.12770958472840224 0.97833494760316664 -0.16294475219168042
599 0.079585782753664056 0.99185461773112649 -0.099451095865895747
600 0.02705696487807395 0.9990742592973707 -0.03344465668827664
601 -0.02705696487869488 0.99907425929620475 0.033444656722611377
602 -0.079585782720169113 0.99185461772701322 0.099451095933721936
603 -0.12770958447781755 0.97833494767453644 0.16294475195956826
604 -0.16949920320470574 0.96004959962355008 0.22265396105982818
605 -0.20409401413189998 0.93871667440398099 0.27777083826683047
606 -0.23154712107673003 0.91588399662245445 0.32793663328752715
607 -0.25251019105039346 0.89274706516110425 0.37315048045249649
608 -0.26792162095738936 0.87011991697991076 0.41365364146643052
609 0.28352673317267102 0.8635460123748413 -0.41701423967047435
610 0.2694211861692184 0.88643011147840123 -0.37636934241189207
611 0.24894983728264317 0.91025819318460011 -0.33083832948624997
612 0.22094708975099792 0.93416259546761771 -0.28021889436611586
613 0.18457877421789495 0.95681840560646636 -0.2245645003132033
614 0.13972264421862329 0.97646650819756187 -0.16428859078163877
615 0.087355717522826407 0.9911210689311567 -0.10023973930948633
616 0.029748193975173285 0.99898904997497662 -0.03370345657806003
617 -0.029748194144937852 0.99898904996603122 0.03370345669336372
618 -0.087355717629566954 0.99112106891162766 0.10023973940955687
619 -0.13972264434495901 0.97646650815776792 0.16428859091071307
620 -0.18457877418398383 0.9568184056108604 0.22456450032235503
621 -0.22094708965669008 0.93416259554446346 0.28021889418429585
622 -0.24894983744135118 0.91025819317058465 0.33083832940538738
623 -0.26942118621508443 0.88643011142865147 0.37636934249623111
624 -0.28352673355823799 0.86354601229954953 0.41701423956424105
625 0.29861764704390809 0.85725869965663271 -0.41944609038227926
626 0.28582280257002618 0.8803701717234399 -0.3784886871105354
627 0.26586370302068019 0.9048465395864117 -0.33251952005051899
628 0.23734844951800138 0.92977146660641241 -0.28140848138597696
629 0.19926427939388705 0.95369667212639231 -0.22529182082951682
630 0.15142462451136288 0.97465859260336241 -0.1646548236646152
631 0.094924508256278184 0.99041053303703341 -0.10038084369840186
632 0.032369628015323566 0.99890646940702599 -0.033735331018672897
633 -0.032369628306949963 0.99890646938708705 0.0337353313292535
634 -0.09492450848109929 0.99041053300138548 0.10038084383752106
635 -0.15142462415644314 0.97465859270934674 0.164654823363654
636 -0.19926427936599075 0.9536966721191622 0.22529182088479732
637 -0.23734844978483774 0.92977146652316245 0.2814084814359758
638 -0.26586370307839513 0.90484653958413208 0.33251952001057677
639 -0.2858228027377584 0.88037017155047903 0.37848868738617897
640 -0.29861764709326416 0.85725869952847877 0.41944609060906018
641 -0.18290176559266236 0.89481787220281195 0.40724429981218729
642 -0.16484233419076189 0.88996682507757163 0.42518943439352763
643 -0.14448331115701307 0.88530796454478389 0.44198911831704352
644 -0.12189038497895915 0.88099379426189106 0.45715715954332165
645 -0.097239755037932793 0.87720207113050308 0.47017119908020599
646 -0.07082757890777984 0.87412443551553998 0.48051006784530598
647 -0.043064085054114271 0.87194549116326125 0.48770538752254033
648 -0.014451230381196809 0.8708140913775323 0.49140002055229159
649 0.01445123018117702 0.870814091364712 0.49140002058089249
650 0.043064085073423776 0.87194549105934771 0.48770538770661737
651 0.070827578304090741 0.87412443549950625 0.48051006796345852
652 0.09723975508349178 0.87720207100053549 0.47017119931326506
653 0.12189038496122809 0.88099379431738312 0.45715715944110935
654 0.14448331125482963 0.88530796446940174 0.44198911843605898
655 0.16484233419076189 0.88996682507757163 0.42518943439352763
656 0.18290176517498588 0.89481787223872644 0.40724429992086147
657 -0.20208131093364506 0.88506092297069272 0.41932124487271699
658 -0.18584228314103834 0.87761736673916668 0.44187147836756507
659 -0.16626449091069823 0.87013774965525126 0.4639142331154561
660 -0.14310083744131466 0.8628961930851502 0.48469816410086541
661 -0.11628468937889971 0.85626021757048676 0.50328551620545914
662 -0.086028398913983728 0.85067354423075492 0.51860740037737807
663 -0.052903939703136803 0.84660314067293641 0.5295887983772003
664 -0.017860280919098005 0.84445040379836867 0.53533590005739684
665 0.017860281049319662 0.84445040369549362 0.53533590021532951
666 0.052903939725015364 0.8466031405714658 0.5295887985372264
667 0.086028399061347072 0.8506735443440081 0.51860740016716367
668 0.1162846893807913 0.85626021763506521 0.50328551609515204
669 0.1431008374373102 0.86289619308168264 0.48469816410822114
670 0.16626449109261024 0.87013774950915801 0.46391423332427895
671 0.18584228294341662 0.87761736703072646 0.44187147787160258
672 0.20208131129686996 0.88506092290296401 0.4193212448406245
673 -0.22060637186247115 0.87577457458946795 0.42936199551929766
674 -0.20649435833200475 0.86569156413871307 0.45600240762097116
675 -0.18810045157205815 0.85525835909305925 0.48285749380105464
676 -0.1647842275772107 0.84486200119266797 0.5089738276989324
677 -0.13612025452880858 0.83507380646610518 0.5330319071699392
678 -0.10211809533722105 0.82663539040083889 0.55339481922182043
679 -0.063445130979783312 0.82037118283763677 0.56830083382354335
680 -0.021535895332551448 0.81701812057789558 0.57620968046327425
681 0.021535895647549402 0.81701812071885693 0.57620968025162944
682 0.063445130851742498 0.82037118284348753 0.568300833829392
683 0.10211809550029906 0.82663539043885059 0.55339481913494692
684 0.13612025477202738 0.83507380640962159 0.53303190719631821
685 0.16478422804203668 0.84486200119405863 0.50897382754613296
686 0.18810045178971435 0.85525835914162895 0.48285749363023617
687 0.20649435843639247 0.86569156411349035 0.45600240762158417
688 0.22060637149516096 0.87577457454836416 0.42936199579186135
689 -0.23851191380203518 0.86692463094673911 0.43766854037313568
690 -0.22677264067776787 0.85418780709312403 0.46790742637136212
691 -0.20990990229675655 0.84071640815082849 0.49913300229872182
692 -0.18682687553247967 0.82699694064279849 0.53025633305621434
693 -0.15663307708499893 0.81380959171309475 0.55962489901598444
694 -0.11901107726559119 0.80222921823419702 0.58503388354815222
695 -0.074640009735928547 0.79350517076805671 0.60396888405858928
696 -0.025463701512786541 0.78879056268097236 0.6141343893079938
697 0.025463701514697214 0.78879056265006275 0.61413438934761455
698 0.074640010235529311 0.7935051708188624 0.60396888393009773
699 0.11901107720343378 0.80222921834872107 0.58503388340375495
700 0.15663307691372086 0.81380959184055335 0.55962489887857236
701 0.18682687554068261 0.82699694058730333 0.53025633313987575
702 0.20990990260991527 0.84071640819645754 0.49913300209016759
703 0.22677264089525601 0.85418780713496612 0.46790742618957115
704 0.23851191378114234 0.86692463097313499 0.43766854033223679
705 -0.25583262399963957 0.85847943829335893 0.44448028361782038
706 -0.24666386881988203 0.84309825915474212 0.47785171468673315
707 -0.2316336534675319 0.82654180956688028 0.51300534852883406
708 -0.20914124797071892 0.80937984982244005 0.54878429013470731
709 -0.17773523742042155 0.79259944605972388 0.58326349404443711
710 -0.13664349505840503 0.77763437889860243 0.61368829874229214
711 -0.086456278297956629 0.76621824201225031 0.63673771487993613
712 -0.029635015454146856 0.75999765023264065 0.64924982672303966
713 0.029635015529981545 0.75999765025056942 0.64924982669859155
714 0.086456278528186006 0.76621824209318246 0.63673771475128615
715 0.13664349541483387 0.77763437882332342 0.61368829875831932
716 0.17773523748587755 0.79259944611041655 0.58326349395560462
717 0.20914124783527421 0.80937985004184909 0.54878428986272787
718 0.23163365392925206 0.82654180940800004 0.51300534857634073
719 0.24666386880917401 0.84309825916807268 0.47785171466874105
720 0.25583262430543119 0.85847943834822749 0.44448028333583878
721 -0.2726022088565575 0.85040979407269046 0.44999024197394544
722 -0.26616386690732557 0.83241095334676685 0.48605431867360899
723 -0.25322969458252609 0.81275185637298863 0.52469909638182277
724 -0.23166140141783573 0.79206789035582104 0.56476672366597824
725 -0.19936132377137558 0.77154545558865606 0.60412968189339744
726 -0.15497232269213429 0.75299421329504035 0.63951801690303312
727 -0.098877454551110619 0.73868333578565371 0.66676096047539579
728 -0.034047267384110985 0.73082692067992372 0.68171313291822055
729 0.034047267143847398 0.73082692067360033 0.68171313293699909
730 0.098877454240978768 0.7386833355561907 0.66676096077560143
731 0.15497232260988805 0.75299421312920378 0.6395180171182262
732 0.19936132351450159 0.77154545552148046 0.6041296820639569
733 0.23166140115812789 0.7920678904128361 0.56476672369254632
734 0.25322969449098653 0.81275185628754465 0.52469909655835323
735 0.2661638669700967 0.83241095335149706 0.48605431863113452
736 0.27260220877234448 0.85040979415466622 0.44999024187004033
737 -0.28885302669847918 0.84268879726312562 0.4543561597847604
738 -0.28527505117709473 0.82211123452106905 0.49269794321688598
739 -0.27466954609159799 0.7993542739129782 0.53440563734572555
740 -0.25433943202618314 0.77510073861315942 0.57838594235850271
741 -0.22146604291380154 0.75072442908157822 0.62238703667110629
742 -0.17397469354747266 0.72842002367443393 0.66267418473575701
743 -0.11190352106779157 0.71103612582369646 0.69419394245863231
744 -0.038704523106568418 0.70142561972950235 0.71169098622799543
745 0.038704523323800893 0.70142561963482453 0.71169098630949357
746 0.11190352107277969 0.71103612561487983 0.69419394267171108
747 0.17397469403512056 0.72842002355613777 0.66267418473776551
748 0.22146604238129386 0.75072442927808181 0.62238703662356709
749 0.25433943177377 0.77510073863412998 0.57838594244139629
750 0.27466954571673918 0.79935427390819491 0.53440563754554693
751 0.28527505137141129 0.82211123447051304 0.49269794318873272
752 0.28885302702687532 0.84268879714618794 0.45435615979286842
753 -0.30461592823871164 0.83529166783651099 0.45770838522597329
754 -0.30400467172048135 0.81218275459867906 0.4979360729095898
755 -0.29593554050003817 0.78634950822123817 0.54228830596756117
756 -0.27714272721522115 0.75850394626498752 0.58979968824351769
757 -0.24402239625175387 0.73019179529273137 0.63817945141999788
758 -0.19364766171767592 0.70399484869104811 0.68329483835877514
759 -0.12555198072392826 0.68337817475517681 0.71918771569360196
760 -0.04361820818929691 0.67190324818796321 0.73935341818971767
761 0.043618208139498266 0.67190324830522941 0.73935341808608723
762 0.12555198071953455 0.68337817477894847 0.71918771567178108
763 0.19364766099308739 0.70399484844454452 0.68329483881809705
764 0.24402239623957606 0.73019179532095846 0.63817945139235788
765 0.27714272727478351 0.7585039462874863 0.58979968818659578
766 0.29593554061762911 0.78634950815816718 0.54228830599484634
767 0.30400467163529221 0.81218275446270627 0.49793607318338529
768 0.30461592839276225 0.83529166780645348 0.45770838517830209
769 -0.16213210127404032 0.91592436664258747 0.3671453885408878
770 -0.14150786308011909 0.93551849893680195 0.32369841339359551
771 -0.12046398413226557 0.9529605792000162 0.27812688294688559
772 -0.099046276676650891 0.96799455276381408 0.23060004530805234
773 -0.077322174760669049 0.98037551400689416 0.18134258414944404
774 -0.055371604524535011 0.98988235934376578 0.13064034626560966
775 -0.033274472394850672 0.99633157437460862 0.078842903238386539
776 -0.011099414809322096 0.99959091850471193 0.026359033248529638
777 0.011099414809322096 0.99959091850471193 -0.026359033248529638
778 0.033274472324538451 0.99633157438438191 -0.078842903144560286
779 0.055371604658484161 0.98988235929540902 -0.13064034657524248
780 0.077322174845806668 0.98037551397399769 -0.18134258429098851
781 0.099046276593193275 0.96799455285218017 -0.23060004497296235
782 0.12046398401534837 0.95296057932532041 -0.27812688256819007
783 0.14150786302561574 0.9355184990145724 -0.32369841319265807
784 0.16213210116581253 0.91592436671597788 -0.36714538840559285
785 -0.14422607913567675 0.91328398694176893 0.38093463650985632
786 -0.12582817448425751 0.93342629845861502 0.33598008252247319
787 -0.10704733713855864 0.9513861729974582 0.28879961468255844
788 -0.087936258580325583 0.96689202810514763 0.23955588160929903
789 -0.068572525968286474 0.97968193858327002 0.1884704430303448
790 -0.049046723003884241 0.98951710449436903 0.13583195086451624
791 -0.02944238628772514 0.99619708806068152 0.082003095240992044
792 -0.0098149233633353511 0.99957579882640002 0.027420606848427849
793 0.0098149233633353511 0.99957579882640002 -0.027420606848427849
794 0.029442386341927782 0.99619708805330831 -0.082003095311102087
795 0.049046723007311874 0.98951710449304675 -0.13583195087291158
796 0.068572525905958526 0.97968193862914477 -0.18847044281456179
797 0.087936258696186292 0.9668920280246861 -0.23955588189152618
798 0.10704733717300707 0.95138617306710116 -0.28879961444036645
799 0.125828174515386 0.93342629842738223 -0.33598008259758666
800 0.14422607896077272 0.91328398689992951 -0.38093463667638622
801 -0.12479293246037435 0.9108604290355532 0.39339547890781434
802 -0.10879699319406336 0.93149871298305975 0.34709272821946846
803 -0.092457012277212786 0.9499294045909632 0.29847248981142166
804 -0.075832092611368196 0.96586690525010976 0.24769056314836937
805 -0.059013198458310379 0.97903360922560712 0.19496316168548622
806 -0.042110588686441991 0.9891738330638129 0.14057676302406957
807 -0.025223323936028545 0.99607011009647983 0.084900646063529969
808 -0.0083969669838341553 0.99956148404302891 0.028395960331882276
809 0.0083969668905807381 0.99956148405024225 -0.028395960105548592
810 0.025223323951941993 0.99607011009694535 -0.084900646053339204
811 0.042110588686441991 0.9891738330638129 -0.14057676302406957
812 0.059013198394262903 0.97903360922752836 -0.19496316169522629
813 0.075832092472754006 0.965866905321764 -0.24769056291139172
814 0.092457012170432534 0.94992940458984265 -0.29847248984806529
815 0.10879699311706248 0.93149871307434784 -0.34709272799861357
816 0.12479293272367459 0.91086042902689901 -0.39339547884432763
817 -0.10399578481912158 0.90871461044655 0.40425565364114557
818 -0.090571799011235576 0.92978539980363073 0.35678545308892712
819 -0.076842048850629036 0.94862847316174281 0.30691907636257759
820 -0.062867249389876381 0.96494618754645645 0.25480691531767657
821 -0.048750364165331628 0.97844730320570572 0.20065960441311809
822 -0.034630792676057662 0.9888610061527654 0.14475710244809442
823 -0.020646539111023775 0.99595354447868778 0.087465751372038922
824 -0.0068517336010566398 0.99954828118246886 0.029262387664580593
825 0.0068517336010566398 0.99954828118246886 -0.029262387664580593
826 0.020646539111788556 0.99595354447843232 -0.087465751374770015
827 0.034630792676057669 0.98886100615276551 -0.14475710244809445
828 0.048750364091053558 0.97844730325959584 -0.2006596041683871
829 0.062867249510840828 0.96494618742513805 -0.25480691574726128
830 0.076842048749709166 0.94862847316156274 -0.30691907638840171
831 0.090571798983130655 0.92978539988630404 -0.35678545288061425
832 0.10399578481912158 0.90871461044655 -0.40425565364114557
833 -0.082052819929470125 0.90690697057993819 0.41326393679480561
834 -0.071366679477677331 0.92833657893382771 0.36482597669816158
835 -0.060413400689113363 0.9475229680413535 0.31392745348452872
836 -0.04924482630650609 0.9641587055923595 0.26071620109327248
837 -0.037963227363848689 0.97794149458070501 0.20540016198965677
838 -0.026735341363329928 0.98858811133354541 0.14825237823441439
839 -0.015771393713061715 0.99585059312403212 0.089626220018815997
840 -0.0051909703183325466 0.99953651428354395 0.029996840517907748
841 0.0051909703182303184 0.99953651428355861 -0.029996840517437246
842 0.015771393712453334 0.99585059312429358 -0.089626220016016861
843 0.026735341380649254 0.98858811129591884 -0.1482523784821938
844 0.037963227359893006 0.97794149458052737 -0.20540016199123487
845 0.049244826384614984 0.96415870548058913 -0.26071620149185942
846 0.060413400528075381 0.94752296802457248 -0.3139274535661693
847 0.07136667948996496 0.92833657892544186 -0.36482597671709649
848 0.082052820012456965 0.90690697057633629 -0.41326393678623297
849 -0.059220734444758741 0.9054936843165351 0.42020720159784314
850 -0.051433079919276273 0.92719989117985757 0.37101886756077224
851 -0.043425380120011563 0.94665155773652665 0.31931969027361901
852 -0.035228614153638371 0.96353382236392771 0.26525745589063587
853 -0.026918323434992515 0.97753609187925972 0.20904208412870431
854 -0.01865227163043548 0.98836600132083463 0.15094614998763184
855 -0.010718833775053361 0.99576496513280177 0.091308492576393036
856 -0.0034345775854325317 0.99952652915326023 0.03057648108672123
857 0.0034345776304254066 0.99952652914562568 -0.030576481331228221
858 0.010718833811059779 0.99576496511112578 -0.091308492808552022
859 0.01865227163043548 0.98836600132083463 -0.15094614998763184
860 0.026918323405876382 0.97753609192641344 -0.20904208391195125
861 0.035228614272036982 0.96353382235319562 -0.26525745591389582
862 0.043425380093570942 0.94665155779486299 -0.31931969010427186
863 0.05143307998166461 0.92719989101718181 -0.37101886795866035
864 0.059220734332726704 0.9054936844021868 -0.42020720142906343
865 -0.035770148892673784 0.90452231024395413 0.42492338923520762
866 -0.031025966369519178 0.9264164501969826 0.3752198691637465
867 -0.02613053869701298 0.94604861511118687 0.32296936819706168
868 -0.021092171568785074 0.96309893170659688 0.26831989871070866
869 -0.015940413362602678 0.97725125432132998 0.21148496199308442
870 -0.010756295310703677 0.98820722016757767 0.15274420486505452
871 -0.0057765062446893268 0.99570162251134875 0.092438687268223685
872 -0.0016253487542622837 0.99951876624827363 0.030977316845651207
873 0.0016253487542622837 0.99951876624827363 -0.030977316845651207
874 0.0057765062441510577 0.99570162251188898 -0.092438687262438812
875 0.010756295267521292 0.98820722020565899 -0.15274420462172034
876 0.015940413426996744 0.97725125431531878 -0.21148496201600822
877 0.02109217143647572 0.96309893178085693 -0.26831989845456233
878 0.02613053871036752 0.94604861506208004 -0.32296936833982626
879 0.031025966371700867 0.92641645019506846 -0.37521986916829214
880 0.035770149317676463 0.90452231015394058 -0.42492338939104024
881 -0.011962038563308679 0.90402748745493888 0.42730692898585221
882 -0.010367432550433948 0.92601664588222177 0.37734028129972014
883 -0.0087179990866152121 0.94574014236264425 0.32480698824965443
884 -0.0070130756812037771 0.96287558715909349 0.26985444302905343
885 -0.0052547432132933848 0.97710407518856368 0.21269700026954802
886 -0.0034501654023301413 0.98812431447021343 0.15361782289652337
887 -0.0016262103206115227 0.99566782871472659 0.092967361490445252
888 -3.5536454520906013e-05 0.99951431137515245 0.031163120726513838
889 3.5536468402591419e-05 0.99951431137518065 -0.031163120725595489
890 0.0016262103206115227 0.99566782871472659 -0.092967361490445252
891 0.0034501654023301413 0.98812431447021343 -0.15361782289652337
892 0.0052547433629137278 0.97710407524093001 -0.21269700002528669
893 0.0070130756759671665 0.96287558720547484 -0.26985444286369492
894 0.0087179989869670838 0.94574014228742298 -0.32480698847135081
895 0.010367432838115436 0.92601664596743205 -0.37734028108270512
896 0.011962038466496931 0.90402748745388339 -0.42730692899079531
897 0.011962038566045993 0.90402748741121541 0.42730692907827861
898 0.010367432831800246 0.926016646051669 0.37734028087615562
899 0.0087179989869803822 0.94574014228727632 0.32480698847177764
900 0.0070130755666638813 0.96287558721441646 0.26985444283463061
901 0.0052547432133077422 0.97710407518846265 0.21269700027001082
902 0.0034501654022819975 0.98812431447021309 0.15361782289652567
903 0.0016262102721596317 0.99566782871466142 0.092967361491989073
904 3.5536454520906013e-05 0.99951431137515245 0.031163120726513838
905 -3.5536468402591419e-05 0.99951431137518065 -0.031163120725595489
906 -0.0016262102929663603 0.9956678287144195 -0.092967361494216152
907 -0.0034501654022819975 0.98812431447021309 -0.15361782289652567
908 -0.0052547432825203371 0.97710407513634545 -0.21269700050772267
909 -0.0070130756760655166 0.9628755872054755 -0.26985444286368976
910 -0.0087179990520426433 0.94574014237628046 -0.32480698821087783
911 -0.010367432838115436 0.92601664596743205 -0.37734028108270512
912 -0.011962038566045993 0.90402748741121541 -0.42730692907827861
913 0.035770149095871173 0.90452231024560203 0.42492338921459455
914 0.03102596659110745 0.92641645014535601 0.37521986927289036
915 0.0261305388177271 0.94604861506226967 0.32296936833058443
916 0.021092171568785074 0.96309893170659688 0.26831989871070866
917 0.015940413361206877 0.97725125432251636 0.21148496198770839
918 0.010756295230819939 0.98820722020913176 0.15274420460183741
919 0.0057765062441510577 0.99570162251188898 0.092438687262438812
920 0.0016253487542622837 0.99951876624827363 0.030977316845651207
921 -0.0016253487542622837 0.99951876624827363 -0.030977316845651207
922 -0.0057765062720514897 0.99570162251169592 -0.092438687262774225
923 -0.010756295231654646 0.98820722020973939 -0.15274420459784779
924 -0.01594041331865037 0.97725125431377757 -0.21148496203129652
925 -0.021092171436972083 0.96309893177936345 -0.26831989845988402
926 -0.02613053881977611 0.94604861504935478 -0.32296936836824935
927 -0.031025966747019872 0.92641645019989527 -0.37521986912534039
928 -0.035770149019062787 0.90452231015131257 -0.42492338942177199
929 0.059220734324230286 0.90549368439803357 0.42020720143921048
930 0.051433080335342059 0.92719989118313684 0.3710188674948986
931 0.04342538001390793 0.9466515577392095 0.31931969028009483
932 0.035228614194959068 0.96353382228933282 0.26525745615611074
933 0.026918323373172494 0.97753609196816016 0.20904208372094416
934 0.018652271592152717 0.98836600135820563 0.15094614974766352
935 0.010718833745336227 0.99576496513448709 0.091308492561500393
936 0.0034345775923813656 0.99952652915329887 0.030576481084676723
937 -0.0034345776304997725 0.9995265291456108 -0.03057648133170773
938 -0.010718833745336227 0.99576496513448709 -0.091308492561500393
939 -0.018652271595615017 0.98836600135679953 -0.15094614975644244
940 -0.026918323326413092 0.97753609196893132 -0.20904208372335875
941 -0.035228614254455941 0.96353382229140727 -0.26525745614067392
942 -0.043425379993241288 0.94665155778480647 -0.31931969014772893
943 -0.051433080413368693 0.92719989118697832 -0.37101886747448265
944 -0.059220734321004366 0.90549368439783406 -0.42020720144009527
945 0.082052819970629215 0.90690697068550064 0.41326393655497717
946 0.071366679192636007 0.92833657895373045 0.36482597670327649
947 0.060413400541523887 0.94752296810083636 0.31392745333339467
948 0.049244826292945458 0.9641587056098454 0.26071620103116905
949 0.03796322730458393 0.97794149463600089 0.20540016173733858
950 0.026735341353805876 0.98858811133058222 0.14825237825589155
951 0.015771393693633048 0.99585059312398916 0.08962622002271127
952 0.0051909703183325466 0.99953651428354395 0.029996840517907748
953 -0.0051909703183325466 0.99953651428354395 -0.029996840517907748
954 -0.015771393712453334 0.99585059312429369 -0.089626220016016875
955 -0.026735341326668896 0.98858811133668045 -0.14825237822012019
956 -0.037963227359893013 0.97794149458052737 -0.2054001619912349
957 -0.049244826507486079 0.96415870546859805 -0.26071620151299518
958 -0.060413400540624211 0.94752296815715764 -0.31392745316357484
959 -0.071366679192636007 0.92833657895373045 -0.36482597670327649
960 -0.082052819970629215 0.90690697068550064 -0.41326393655497717
961 0.1039957848191216 0.90871461044655 0.40425565364114563
962 0.090571798758774427 0.92978539989624898 0.35678545291165192
963 0.07684204883297184 0.94862847317335197 0.30691907633111692
964 0.062867249509299783 0.96494618752978001 0.25480691535136635
965 0.048750364098765375 0.97844730326168416 0.20065960415633124
966 0.034630792598347608 0.98886100615155792 0.14475710247493456
967 0.020646539111788556 0.99595354447843232 0.087465751374770015
968 0.0068517335299733521 0.99954828118977679 0.029262387431603164
969 -0.006851733458211778 0.99954828119707873 -0.029262387198985811
970 -0.020646539176371312 0.99595354445683926 -0.087465751605399683
971 -0.034630792760618694 0.98886100615426986 -0.14475710241758896
972 -0.04875036418974274 0.97844730322001983 -0.20065960433739016
973 -0.062867249463482336 0.96494618745920169 -0.25480691562994845
974 -0.076842048900966325 0.94862847309000287 -0.30691907657170975
975 -0.090571798679833629 0.92978539999663345 -0.35678545267008893
976 -0.1039957849160935 0.90871461048282842 -0.40425565353464993
977 0.12479293235662997 0.91086042906611764 0.39339547886995518
978 0.10879699312717096 0.93149871307571142 0.34709272799178598
979 0.092457012225451204 0.94992940466208142 0.29847248960111256
980 0.07583209238242121 0.96586690538300568 0.24769056270023657
981 0.059013198221325391 0.97903360928633498 0.19496316145226691
982 0.042110588760862738 0.98917383302590345 0.14057676326852664
983 0.025223324045387165 0.99607011007620283 0.084900646268934385
984 0.0083969669581225748 0.99956148404300871 0.028395960340200477
985 -0.0083969670363139657 0.99956148403587897 -0.028395960568048925
986 -0.025223323883918819 0.99607011010366742 -0.084900645994684998
987 -0.042110588692416413 0.98917383306108919 -0.14057676304144556
988 -0.059013198507019408 0.97903360919451821 -0.19496316182685922
989 -0.075832092279078542 0.96586690537284581 -0.24769056277149351
990 -0.092457012187573059 0.94992940459184894 -0.2984724898363712
991 -0.10879699311746314 0.93149871298870845 -0.34709272822832027
992 -0.12479293291696814 0.91086042903798115 -0.39339547875735148
993 0.14422607892646047 0.91328398693966095 0.38093463659412163
994 0.12582817445720362 0.93342629841842861 0.33598008264425167
995 0.10704733732186927 0.95138617295802919 0.28879961474450283
996 0.087936258590628258 0.96689202809799268 0.23955588163439551
997 0.06857252598361456 0.97968193854719088 0.18847044321231038
998 0.049046722880975245 0.989517104556079 0.13583195045934679
999 0.029442386271465774 0.99619708806063856 0.082003095247350888
1000 0.0098149232646632927 0.99957579883331871 0.02742060663153699
1001 -0.0098149233631600052 0.99957579882641356 -0.027420606847997436
1002 -0.029442386271465774 0.99619708806063856 -0.082003095247350888
1003 -0.049046722765064603 0.98951710455308239 -0.13583195052303018
1004 -0.068572526004543416 0.97968193854885433 -0.18847044319604836
1005 -0.08793625843872302 0.96689202813631414 -0.23955588153548435
1006 -0.10704733715680508 0.95138617300013439 -0.28879961466697968
1007 -0.12582817445720362 0.93342629841842861 -0.33598008264425167
1008 -0.14422607913567673 0.91328398694176882 -0.38093463650985626
1009 0.16213210134133549 0.91592436671155852 0.36714538833910654
1010 0.14150786308011909 0.93551849893680195 0.32369841339359551
1011 0.1204639841154401 0.95296057923465827 0.27812688283547737
1012 0.099046276450897613 0.96799455287040903 0.23060004495756126
1013 0.077322174825485715 0.9803755140043604 0.18134258413550772
1014 0.055371604524535011 0.98988235934376578 0.13064034626560966
1015 0.033274472429623073 0.99633157437421271 0.078842903228714137
1016 0.011099414797324006 0.99959091850470894 0.026359033253691232
1017 -0.011099414750940938 0.99959091850829396 -0.026359033137281062
1018 -0.033274472326342126 0.99633157439364806 -0.078842903026701452
1019 -0.055371604688860543 0.98988235927684043 -0.13064034670306282
1020 -0.077322174932660206 0.98037551391700495 -0.18134258456206964
1021 -0.099046276431418501 0.96799455289359049 -0.23060004486861843
1022 -0.1204639841346781 0.95296057928777755 -0.27812688264514018
1023 -0.14150786302561574 0.9355184990145724 -0.32369841319265807
1024 -0.16213210143388315 0.91592436668504473 -0.36714538836438154
1025 0.18011303565456024 0.91307447800451702 0.36586102826630523
1026 0.15875123869223462 0.93273412403305989 0.32373615503672304
1027 0.1364715868042535 0.95049069295721433 0.27918264379585622
1028 0.11327039702950273 0.96602574918836681 0.23230167683818662
1029 0.089191688849340839 0.97900694333264915 0.1832764238702444
1030 0.06433640311407901 0.98910704828357809 0.13239363379743765
1031 0.038866696707096866 0.99603212320273848 0.080058662462742694
1032 0.013001178600661795 0.99955644708238856 0.026793253834233127
1033 -0.013001178638634077 0.99955644707928737 -0.026793253931507496
1034 -0.038866696464772657 0.99603212325407942 -0.080058661941638645
1035 -0.06433640295961017 0.98910704831378893 -0.13239363364679815
1036 -0.089191688986951692 0.97900694328668048 -0.18327642404882619
1037 -0.11327039714017997 0.96602574923815399 -0.23230167657718034
1038 -0.13647158696007541 0.95049069285051369 -0.27918264408295296
1039 -0.15875123840821331 0.93273412414877777 -0.32373615484259882
1040 -0.18011303578143986 0.91307447804304276 -0.365861028107694
1041 0.19929268742637893 0.90466489001695949 0.37664819329046834
1042 0.1786734661374369 0.92499318199857283 0.33535564070787505
1043 0.15618039946396536 0.94388269431161143 0.29102086214278416
1044 0.13168879120391963 0.96088774285107892 0.24362431715616795
1045 0.10517297811207747 0.97549135774896989 0.19327507762799589
1046 0.076758019761042295 0.98713444605695777 0.14026329459336992
1047 0.04676308109205108 0.99527429206098939 0.085101690989513562
1048 0.015711850673859964 0.99946941358475649 0.028531194453532395
1049 -0.01571185074658216 0.99946941358051244 -0.028531194562160807
1050 -0.046763081078162717 0.99527429207586671 -0.085101690823151249
1051 -0.076758019761042295 0.98713444605695777 -0.14026329459336992
1052 -0.10517297811207747 0.97549135774896989 -0.19327507762799589
1053 -0.13168879117077686 0.96088774285663137 -0.24362431715218341
1054 -0.15618039939705183 0.94388269435646155 -0.29102086203322908
1055 -0.1786734662287644 0.92499318197131219 -0.33535564073440816
1056 -0.19929268774648265 0.90466488990010208 -0.37664819340177236
1057 0.21789412395239563 0.89660638754636368 0.38551152584336318
1058 0.19822076446352344 0.91748506461851598 0.34486183427200862
1059 0.17573915065548762 0.93739454972998348 0.30067791582257813
1060 0.15016451192211389 0.95578267656225635 0.25284401227373882
1061 0.12135977426802927 0.97196011967431351 0.20140836862530631
1062 0.089440650846080189 0.98513488243408065 0.14666162888710849
1063 0.05487208574382358 0.99450099001512782 0.089201093407272447
1064 0.018503964529543317 0.9993802919467959 0.029943870241274321
1065 -0.018503964530733073 0.99938029194687661 -0.02994387023784412
1066 -0.054872085686903035 0.99450099001528658 -0.089201093440517409
1067 -0.089440651052044295 0.98513488240763669 -0.14666162893912685
1068 -0.12135977450746552 0.97196011958714867 -0.20140836890167432
1069 -0.15016451214758011 0.95578267652906967 -0.25284401226528463
1070 -0.17573915069281293 0.93739454970423408 -0.30067791588103898
1071 -0.19822076481210638 0.91748506446338252 -0.3448618344843723
1072 -0.21789412384607876 0.89660638749527211 -0.38551152602228045
1073 0.23594200694504586 0.88887677486039696 0.39272057301919294
1074 0.21736313653992187 0.9102127566152669 0.35251383599564479
1075 0.19506320732015406 0.93104852946039585 0.3083812266328958
1076 0.16856908011045699 0.95074228195425203 0.26014145870109956
1077 0.13760167341894458 0.96844364480397815 0.20780444247198429
1078 0.10224217951446002 0.98312937083568497 0.15166798254200861
1079 0.063091803859789131 0.99372135412938167 0.092397481745911211
1080 0.021340453114842811 0.99929019447842982 0.031043393501919665
1081 -0.021340452927565971 0.99929019449016465 -0.031043393252915195
1082 -0.063091803574184091 0.99372135417440799 -0.092397481456679864
1083 -0.10224217959754198 0.98312937083770546 -0.15166798247290519
1084 -0.13760167322548286 0.96844364484768031 -0.20780444239642007
1085 -0.16856908014526054 0.95074228194648736 -0.26014145870692468
1086 -0.19506320752634707 0.93104852947601668 -0.30838122645530847
1087 -0.21736313661718901 0.91021275669997637 -0.35251383572927641
1088 -0.23594200698727094 0.88887677478935756 -0.39272057315461356
1089 0.25346204472071276 0.88145489271598565 0.39848997979001333
1090 0.2360836556875068 0.90317477460806683 0.35852452360876363
1091 0.21409102143619752 0.92485913969482825 0.31432563729888124
1092 0.18680303432851381 0.94578988743317116 0.26568047575011861
1093 0.15377795948055534 0.96496551213235027 0.21258856877345855
1094 0.11504566718823243 0.98113474924521427 0.15536762302598547
1095 0.071336988814116473 0.99294286244494934 0.094739146853689407
1096 0.024190049030406838 0.99920004123040473 0.031845237211612684
1097 -0.024190049310842468 0.99920004121356232 -0.031845237527055009
1098 -0.071336988703250448 0.9929428624615747 -0.094739146762922472
1099 -0.11504566732263125 0.98113474920308685 -0.15536762319249814
1100 -0.15377795940991895 0.96496551215000637 -0.21258856874441071
1101 -0.18680303433940734 0.94578988744796466 -0.26568047568979619
1102 -0.21409102128237409 0.9248591397668513 -0.31432563719173418
1103 -0.23608365572573287 0.90317477460039575 -0.35852452360291587
1104 -0.25346204470446076 0.88145489273129152 -0.39848997976649447
1105 0.27048018624409698 0.87432071269269618 0.40299349896232184
1106 0.25437504420437951 0.89636647692562765 0.36307089656148117
1107 0.23277926435312851 0.91883486690830685 0.31867899435138503
1108 0.20479111289218069 0.94094190199027972 0.26960885957122604
1109 0.16979406480803597 0.96154334634349536 0.2158804499219821
1110 0.12775752855430331 0.97916402518635948 0.15784747599674409
1111 0.079538514866836232 0.99217140498053924 0.096278386939753102
1112 0.027027236719635247 0.9991105635642169 0.032366807839114234
1113 -0.027027236719635247 0.9991105635642169 -0.032366807839114234
1114 -0.079538515027595 0.99217140495631795 -0.096278387056552547
1115 -0.12775752855430331 0.97916402518635948 -0.15784747599674409
1116 -0.16979406480803597 0.96154334634349536 -0.2158804499219821
1117 -0.20479111308026435 0.94094190201796635 -0.26960885933173334
1118 -0.23277926452096676 0.91883486683125992 -0.31867899445093423
1119 -0.25437504407221739 0.8963664770908808 -0.36307089624609296
1120 -0.27048018623063769 0.87432071267513933 -0.40299349900944548
1121 0.28702214205451099 0.86745534730232876 0.40637360938800682
1122 0.2722372304946617 0.8897809881024491 0.36630135618644077
1123 0.25109911524535694 0.9129795011494819 0.32158617010661733
1124 0.22247826730888298 0.93620903334061856 0.27205893932503344
1125 0.18557824884638324 0.95818962855344647 0.21779198627983973
1126 0.14030539575847578 0.97722675477550947 0.15919254276499289
1127 0.087642363798885362 0.99141139298746372 0.097068356957355079
1128 0.02983198103553044 0.99902231404412811 0.032626200352038295
1129 -0.029831980776707203 0.99902231406051389 -0.032626200086958032
1130 -0.087642363519517277 0.99141139304496018 -0.097068356622353039
1131 -0.14030539575847578 0.97722675477550947 -0.15919254276499289
1132 -0.18557824870924011 0.95818962858864065 -0.21779198624185936
1133 -0.22247826695780915 0.93620903342547468 -0.27205893932011982
1134 -0.25109911520061956 0.91297950096205482 -0.32158617067365158
1135 -0.27223723047178205 0.88978098812113127 -0.3663013561580642
1136 -0.28702214189822362 0.86745534740527208 -0.4063736092786473
1137 0.30311309923169588 0.86084101932876755 0.40874831928114935
1138 0.28967558171765589 0.88340985222284663 0.36834099738170084
1139 0.26903340060757536 0.90729314393424954 0.32317205994242337
1140 0.23982637100815371 0.93159727751005872 0.27314798975080523
1141 0.20107859358238733 0.95491241016941419 0.21842547495054129
1142 0.15263590485064812 0.97532941641483117 0.15948294587926576
1143 0.095608360314087176 0.99066588455252536 0.097160416949569769
1144 0.032589332015340242 0.99893567920062576 0.032641143649977625
1145 -0.032589331913305361 0.99893567920631821 -0.032641143577645824
1146 -0.095608360378398136 0.99066588454075077 -0.097160417006341704
1147 -0.15263590497241797 0.97532941639816273 -0.159482945864661
1148 -0.20107859381395729 0.95491241004350769 -0.21842547528780137
1149 -0.23982637100815371 0.93159727751005872 -0.27314798975080523
1150 -0.26903340065391379 0.90729314400336913 -0.32317205970979679
1151 -0.2896755818609712 0.88340985210576617 -0.36834099754979222
1152 -0.30311309903912603 0.86084101930349965 -0.40874831947716761
1153 -0.1821614633560337 0.90046295337078086 -0.39494768118671059
1154 -0.16390901009766179 0.89633014920868603 -0.41197827616069638
1155 -0.14348997839915592 0.89237695932820416 -0.42787146266040965
1156 -0.12095429495515782 0.88872794128267629 -0.44219080148207113
1157 -0.096450851049935046 0.88552833935213304 -0.45446319271861446
1158 -0.070242453118580364 0.88293532200305169 -0.46421031326248208
1159 -0.04270886412529569 0.88110110460140134 -0.47099553755350709
1160 -0.014332704857866066 0.88014909614946291 -0.47448091860341546
1161 0.014332704955880505 0.88014909605043434 -0.47448091878414944
1162 0.042708864531977156 0.88110110461074287 -0.47099553749915513
1163 0.070242452743282641 0.88293532194035607 -0.46421031343851815
1164 0.096450851145049241 0.88552833936100206 -0.45446319268114721
1165 0.12095429487174711 0.88872794116390719 -0.4421908017435926
1166 0.1434899782462698 0.89237695928410676 -0.42787146280365157
1167 0.16390901012697298 0.89633014917246367 -0.41197827622784311
1168 0.18216146346393075 0.90046295329513981 -0.394947681309403
1169 -0.20185187443398472 0.89069118995637075 -0.40733895581148516
1170 -0.18536098404620865 0.88406030533135427 -0.42904391631959282
1171 -0.16564093607754918 0.87741536604193238 -0.45022811521367173
1172 -0.14244259391990094 0.8709964130587502 -0.47018651179735177
1173 -0.11568574718898 0.8651245780272524 -0.48803306485370002
1174 -0.085559479533875521 0.86018745620363724 -0.50274955559583334
1175 -0.052608876114686356 0.8565932405656469 -0.51330334732124394
1176 -0.017760024621167766 0.85469318662563776 -0.51882958499026266
1177 0.01776002461160851 0.85469318678735962 -0.51882958472417762
1178 0.052608876125469578 0.85659324050788799 -0.51330334741652583
1179 0.085559479706923347 0.86018745629043569 -0.50274955541787458
1180 0.11568574720016249 0.86512457824364064 -0.48803306446746297
1181 0.14244259400084783 0.87099641296742591 -0.47018651194200217
1182 0.16564093594570736 0.87741536603574732 -0.45022811527423046
1183 0.18536098398097492 0.88406030524520796 -0.42904391652528362
1184 0.20185187452245512 0.89069118998183572 -0.40733895571196227
1185 -0.22101098374556527 0.88130717952706172 -0.41767427545621361
1186 -0.20663348857761116 0.87209332854289656 -0.44357167144579679
1187 -0.18805113211366783 0.86258251496265559 -0.46966815582011501
1188 -0.16462669816976516 0.8531255265315365 -0.49505038756677044
1189 -0.13592800691069443 0.84423772716261436 -0.51844598269500486
1190 -0.10194804653587433 0.83658633988429409 -0.53826563305353203
1191 -0.063332560466272114 0.83091206664268835 -0.55278759419180445
1192 -0.021496993672977169 0.82787658261561992 -0.56049820982738807
1193 0.021496993550616402 0.82787658262243979 -0.56049820982200771
1194 0.063332560696646362 0.83091206676734353 -0.55278759397803734
1195 0.10194804618180633 0.83658633985635578 -0.53826563316401499
1196 0.13592800677369102 0.84423772715625578 -0.51844598274127929
1197 0.16462669822446438 0.85312552649444651 -0.4950503876124982
1198 0.18805113200580045 0.86258251493900606 -0.46966815590673844
1199 0.20663348839588952 0.87209332861598521 -0.44357167138675235
1200 0.22101098378283332 0.88130717960544014 -0.41767427527111173
1201 -0.23966068887231651 0.87228761404606081 -0.42623593535866588
1202 -0.22769082057295748 0.86043916349649296 -0.45585231835350848
1203 -0.21063799144657108 0.84793415377560122 -0.4864558637946606
1204 -0.18740386164981132 0.83522381114111932 -0.51699224166484581
1205 -0.15708707306767677 0.82302739391666546 -0.54584756144712454
1206 -0.11935129492786017 0.81233225291903399 -0.57085162631504283
1207 -0.074856516949812546 0.80428348017929663 -0.58951215880660279
1208 -0.025538759210462985 0.79993657482190206 -0.59954086436221599
1209 0.025538759139553755 0.79993657487212011 -0.59954086429823339
1210 0.074856516951440466 0.80428348023847085 -0.58951215872566376
1211 0.11935129464183576 0.81233225303279988 -0.57085162621295327
1212 0.15708707315283846 0.82302739385375334 -0.54584756151747482
1213 0.18740386149205823 0.83522381123567702 -0.51699224156926715
1214 0.21063799149582219 0.84793415371274683 -0.48645586388289491
1215 0.22769082059455675 0.86043916346974081 -0.45585231839321594
1216 0.23966068877106234 0.87228761418981393 -0.42623593512140967
1217 -0.25782411389761484 0.86361006421268072 -0.43324863910170452
1218 -0.2485098868839217 0.84910064376425254 -0.4661233022281468
1219 -0.2333391114910322 0.83351010614402776 -0.50081310087132036
1220 -0.21069441687164459 0.81737606484632774 -0.53619421044566429
1221 -0.17909520875786059 0.80162404631334361 -0.57037162847761014
1222 -0.13773318199023526 0.78759351712604719 -0.60060471390080472
1223 -0.087173227766982539 0.77690030926054898 -0.62355973076486348
1224 -0.029886636140139856 0.77107702650811127 -0.63604009949973761
1225 0.029886635889354096 0.77107702654212318 -0.63604009947028872
1226 0.08717322772165044 0.77690030947767263 -0.62355973050068436
1227 0.13773318211854668 0.78759351726661175 -0.60060471368705304
1228 0.17909520902599485 0.80162404634910034 -0.57037162834316257
1229 0.21069441712600342 0.81737606485343794 -0.53619421033487713
1230 0.23333911172084199 0.83351010617717458 -0.50081310070908081
1231 0.24850988673844074 0.84910064370044147 -0.46612330242194827
1232 0.2578241139420745 0.8636100641007074 -0.43324863929844742
1233 -0.27552480999766388 0.85525314431964761 -0.43889422211634016
1234 -0.26907706063620118 0.83807547024478346 -0.47458091155604576
1235 -0.2561082784463598 0.81933766811474107 -0.51292722224457965
1236 -0.23443849011900958 0.79964723610545019 -0.55281361428571341
1237 -0.2019060199779158 0.78013222490023315 -0.59213821931107391
1238 -0.15707918171923901 0.76250809453276358 -0.62762053538936124
1239 -0.10029300318597729 0.74892198346399197 -0.65502456152139643
1240 -0.034549163714784524 0.74146670230560852 -0.67009960801261126
1241 0.034549163934898798 0.74146670249457913 -0.67009960779216604
1242 0.10029300328816822 0.7489219833411338 -0.65502456164621936
1243 0.1570791815102007 0.76250809446986167 -0.62762053551809949
1244 0.20190602017693191 0.78013222476802613 -0.59213821941739442
1245 0.23443848994278535 0.79964723604435151 -0.55281361444882682
1246 0.25610827838058947 0.81933766814191478 -0.51292722223401221
1247 0.26907706074582483 0.83807547027161 -0.47458091144651765
1248 0.27552481024095793 0.85525314425953403 -0.43889422208074796
1249 -0.29278627362961951 0.84719657049974617 -0.44332174423047443
1250 -0.28938595253859872 0.82735761339923219 -0.48138877222433679
1251 -0.27891250200312279 0.80543419036046171 -0.52295657680609153
1252 -0.2585934839804917 0.78208560103090463 -0.56698458771201166
1253 -0.22549346037706047 0.75863346256121011 -0.61125115035439259
1254 -0.17739742526564176 0.73718543464869735 -0.65198756771194044
1255 -0.11424646336059439 0.72047488606549137 -0.68400561705187291
1256 -0.039543459388337587 0.71123848789824173 -0.70183767934745822
1257 0.039543460024237032 0.71123848822276381 -0.70183767898276106
1258 0.11424646353087237 0.72047488602979515 -0.6840056170610318
1259 0.17739742578015058 0.73718543440236295 -0.6519875678504734
1260 0.22549346093990202 0.75863346258071618 -0.61125115012254838
1261 0.25859348395941611 0.78208560107725578 -0.56698458765768811
1262 0.27891250216146163 0.80543419044447706 -0.52295657659224704
1263 0.28938595237646242 0.82735761348706027 -0.48138877217085613
1264 0.29278627357512627 0.84719657053228603 -0.44332174420427961
1265 -0.30963166003953119 0.83942115680397666 -0.44665462788494348
1266 -0.30943580494028017 0.81693831655142091 -0.48668395244870322
1267 -0.30172980572449448 0.79180905252493516 -0.5310344138349451
1268 -0.2831322175337519 0.76472534464324793 -0.57881887897224482
1269 -0.24985138254272823 0.73718885328386974 -0.62779525423142579
1270 -0.19872053557029748 0.71170831782416399 -0.67378143272321844
1271 -0.12908794597740811 0.6916529699874151 -0.71060007832178107
1272 -0.044897059131498357 0.68048897519652507 -0.73138157531983661
1273 0.044897059230164502 0.68048897496522531 -0.73138157552898497
1274 0.12908794627957926 0.69165297003020876 -0.71060007822523596
1275 0.19872053577241863 0.71170831765566089 -0.6737814328415942
1276 0.24985138289713901 0.73718885329118156 -0.6277952540817906
1277 0.28313221758351498 0.76472534460456676 -0.57881887899900775
1278 0.30172980520953957 0.79180905260315915 -0.53103441401090112
1279 0.30943580466910237 0.81693831669595474 -0.48668395237850731
1280 0.30963165980916507 0.8394211570375093 -0.4466546276057492
1281 0.18011303556993094 0.91307447808367859 -0.36586102811040533
1282 0.15875123837461286 0.93273412412844503 -0.323736154917657
1283 0.13647158675244203 0.9504906929756024 -0.2791826437585791
1284 0.11327039703022548 0.96602574919973916 -0.23230167679054345
1285 0.089191688938531799 0.97900694333308635 -0.18327642382450407
1286 0.064336403073691609 0.98910704828196039 -0.13239363382915045
1287 0.038866696508468863 0.99603212324174328 -0.080058662073902651
1288 0.013001178555472906 0.99955644708609259 -0.026793253717985903
1289 -0.013001178643867985 0.9995564470794186 0.026793253924069747
1290 -0.03886669644251415 0.99603212325271961 0.080058661969361983
1291 -0.064336402920197058 0.98910704831579532 0.13239363365096266
1292 -0.089191688928180912 0.97900694331247284 0.18327642393965277
1293 -0.11327039686518568 0.9660257492928751 0.23230167648371086
1294 -0.13647158688400687 0.95049069290298971 0.27918264394148051
1295 -0.15875123842927416 0.93273412410726875 0.32373615495186497
1296 -0.18011303573772089 0.91307447792575958 0.36586102842191859
1297 0.19929268759776672 0.90466489006815354 -0.37664819307682146
1298 0.17867346617517207 0.92499318196780111 -0.33535564077264635
1299 0.15618039947148776 0.94388269437949945 -0.29102086191856202
1300 0.13168879113704143 0.96088774287566692 -0.24362431709533922
1301 0.10517297807079339 0.97549135775895068 -0.19327507760008655
1302 0.076758019959776158 0.98713444600477018 -0.14026329485189568
1303 0.046763080951338437 0.99527429208716633 -0.08510169076069149
1304 0.015711850782852029 0.99946941357740959 -0.028531194650883267
1305 -0.015711850735649738 0.99946941358051222 0.028531194568186494
1306 -0.046763081074310181 0.99527429207378693 0.085101690849593084
1307 -0.076758019740051114 0.98713444606499512 0.14026329454829267
1308 -0.10517297802114009 0.97549135776477702 0.19327507759769877
1309 -0.13168879108571013 0.96088774285666023 0.24362431719805192
1310 -0.1561803996045934 0.94388269428768057 0.29102086214493006
1311 -0.17867346632775047 0.9249931820008277 0.33535564060025869
1312 -0.19929268764818431 0.90466489002255013 0.37664819315967857
1313 0.2178941241465833 0.89660638750236943 -0.38551152583592646
1314 0.19822076446352344 0.91748506461851598 -0.34486183427200862
1315 0.17573915073597285 0.93739454967445957 -0.30067791594863824
1316 0.15016451192962629 0.95578267657992122 -0.25284401220250113
1317 0.12135977446586604 0.97196011961591133 -0.20140836878793586
1318 0.089440650982981304 0.98513488243311176 -0.14666162881012831
1319 0.054872085710218628 0.99450099001866166 -0.089201093388545982
1320 0.018503964539915423 0.99938029194679401 -0.029943870234932043
1321 -0.018503964580406776 0.99938029194311628 0.029943870332648642
1322 -0.054872085615358335 0.9945009900301276 0.089201093319065061
1323 -0.089440650951773296 0.98513488241330482 0.14666162896220261
1324 -0.12135977453896483 0.97196011955695583 0.20140836902839934
1325 -0.15016451195355981 0.95578267655432925 0.25284401228502879
1326 -0.17573915047118077 0.93739454978801584 0.30067791574937908
1327 -0.19822076463149352 0.91748506456213552 0.34486183432545875
1328 -0.21789412383623308 0.89660638750454036 0.38551152600628968
1329 0.23594200701674839 0.88887677476160365 -0.39272057319972176
1330 0.21736313665561771 0.91021275663907297 -0.35251383586283686
1331 0.19506320732015406 0.93104852946039585 -0.3083812266328958
1332 0.1685690802241209 0.95074228196562793 -0.26014145858587162
1333 0.13760167339875193 0.96844364481047907 -0.20780444245505969
1334 0.10224217950741718 0.98312937084164176 -0.15166798250814315
1335 0.063091803822775114 0.99372135412631479 -0.092397481804171025
1336 0.021340453103259448 0.99929019447824297 -0.031043393515895464
1337 -0.021340452756639212 0.99929019450179113 0.031043392996156893
1338 -0.06309180372473229 0.9937213541497012 0.092397481619597779
1339 -0.10224217949708926 0.98312937081682206 0.15166798267599102
1340 -0.13760167345201652 0.96844364475318856 0.20780444268678283
1341 -0.16856908021278016 0.95074228194049759 0.26014145868506267
1342 -0.19506320750432996 0.93104852946910821 0.30838122649009236
1343 -0.21736313660177159 0.91021275656481571 0.3525138360877757
1344 -0.23594200703028298 0.88887677478014349 0.39272057314962788
1345 0.25346204411956641 0.88145489304028768 -0.3984899794550244
1346 0.23608365567918393 0.90317477467050422 -0.35852452345695479
1347 0.21409102121257623 0.92485913984916435 -0.31432563699708022
1348 0.1868030340348856 0.94578988748199122 -0.26568047578277804
1349 0.15377795954761797 0.96496551213036263 -0.21258856873397014
1350 0.11504566726858056 0.98113474921292965 -0.15536762317036484
1351 0.071336988589498149 0.99294286248165697 -0.094739146638099084
1352 0.02419004909261473 0.99920004122711104 -0.031845237267715293
1353 -0.024190049305455191 0.99920004121316652 0.031845237543563824
1354 -0.071336988621418462 0.99294286248512253 0.094739146577741198
1355 -0.1150456670087838 0.98113474930146283 0.15536762280365854
1356 -0.15377795949677256 0.96496551213933213 0.2125885687300374
1357 -0.18680303403703055 0.9457898875479438 0.26568047554648766
1358 -0.21409102140617059 0.92485913970936862 0.31432563727655011
1359 -0.23608365571944984 0.90317477462158657 0.35852452355367137
1360 -0.25346204434385189 0.88145489286455714 0.39848997970108019
1361 0.27048018622926784 0.87432071266131184 -0.4029934990403648
1362 0.25437504421205287 0.89636647697674654 -0.36307089642990109
1363 0.23277926448494984 0.91883486680901472 -0.31867899454138199
1364 0.20479111300194325 0.94094190208340156 -0.26960885916285449
1365 0.16979406459931429 0.96154334646315875 -0.21588044955315883
1366 0.12775752832163012 0.97916402527644852 -0.15784747562622092
1367 0.079538514909674563 0.99217140498136103 -0.096278386895895907
1368 0.027027236662937049 0.99911056356716799 -0.032366807795357264
1369 -0.027027236727140247 0.99911056356300465 0.032366807870258925
1370 -0.079538514725153775 0.99217140502246803 0.096278386624715773
1371 -0.12775752840821267 0.9791640252244509 0.15784747587869635
1372 -0.1697940647966642 0.96154334637650196 0.21588044978391346
1373 -0.20479111303859182 0.94094190198536576 0.26960885947716395
1374 -0.23277926457397885 0.91883486678637905 0.31867899454161547
1375 -0.25437504410879802 0.89636647701511807 0.36307089640750995
1376 -0.27048018619573572 0.87432071257682065 0.40299349924617961
1377 0.28702214192837477 0.86745534745334829 -0.40637360915472714
1378 0.27223723045958265 0.88978098819735507 -0.36630135598197611
1379 0.25109911526153894 0.91297950093593827 -0.32158617070023066
1380 0.22247826733852968 0.93620903332386818 -0.27205893935843051
1381 0.18557824846138268 0.95818962872585067 -0.21779198584939169
1382 0.14030539575065104 0.97722675475837639 -0.15919254287706316
1383 0.087642363541311483 0.99141139303419668 -0.097068356712609355
1384 0.029831980922971121 0.99902231405073816 -0.032626200252552008
1385 -0.029831981099339929 0.99902231403993191 0.032626200422185281
1386 -0.087642363509812179 0.99141139303489279 0.097068356733938418
1387 -0.14030539562675728 0.97722675479562104 0.15919254275762471
1388 -0.18557824872673073 0.95818962859698442 0.21779198619024731
1389 -0.22247826729621173 0.93620903332647021 0.27205893938408238
1390 -0.25109911508370264 0.91297950105680803 0.32158617049593918
1391 -0.27223723049357484 0.88978098814791551 0.36630135607680664
1392 -0.28702214188742708 0.86745534745979125 0.40637360916989484
1393 0.30311309903865552 0.86084101939649094 -0.40874831928167304
1394 0.28967558212459193 0.88340985212931655 -0.36834099728599057
1395 0.26903340074240606 0.90729314373923442 -0.32317206037767721
1396 0.23982637076822405 0.93159727754883204 -0.27314798982922539
1397 0.20107859371789782 0.9549124100872437 -0.21842547518502609
1398 0.15263590476960648 0.97532941644027493 -0.15948294580122488
1399 0.095608360172803955 0.99066588456939542 -0.097160416916586598
1400 0.032589332226503641 0.99893567918710113 -0.032641143853044868
1401 -0.032589331999526509 0.99893567920135118 0.032641143643556116
1402 -0.095608360158250846 0.99066588457644933 0.097160416858983967
1403 -0.15263590510741024 0.97532941632425696 0.15948294618744108
1404 -0.20107859387480842 0.95491241003446947 0.21842547527129622
1405 -0.23982637082317743 0.93159727752029187 0.27314798987831529
1406 -0.26903340084265259 0.90729314370940028 0.3231720603779823
1407 -0.28967558188495812 0.8834098523003967 0.36834099706413664
1408 -0.30311309919595097 0.86084101929861268 0.40874831937116402
1409 -0.18216146362247235 0.90046295322756464 0.39494768139034808
1410 -0.16390901016245002 0.89633014911835751 0.41197827633144557
1411 -0.1434899782992112 0.89237695929199823 0.42787146276943905
1412 -0.1209542947564686 0.88872794120230292 0.44219080169795649
1413 -0.096450851145049241 0.88552833936100206 0.45446319268114721
1414 -0.070242452722225471 0.88293532199544111 0.4642103133369323
1415 -0.042708864067502586 0.88110110441609957 0.47099553790539561
1416 -0.014332704863734511 0.88014909605198044 0.47448091878406551
1417 0.014332705060183399 0.88014909610439673 0.47448091868090042
1418 0.042708864446497817 0.88110110450017776 0.47099553771374264
1419 0.070242453239411015 0.88293532195152313 0.46421031334220647
1420 0.096450851140259544 0.88552833937198905 0.4544631926607553
1421 0.12095429482052919 0.88872794125529764 0.44219080157392315
1422 0.14348997851120493 0.89237695929277538 0.42787146269672438
1423 0.16390900998404656 0.89633014917044285 0.41197827628910388
1424 0.18216146341440548 0.90046295322834002 0.39494768148454595
1425 -0.20185187439702673 0.8906911899956339 0.40733895574394618
1426 -0.18536098401880574 0.88406030536524316 0.42904391626160204
1427 -0.16564093587070594 0.87741536600205683 0.45022811536748042
1428 -0.14244259392978703 0.87099641304109598 0.47018651182706001
1429 -0.11568574722792918 0.86512457817989519 0.48803306457388113
1430 -0.085559479496927965 0.8601874563223828 0.50274955539895161
1431 -0.052608876320015568 0.85659324050022922 0.51330334740936756
1432 -0.017760024580337316 0.85469318662108318 0.51882958499916298
1433 0.017760024611074426 0.85469318678782746 0.51882958472342544
1434 0.052608876230965267 0.85659324054678465 0.51330334734080352
1435 0.085559479428015894 0.86018745618587733 0.50274955564423562
1436 0.11568574725996607 0.86512457816372579 0.48803306459495033
1437 0.14244259380280561 0.87099641303893216 0.47018651186953725
1438 0.16564093600725857 0.87741536594580449 0.4502281154268678
1439 0.18536098405183152 0.88406030537561964 0.42904391622595339
1440 0.20185187445448469 0.89069119001484109 0.40733895567347506
1441 -0.22101098369179603 0.88130717971014549 0.41767427509835225
1442 -0.20663348845142443 0.87209332849547838 0.44357167159780714
1443 -0.18805113190243211 0.86258251503583316 0.46966815577029625
1444 -0.16462669823954956 0.85312552649803564 0.49505038760129599
1445 -0.1359280070599139 0.84423772716811729 0.5184459826469211
1446 -0.10194804655739585 0.83658633999062648 0.53826563288419138
1447 -0.063332560630892043 0.83091206678366869 0.55278759396103183
1448 -0.021496993295684788 0.82787658262133978 0.56049820983340992
1449 0.021496993484134797 0.82787658261670771 0.56049820983302401
1450 0.063332560486177122 0.83091206687216412 0.55278759384459142
1451 0.10194804612982294 0.83658634002356869 0.53826563291397422
1452 0.13592800679494144 0.84423772707400346 0.51844598286964783
1453 0.16462669823155637 0.85312552651232099 0.49505038757933595
1454 0.18805113224414316 0.86258251483970594 0.46966815599368045
1455 0.20663348879617016 0.87209332847953003 0.44357167146856619
1456 0.22101098361906338 0.88130717961603366 0.41767427533541762
1457 -0.23966068896565731 0.87228761406095423 0.42623593527570408
1458 -0.2276908205811809 0.86043916338247972 0.45585231856460573
1459 -0.21063799147185194 0.84793415374782943 0.48645586383212214
1460 -0.18740386149205823 0.83522381123567702 0.51699224156926715
1461 -0.15708707289613533 0.8230273938337721 0.54584756162147841
1462 -0.11935129469928595 0.81233225292108791 0.5708516263599096
1463 -0.074856516907234105 0.80428348007387529 0.58951215895583808
1464 -0.025538759142082597 0.79993657481966363 0.59954086436811582
1465 0.025538759351347137 0.79993657477174696 0.59954086442313448
1466 0.074856516910736109 0.80428348007771977 0.5895121589501483
1467 0.11935129475849579 0.81233225290116873 0.5708516263758755
1468 0.15708707304751882 0.82302739382801615 0.54584756158659087
1469 0.18740386150762509 0.83522381120783251 0.51699224160860846
1470 0.21063799151831267 0.84793415361095037 0.48645586405059671
1471 0.22769082022762649 0.86043916353184624 0.45585231845926527
1472 0.23966068876742216 0.87228761406990896 0.42623593536884036
1473 -0.25782411367813379 0.8636100642979897 0.43324863906226707
1474 -0.24850988653417524 0.84910064386845374 0.46612330222479575
1475 -0.23333911169378485 0.83351010622153821 0.50081310064785167
1476 -0.2106944169527607 0.81737606475580193 0.53619421055178795
1477 -0.17909520888238381 0.80162404638774976 0.5703716283339364
1478 -0.13773318180932514 0.78759351715499137 0.60060471390433612
1479 -0.087173227776661422 0.77690030926130138 0.62355973076257309
1480 -0.029886635892615258 0.77107702647577869 0.63604009955056573
1481 0.029886635817780356 0.77107702650753995 0.63604009951557761
1482 0.087173227762143132 0.77690030926017284 0.62355973076600879
1483 0.13773318165401846 0.78759351723297066 0.60060471383769531
1484 0.17909520891049099 0.80162404639131457 0.57037162832010069
1485 0.21069441716662649 0.81737606478071034 0.53619421042978055
1486 0.23333911154639891 0.83351010613231946 0.50081310086500963
1487 0.24850988656473064 0.84910064367849447 0.46612330255453976
1488 0.25782411372811026 0.86361006428340903 0.43324863906159061
1489 -0.27552481008813273 0.85525314436476918 0.43889422197162004
1490 -0.26907706072725573 0.83807547029464657 0.47458091141636533
1491 -0.25610827842418693 0.81933766807799513 0.5129272223143474
1492 -0.23443849000663433 0.79964723601204701 0.55281361446847777
1493 -0.2019060202986899 0.78013222472116295 0.59213821943761913
1494 -0.15707918130395235 0.76250809436691735 0.62762053569478782
1495 -0.10029300294323283 0.74892198355003503 0.65502456146018651
1496 -0.034549163790526256 0.74146670230902878 0.67009960800492152
1497 0.03454916328686676 0.74146670247354929 0.67009960784884715
1498 0.10029300296725324 0.74892198342087579 0.65502456160418276
1499 0.15707918217763214 0.76250809439499723 0.62762053544201046
1500 0.20190602002035521 0.78013222494653334 0.59213821923560295
1501 0.23443849038771139 0.79964723597143017 0.55281361436562193
1502 0.25610827850215978 0.81933766811590236 0.51292722221486353
1503 0.26907706068795934 0.83807547036222285 0.47458091131931057
1504 0.27552480999829876 0.85525314423077237 0.43889422228912872
1505 -0.29278627360409559 0.84719657057796893 0.44332174409784664
1506 -0.28938595268361661 0.82735761343963765 0.48138877206771485
1507 -0.27891250228995762 0.80543419046867615 0.52295657648644445
1508 -0.25859348402351195 0.78208560096227997 0.56698458778705008
1509 -0.22549346097451511 0.7586334625725637 0.61125115011989728
1510 -0.17739742564424427 0.73718543462486141 0.6519875676358784
1511 -0.11424646381059585 0.72047488624762546 0.68400561678486627
1512 -0.039543459695195085 0.71123848823046332 0.70183767899349725
1513 0.039543459708235168 0.7112384880382312 0.70183767918756979
1514 0.11424646338955298 0.72047488587505404 0.6840056172476271
1515 0.17739742560417771 0.73718543451782581 0.65198756776780198
1516 0.22549346059488659 0.7586334625930734 0.6112511502344895
1517 0.25859348409756044 0.78208560106415181 0.56698458761275805
1518 0.27891250197678119 0.8054341903645813 0.52295657681379559
1519 0.28938595265821576 0.82735761358299942 0.48138877183659046
1520 0.29278627352364345 0.84719657053692565 0.44332174422941417
1521 -0.30963165997228087 0.83942115705553033 0.44665462745880585
1522 -0.30943580481007293 0.81693831668828631 0.4866839523017496
1523 -0.30172980553089912 0.79180905261614443 0.53103441380894467
1524 -0.28313221734362709 0.76472534498677269 0.57881887861138603
1525 -0.24985138281495681 0.73718885348096452 0.62779525389164503
1526 -0.19872053591291494 0.71170831785474542 0.67378143258986611
1527 -0.12908794568613197 0.69165296988589586 0.71060007847350692
1528 -0.044897059669591587 0.68048897498285998 0.73138157548560223
1529 0.044897059386984101 0.68048897515778772 0.7313815753401951
1530 0.12908794636215645 0.69165297001443826 0.71060007822558513
1531 0.19872053602806319 0.71170831785730448 0.67378143255320189
1532 0.24985138301854071 0.73718885327114514 0.62779525405700287
1533 0.2831322175077623 0.76472534488210819 0.57881887866937953
1534 0.30172980532766575 0.79180905263212786 0.53103441390058814
1535 0.30943580495008588 0.81693831653923477 0.48668395246292417
1536 0.30963165993107322 0.83942115701060782 0.44665462757179747
1537 -0.16137963769233868 0.92063918786388554 0.35549978664918352
1538 -0.14049927143716989 0.93944128065511268 0.31258604403700724
1539 -0.11937223781173993 0.95602820031851543 0.26788122187932045
1540 -0.09801165081989896 0.97020655868979866 0.22156928888917823
1541 -0.076446986468660647 0.98179685592790844 0.17387004327926711
1542 -0.054719561129870413 0.99064162493975882 0.12503975594373329
1543 -0.032876705594396816 0.99661352797368141 0.075369742530484396
1544 -0.010966258756665362 0.99962274135858109 0.025181662527270523
1545 0.010966258756665362 0.99962274135858109 -0.025181662527270523
1546 0.032876705488735267 0.99661352799193603 -0.075369742335195597
1547 0.054719561129870413 0.99064162493975882 -0.12503975594373329
1548 0.076446986557368937 0.98179685587993015 -0.17387004351118435
1549 0.098011650611010526 0.97020655869983807 -0.22156928893762101
1550 0.11937223796847704 0.95602820025283175 -0.26788122204389186
1551 0.14049927169010526 0.939441280615532 -0.31258604404227558
1552 0.16137963756161514 0.92063918792845911 -0.35549978654129899
1553 -0.14338101123398839 0.91857672295318227 0.36831873379738894
1554 -0.12481564134356571 0.9378313945636183 0.32387239932858269
1555 -0.1060269144730626 0.95483432161495574 0.27757829827533231
1556 -0.087030088909965067 0.96938200680956699 0.22961770075100998
1557 -0.067857254701763736 0.98128462429601537 0.18021065202858524
1558 -0.048551936567985947 0.99037471222351137 0.12961727833778663
1559 -0.029160769455924822 0.99651601268229639 0.07813760933453022
1560 -0.0097247230425544975 0.9996118236043845 0.026108080589395701
1561 0.0097247231321621816 0.99961182359790468 -0.026108080804114461
1562 0.029160769343997323 0.99651601270099899 -0.078137609137781908
1563 0.048551936567985947 0.99037471222351137 -0.12961727833778663
1564 0.067857254701763736 0.98128462429601537 -0.18021065202858524
1565 0.087030088920867332 0.9693820068172303 -0.2296177007145245
1566 0.10602691434860331 0.95483432162383419 -0.27757829829233094
1567 0.12481564134356571 0.9378313945636183 -0.32387239932858269
1568 0.14338101107312987 0.91857672301515614 -0.36831873370544771
1569 -0.12397401460108277 0.91670729966805276 0.37983966412026754
1570 -0.10789759834929376 0.93636915384147945 0.334022328601916
1571 -0.091623135668314037 0.95374739388802166 0.28630597210346886
1572 -0.075168082040892717 0.96862936702508662 0.23686896964117948
1573 -0.058568278050341621 0.98081576586023245 0.18593060599649439
1574 -0.041872426476374236 0.99012973079076172 0.13375281718601065
1575 -0.02513028196827775 0.99642630426908441 0.080641732923152881
1576 -0.0083767198222031245 0.99960176641535192 0.026946969112106596
1577 0.0083767196858429479 0.99960176642886034 -0.026946968653392477
1578 0.02513028196827775 0.99642630426908441 -0.080641732923152881
1579 0.041872426476374236 0.99012973079076172 -0.13375281718601065
1580 0.058568278016283157 0.98081576585786756 -0.18593060601969894
1581 0.075168081997485564 0.96862936702125935 -0.23686896967060447
1582 0.091623135518524121 0.95374739388300478 -0.28630597216811704
1583 0.10789759820517937 0.9363691540371909 -0.33402232809982796
1584 0.12397401475714569 0.91670729974229692 -0.37983966389014967
1585 -0.10329359666310424 0.91507108544922855 0.38984014860346394
1586 -0.089868136105051996 0.9350865267247922 0.34283655821800629
1587 -0.076270792136531609 0.9527914867622338 0.29388968852322472
1588 -0.062519778366770196 0.96796538451753311 0.24317543397472191
1589 -0.048654255467718899 0.98040062824982332 0.19091194711760101
1590 -0.034731267981109246 0.98991195913247232 0.13736102864689992
1591 -0.020811524665634129 0.99634626849850205 0.082831115471196384
1592 -0.0069297877297523494 0.99959277313528494 0.027681508949677535
1593 0.0069297877299838379 0.99959277313525952 -0.027681508950545185
1594 0.020811524665634129 0.99634626849850205 -0.082831115471196384
1595 0.034731267981109246 0.98991195913247232 -0.13736102864689992
1596 0.048654255346990367 0.98040062834737229 -0.19091194664742145
1597 0.062519778489850769 0.96796538450946856 -0.24317543397517938
1598 0.076270792245785285 0.95279148675065739 -0.29388968853240161
1599 0.089868136055357678 0.93508652672011561 -0.34283655824378756
1600 0.10329359649690162 0.91507108557207351 -0.38984014835914771
1601 -0.081518938862555984 0.9137065509557597 0.3981143068859147
1602 -0.070891779742019309 0.9340144996179689 0.35013036153467786
1603 -0.060119881297245839 0.95199027722945151 0.30016680684812125
1604 -0.049218791655725666 0.96740680730778805 0.24839802680879366
1605 -0.038226653650552007 0.98004971496088444 0.19504173695845362
1606 -0.027208172428982144 0.98972678026264704 0.14035888209874445
1607 -0.016246335361342096 0.99627778100591702 0.084656007827282304
1608 -0.0053951066890214174 0.999585043364282 0.028295475013519041
1609 0.005395106645402617 0.9995850433714395 -0.028295474768983003
1610 0.016246335361342096 0.99627778100591702 -0.084656007827282304
1611 0.027208172448597124 0.98972678022721827 -0.14035888234476193
1612 0.038226653735040535 0.98004971496428639 -0.19504173692479929
1613 0.04921879156913498 0.96740680742552743 -0.24839802636740596
1614 0.060119881358246245 0.95199027724499052 -0.30016680678662033
1615 0.070891779781697625 0.93401449968373029 -0.35013036135121783
1616 0.081518939041866439 0.91370655099184672 -0.39811430676637649
1617 -0.058865998558175932 0.91264844698344005 0.40448437106081597
1618 -0.051166403288398069 0.93318147275290986 0.35574476536589933
1619 -0.043352803233974328 0.95136591123369574 0.30499743834044896
1620 -0.035434086823264786 0.96696973816325704 0.25241622564225846
1621 -0.027438388084396501 0.97977346814504729 0.19821979209543089
1622 -0.019425468971877271 0.98957969546400515 0.1426698197958827
1623 -0.011502612131535365 0.99622274272516398 0.086069371969958397
1624 -0.0037882556900422481 0.99957876930903244 0.028773826048455183
1625 0.0037882556975754435 0.99957876930904221 -0.028773826047130649
1626 0.011502612131535365 0.99622274272516398 -0.086069371969958397
1627 0.019425468971877271 0.98957969546400504 -0.1426698197958827
1628 0.027438388077291695 0.9797734681549588 -0.19821979204742263
1629 0.035434086942958673 0.96696973814524978 -0.25241622569443889
1630 0.043352803233356607 0.95136591122464731 -0.30499743836876081
1631 0.051166403643169683 0.93318147275937602 -0.35574476529791199
1632 0.058865998558175932 0.91264844698344005 -0.40448437106081597
1633 -0.035575733119720981 0.91192559736873202 0.408810557687391
1634 -0.030908645962307173 0.93261138131787147 0.35955620845863395
1635 -0.026166287379930698 0.95093752577839907 0.30827446775756073
1636 -0.021350368718568311 0.96666866017105824 0.25513890961331681
1637 -0.016472310212271673 0.97958188657452316 0.20036963465397842
1638 -0.011563343133616115 0.98947644481874608 0.14423125266192807
1639 -0.0067101007174270432 0.9961832657616787 0.087028015976227849
1640 -0.0021340601513891258 0.99957415065549315 0.029102630957011311
1641 0.0021340601513891258 0.99957415065549315 -0.029102630957011311
1642 0.0067101007174270432 0.9961832657616787 -0.087028015976227849
1643 0.01156334307813699 0.98947644481999941 -0.14423125265777745
1644 0.016472310189112136 0.9795818865252629 -0.20036963489670928
1645 0.021350368771661014 0.96666866018831976 -0.25513890954347385
1646 0.026166287292309291 0.95093752584895397 -0.30827446754735671
1647 0.030908646039390066 0.93261138132192178 -0.35955620844150216
1648 0.035575733031950607 0.91192559736386747 -0.40881055770588037
1649 -0.011901264959858528 0.91155873631659368 0.41099760356631027
1650 -0.010337189502657914 0.93232170316533758 0.36148220470732789
1651 -0.0087464562858926408 0.95071945854832218 0.30992904129820442
1652 -0.0071284343348945751 0.96651493461097149 0.25651133814683968
1653 -0.0054842308468494843 0.97948351550989654 0.20144966134593675
1654 -0.0038173803511128107 0.98942279512876519 0.14501020683674828
1655 -0.0021387627231061364 0.99616216245279032 0.087500695948058996
1656 -0.00053780503559476751 0.99957152826925189 0.02926551963003525
1657 0.00053780503559476751 0.99957152826925189 -0.02926551963003525
1658 0.0021387627231061364 0.99616216245279032 -0.087500695948058996
1659 0.0038173803511128107 0.98942279512876519 -0.14501020683674828
1660 0.0054842308404939172 0.97948351555369229 -0.20144966113316645
1661 0.0071284342651618217 0.96651493472383465 -0.2565113377235187
1662 0.0087464563918941435 0.95071945854828166 -0.30992904129533705
1663 0.010337189502813524 0.93232170316518947 -0.36148220470770515
1664 0.011901265034719468 0.91155873657007025 -0.41099760300195265
1665 0.011901265143339229 0.91155873631859174 0.41099760355656567
1666 0.010337189341582231 0.93232170316363239 0.36148220471633175
1667 0.0087464562848352558 0.95071945855991413 0.30992904126267545
1668 0.0071284343347953983 0.96651493461097082 0.25651133814684518
1669 0.0054842308468494843 0.97948351550989654 0.20144966134593675
1670 0.0038173803832738974 0.98942279512895104 0.14501020683463284
1671 0.0021387627231061364 0.99616216245279032 0.087500695948058996
1672 0.00053780503559476751 0.99957152826925189 0.02926551963003525
1673 -0.00053780503559476751 0.99957152826925189 -0.02926551963003525
1674 -0.0021387627231864198 0.9961621624525504 -0.087500695950789228
1675 -0.0038173803511128107 0.98942279512876519 -0.14501020683674828
1676 -0.0054842308404939172 0.97948351555369229 -0.20144966113316645
1677 -0.0071284341573980966 0.96651493472383387 -0.25651133772651652
1678 -0.0087464563591947205 0.95071945850102146 -0.30992904144123268
1679 -0.010337189630288677 0.93232170316421747 -0.36148220470656661
1680 -0.011901265143339229 0.91155873631859174 -0.41099760355656567
1681 0.035575733119720981 0.91192559736873202 0.408810557687391
1682 0.030908645860097866 0.93261138121043585 0.35955620874608479
1683 0.026166287443488173 0.95093752593118641 0.30827446728086161
1684 0.02135036883063848 0.96666866016308295 0.25513890963415509
1685 0.016472310212271673 0.97958188657452316 0.20036963465397842
1686 0.011563343079557954 0.98947644481870178 0.144231252666566
1687 0.0067101007174270432 0.9961832657616787 0.087028015976227849
1688 0.0021340601513891258 0.99957415065549315 0.029102630957011311
1689 -0.0021340601513891258 0.99957415065549315 -0.029102630957011311
1690 -0.0067101007174270432 0.9961832657616787 -0.087028015976227849
1691 -0.011563343025024842 0.98947644485521224 -0.14423125242046361
1692 -0.01647231021012065 0.97958188657952427 -0.20036963462970586
1693 -0.021350368774343782 0.96666866018029962 -0.25513890957363616
1694 -0.026166287360588795 0.95093752584908342 -0.308274467541162
1695 -0.030908646138683653 0.93261138124482756 -0.35955620863293247
1696 -0.035575732889985764 0.91192559749535662 -0.40881055742492434
1697 0.058865998884045111 0.91264844686187219 0.40448437128768794
1698 0.051166403597096621 0.93318147267691653 0.355744765520844
1699 0.043352803229325554 0.95136591123348691 0.30499743834176063
1700 0.035434086995214664 0.96696973814709908 0.25241622568001931
1701 0.027438388111704782 0.97977346810695065 0.1982197922799572
1702 0.019425468971877271 0.98957969546400504 0.1426698197958827
1703 0.011502612130828666 0.99622274272596278 0.086069371960809549
1704 0.0037882556959034312 0.99957876930929268 0.028773826038645037
1705 -0.003788255682735928 0.99957876930927514 -0.028773826040989239
1706 -0.011502612130828666 0.99622274272596278 -0.086069371960809549
1707 -0.019425468971877271 0.98957969546400504 -0.1426698197958827
1708 -0.027438388184387954 0.97977346815504451 -0.19821979203217571
1709 -0.03543408692744477 0.96696973826866839 -0.25241622522381857
1710 -0.043352803243227031 0.95136591121340552 -0.30499743840242399
1711 -0.051166403597096621 0.93318147267691653 -0.355744765520844
1712 -0.058865998884045111 0.91264844686187219 -0.40448437128768794
1713 0.081518939033444135 0.91370655099114195 0.39811430676971821
1714 0.070891779781697625 0.93401449968373018 0.35013036135121783
1715 0.060119881365468697 0.95199027723367602 0.30016680682105845
1716 0.049218791707028198 0.96740680731041384 0.24839802678840278
1717 0.038226653673310074 0.98004971491680792 0.19504173717546722
1718 0.027208172472677442 0.98972678022645433 0.1403588823454818
1719 0.016246335423144097 0.99627778098729491 0.084656008034576985
1720 0.0053951066344957383 0.99958504337212617 0.028295474746806045
1721 -0.0053951066784870046 0.99958504336499798 -0.028295474990227703
1722 -0.016246335377158503 0.99627778100618758 -0.084656007821063431
1723 -0.027208172378275074 0.98972678029572903 -0.14035888187529721
1724 -0.0382266536330347 0.98004971491519066 -0.19504173719148762
1725 -0.049218791573916322 0.96740680741940011 -0.24839802639032174
1726 -0.060119881352046031 0.95199027724459029 -0.30016680678913149
1727 -0.070891779781697625 0.93401449968373018 -0.35013036135121783
1728 -0.081518939095171605 0.91370655087790242 -0.39811430701697365
1729 0.10329359664714494 0.9150710854398435 0.38984014862972194
1730 0.089868136105051996 0.9350865267247922 0.34283655821800629
1731 0.076270792127347692 0.95279148678315817 0.29388968845777064
1732 0.062519778524259648 0.9679653845827787 0.2431754336745201
1733 0.048654255484293557 0.98040062828956187 0.19091194690930538
1734 0.034731267971412051 0.98991195912592467 0.13736102869653916
1735 0.020811524667665608 0.99634626849855235 0.08283111547008
1736 0.0069297877299838379 0.99959277313525952 0.027681508950545185
1737 -0.006929787655477187 0.99959277314221873 -0.027681508717891025
1738 -0.020811524683903862 0.99634626849893104 -0.082831115461445878
1739 -0.034731268009413813 0.98991195910085039 -0.13736102886763207
1740 -0.048654255537727807 0.98040062824813656 -0.19091194710842083
1741 -0.062519778416653168 0.9679653845824403 -0.24317543370353201
1742 -0.076270792234383294 0.95279148668955416 -0.29388968873345728
1743 -0.089868136105051996 0.9350865267247922 -0.34283655821800629
1744 -0.10329359658033076 0.91507108556891703 -0.38984014834445146
1745 0.12397401467493403 0.91670729982004362 0.37983966372934758
1746 0.10789759826808329 0.93636915396301856 0.33402232828743678
1747 0.091623135515989496 0.95374739394346375 0.28630597196752627
1748 0.07516808200677115 0.96862936701368341 0.23686896969863799
1749 0.058568278050341614 0.98081576586023245 0.18593060599649436
1750 0.041872426451877616 0.99012973078953614 0.13375281720275206
1751 0.02513028196827775 0.99642630426908441 0.080641732923152881
1752 0.008376719747765703 0.99960176642209697 0.026946968885032917
1753 -0.0083767196858429479 0.99960176642886034 -0.026946968653392477
1754 -0.025130281966628198 0.99642630426953283 -0.080641732918125875
1755 -0.041872426451877616 0.99012973078953614 -0.13375281720275206
1756 -0.058568278016283157 0.98081576585786756 -0.18593060601969894
1757 -0.075168082109612469 0.96862936696901947 -0.23686896984864675
1758 -0.091623135518524121 0.95374739388300478 -0.28630597216811704
1759 -0.10789759834929376 0.93636915384147945 -0.334022328601916
1760 -0.12397401467493403 0.91670729982004362 -0.37983966372934758
1761 0.14338101119461399 0.91857672304897409 0.36831873357381456
1762 0.1248156413723963 0.9378313945348421 0.32387239940079887
1763 0.1060269144730626 0.95483432161495574 0.27757829827533231
1764 0.087030089098459412 0.96938200675661124 0.22961770090313094
1765 0.067857254745038301 0.98128462427991103 0.18021065209998138
1766 0.048551936674985377 0.99037471219586615 0.12961727850893937
1767 0.029160769454973846 0.99651601268251533 0.078137609332094404
1768 0.0097247230425544975 0.9996118236043845 0.026108080589395701
1769 -0.0097247231443475819 0.99961182359791034 -0.026108080799366121
1770 -0.029160769454973846 0.99651601268251533 -0.078137609332094404
1771 -0.048551936629725574 0.99037471219461337 -0.12961727853546287
1772 -0.067857254691346194 0.98128462428979546 -0.18021065206637588
1773 -0.087030088920867332 0.9693820068172303 -0.2296177007145245
1774 -0.10602691445528609 0.95483432161248194 -0.27757829829063152
1775 -0.12481564134356571 0.9378313945636183 -0.32387239932858269
1776 -0.14338101098364842 0.91857672316867811 -0.3683187333574014
1777 0.16137963756161514 0.92063918792845911 0.35549978654129899
1778 0.14049927141590718 0.9394412806508482 0.31258604405938151
1779 0.11937223788405638 0.95602820031463132 0.2678812218609572
1780 0.09801165082261333 0.97020655869916028 0.22156928884698587
1781 0.076446986503153944 0.98179685588416976 0.17387004351108049
1782 0.054719561157303552 0.99064162490737073 0.12503975618832738
1783 0.032876705594396816 0.99661352797368141 0.075369742530484396
1784 0.010966258618223564 0.99962274136778706 0.025181662222117127
1785 -0.010966258744822059 0.99962274135858742 -0.025181662532162946
1786 -0.032876705582971739 0.99661352797313585 -0.075369742542683735
1787 -0.054719561114415442 0.9906416249370924 -0.12503975597162076
1788 -0.076446986674342257 0.98179685584064469 -0.17387004368158746
1789 -0.098011650611010526 0.97020655869983807 -0.22156928893762101
1790 -0.11937223786764128 0.95602820027759328 -0.2678812220004555
1791 -0.14049927161457559 0.93944128072623179 -0.31258604374352872
1792 -0.16137963756161514 0.92063918792845911 -0.35549978654129899
1793 0.1796322861978146 0.91749808185719073 0.35486548373112026
1794 0.15790995998922497 0.93644485344363049 0.31326583119634815
1795 0.13544790060860584 0.95341704753521272 0.26953626785640378
1796 0.1122215509556231 0.96815333907431012 0.22379775588771755
1797 0.088247912965339043 0.98038438662190663 0.17623495772760164
1798 0.06359668720482678 0.98984751381158453 0.12711160756436143
1799 0.038397982872189297 0.99630834866940665 0.076780656958551477
1800 0.012840973610878803 0.99958769794071456 0.025681579435609461
1801 -0.012840973612615247 0.99958769794074964 -0.02568157943337598
1802 -0.038397982808687822 0.99630834867871398 -0.076780656869536695
1803 -0.063596687020965589 0.98984751386219805 -0.12711160726221302
1804 -0.08824791307788947 0.98038438663175909 -0.17623495761643501
1805 -0.1122215509556231 0.96815333907431012 -0.22379775588771755
1806 -0.13544790077259541 0.9534170474888497 -0.26953626793799368
1807 -0.15790995982302217 0.93644485357851948 -0.31326583087690341
1808 -0.1796322861978146 0.91749808185719073 -0.35486548373112026
1809 0.19925079815181299 0.90904735679271709 0.36596724244669743
1810 0.17816312424944161 0.92871838186594757 0.32517698003083512
1811 0.15537050624984108 0.94686291673679812 0.28162141732537233
1812 0.13074521510821252 0.9630861953431038 0.23530973007050127
1813 0.10425086173837782 0.97693423289160064 0.18636325397273312
1814 0.075992381050491109 0.98791916207454877 0.13505882876805275
1815 0.046259036903595105 0.99556953072194931 0.081862146336569325
1816 0.015536199936640422 0.99950296670008987 0.027430750067174974
1817 -0.015536199947651045 0.99950296670006378 -0.027430750061882309
1818 -0.046259036891170946 0.99556953072167276 -0.081862146346950021
1819 -0.075992381071912918 0.98791916207996744 -0.1350588287163631
1820 -0.1042508617080726 0.97693423290483317 -0.1863632539203196
1821 -0.1307452151460099 0.96308619529924133 -0.23530973022902196
1822 -0.1553705065704763 0.94686291659862043 -0.28162141761305637
1823 -0.17816312438381585 0.92871838180241628 -0.32517698013866003
1824 -0.19925079838314069 0.90904735675311754 -0.36596724241911505
1825 0.21839327845215895 0.90088152410668232 0.37512245394022858
1826 0.19816941655449799 0.92115284104555817 0.33497212686452976
1827 0.17528658019203563 0.94035967314308799 0.29154467913307242
1828 0.14947167126329972 0.95799387952990078 0.24475691261536597
1829 0.12059191758804644 0.97342651657381429 0.19467513000742442
1830 0.088754948478375728 0.98593957406831101 0.14158289235143554
1831 0.054400830321049615 0.99480575617379863 0.086035208745356459
1832 0.018336349359763079 0.99941505019969035 0.028867554910435154
1833 -0.018336349434634403 0.99941505019491683 -0.028867555028146915
1834 -0.054400830404367564 0.99480575615238709 -0.08603520894025006
1835 -0.088754948514776111 0.98593957406406818 -0.1415828923581641
1836 -0.12059191757806648 0.97342651657128121 -0.19467513002627207
1837 -0.14947167128406202 0.95799387947426717 -0.24475691282044043
1838 -0.17528658019203558 0.94035967314308799 -0.29154467913307236
1839 -0.19816941663769658 0.92115284102323425 -0.33497212687669875
1840 -0.21839327856012905 0.9008815240832907 -0.37512245393354576
1841 0.23707056438622823 0.89298805810629711 0.38258316165396039
1842 0.21788531933985375 0.9137595891272261 0.34288394668489924
1843 0.19510069287964385 0.93393550612381171 0.29949989989838488
1844 0.16826606179280221 0.95291129396588525 0.25228277444368508
1845 0.13711900888288561 0.96989266567013233 0.20126250143099317
1846 0.10174398137575219 0.98392969002263841 0.14673284344605678
1847 0.062724091917374422 0.99402593624763447 0.08932035803865887
1848 0.021205558128039925 0.99932502214273655 0.029997073588895421
1849 -0.021205558138069003 0.99932502214283403 -0.02999707357855777
1850 -0.062724091887030195 0.99402593624883517 -0.089320358046608261
1851 -0.10174398130572715 0.98392969004448561 -0.14673284334811518
1852 -0.13711900884941239 0.96989266568475707 -0.20126250138332102
1853 -0.16826606184116671 0.95291129399133423 -0.25228277431530211
1854 -0.19510069287803908 0.93393550614113896 -0.29949989984539871
1855 -0.21788531923440696 0.91375958919663725 -0.34288394656692978
1856 -0.23707056412590738 0.89298805814225179 -0.38258316173134743
1857 0.25529582695474917 0.88535412760649312 0.38855129580228692
1858 0.23728026268200031 0.90654498157744812 0.3491049603175313
1859 0.21473839752815627 0.92761120378705952 0.305654830218274
1860 0.18701843146253508 0.9478659544438478 0.25801984167801228
1861 0.15370428256909058 0.96635847111158901 0.20621905545024979
1862 0.1148386818584673 0.98190719692572981 0.15056670871897884
1863 0.071142046081970917 0.99323774779103702 0.091747401283411328
1864 0.024112218678699917 0.99923381698390501 0.030828232290653079
1865 -0.024112218616760012 0.99923381698777058 -0.030828232213803007
1866 -0.07114204608197093 0.99323774779103702 -0.091747401283411342
1867 -0.11483868182074509 0.98190719693065853 -0.15056670871560665
1868 -0.15370428245428119 0.96635847116177587 -0.20621905530064294
1869 -0.1870184313355526 0.94786595454622224 -0.25801984139396716
1870 -0.21473839719240384 0.92761120392190732 -0.30565483004491761
1871 -0.23728026262131369 0.90654498159711816 -0.34910496030770016
1872 -0.2552958271259067 0.88535412760498222 -0.38855129569327118
1873 0.27308370555466133 0.87796689067559242 0.39319133845745829
1874 0.2563336409485395 0.89951160441124678 0.35379646415357269
1875 0.23414236136080932 0.92140158055199628 0.31015557704588742
1876 0.20564034274502299 0.94287904290654256 0.26208998432475811
1877 0.17024215182166702 0.96284457752021391 0.20963761418946084
1878 0.12793745292654016 0.97988661765152718 0.15314772177906991
1879 0.079580833307229953 0.99244759936424765 0.093352308414247701
1880 0.027029267087176713 0.99914222129486197 0.031372605035273372
1881 -0.027029267136931549 0.99914222129143648 -0.031372605101496524
1882 -0.079580833345164761 0.99244759935486138 -0.093352308481695706
1883 -0.12793745307426768 0.9798866176319907 -0.15314772178065994
1884 -0.17024215175813109 0.96284457756197606 -0.20963761404924855
1885 -0.20564034239852819 0.94287904303931491 -0.26208998411896972
1886 -0.23414236160440302 0.92140158055195542 -0.31015557686211476
1887 -0.25633364099088168 0.89951160443830924 -0.3537964640540891
1888 -0.27308370573423396 0.87796689066010192 -0.39319133836732839
1889 0.29044972560080951 0.87081367681986788 0.39663900106000344
1890 0.27503262111673976 0.89265917461429156 0.35709474274845876
1891 0.25326934215602209 0.9153165889684387 0.31312965730354897
1892 0.22406197743551806 0.93796630328395003 0.26460431623752112
1893 0.18664729595258805 0.95936697151352313 0.2116076579014996
1894 0.14095703010264904 0.97787946395305392 0.15454083487392103
1895 0.087979411279773476 0.99166064159558953 0.094174280464934479
1896 0.029934247185156575 0.99905087146282057 0.031643278509609664
1897 -0.029934247279954886 0.99905087145666027 -0.031643278614427985
1898 -0.087979411185460529 0.99166064161168421 -0.094174280383566081
1899 -0.14095703007096927 0.97787946395998926 -0.15454083485893241
1900 -0.18664729584810635 0.9593669715709886 -0.21160765773312556
1901 -0.22406197775848072 0.93796630314693674 -0.26460431644972632
1902 -0.25326934239186 0.91531658891037448 -0.31312965728252534
1903 -0.27503262096396541 0.89265917473860656 -0.35709474255536444
1904 -0.29044972581735828 0.87081367674995724 -0.39663900105491728
1905 0.30740990819713249 0.8638820955607428 0.39900735997198172
1906 0.29337050331830211 0.88598520495578481 0.35911553068925034
1907 0.27208779036179825 0.90936219382185646 0.31468815481923446
1908 0.24222965461010254 0.93313879690073542 0.2656629069819848
1909 0.20285269809928216 0.9559374437920396 0.21221306847171961
1910 0.15383132491387289 0.97589442273385751 0.1548095576900643
1911 0.09628908663985794 0.99088080708789972 0.094253052676792057
1912 0.032809210204912002 0.9989602558683468 0.031653797894992231
1913 -0.032809210507348086 0.99896025584853076 -0.031653798206887351
1914 -0.096289086412840813 0.99088080713083904 -0.094253052457292402
1915 -0.15383132517764447 0.97589442267556292 -0.15480955779544017
1916 -0.20285269809928216 0.9559374437920396 -0.21221306847171961
1917 -0.24222965471293642 0.93313879690746493 -0.26566290686458444
1918 -0.27208779034060815 0.90936219385042272 -0.31468815475500755
1919 -0.29337050344943516 0.88598520497607214 -0.35911553053207373
1920 -0.30740990844370719 0.8638820954437445 -0.39900736003532161
1921 -0.18179758125428247 0.90554720881513506 -0.38331956910287146
1922 -0.16336755199958061 0.9020912248452293 -0.39942767181418287
1923 -0.14288293571110058 0.89880445533894904 -0.41440923945471192
1924 -0.12037687420981276 0.89578507063753909 -0.42787675255659108
1925 -0.095970855000470187 0.89314743006171549 -0.43940557935082281
1926 -0.069895779718142828 0.89101559706137134 -0.44855967916316458
1927 -0.042504436419692607 0.8895102544025365 -0.45493392948578704
1928 -0.014265798865180502 0.88872969293800264 -0.45820958073032664
1929 0.014265798858786191 0.88872969303055604 -0.45820958055101191
1930 0.042504436322663562 0.88951025440580966 -0.45493392948845246
1931 0.069895779804423727 0.89101559711108369 -0.44855967905097183
1932 0.095970855000470187 0.89314743006171549 -0.43940557935082281
1933 0.12037687396980061 0.89578507066700186 -0.42787675256243318
1934 0.14288293569485022 0.89880445532098097 -0.41440923949928488
1935 0.16336755172352432 0.90209122483869508 -0.39942767194184803
1936 0.18179758141872177 0.90554720885212769 -0.38331956893749158
1937 -0.20195978006382181 0.89573580398704999 -0.39606769205812015
1938 -0.18524200578195579 0.88986609775850301 -0.41692172809045591
1939 -0.16538493541737542 0.88400518376345771 -0.43724439186377906
1940 -0.14213475978193776 0.87836109904036463 -0.45637647809054893
1941 -0.11539580573639445 0.87321110254873646 -0.4734830286336229
1942 -0.085333814142528955 0.86888924845508242 -0.48759574863102612
1943 -0.05246984811055997 0.8657471515181443 -0.4977236026927736
1944 -0.017713585260219419 0.86408739988998207 -0.50303001326819352
1945 0.017713585250692648 0.8640874000422748 -0.50303001300692596
1946 0.052469848110597975 0.86574715150245585 -0.49772360272005828
1947 0.085333814248646528 0.86888924845469873 -0.48759574861313765
1948 0.1153958058035561 0.87321110256835532 -0.47348302858107327
1949 0.14213475970642214 0.87836109904712223 -0.4563764781010618
1950 0.16538493556177297 0.88400518380569337 -0.43724439172377089
1951 0.18524200557698509 0.88986609786657545 -0.41692172795085947
1952 0.20195978014716506 0.89573580401105701 -0.39606769196132885
1953 -0.22169938603098355 0.88623485679468983 -0.4067396720699622
1954 -0.2070879158959967 0.8778299806731702 -0.43189017136442703
1955 -0.18833129979632268 0.86918097999487132 -0.45722614266048117
1956 -0.16479175736544624 0.86060495593187014 -0.48187424348050784
1957 -0.1360269878195112 0.85256464274120691 -0.50460894614771634
1958 -0.10201177923485111 0.84565654209422836 -0.52388797439011014
1959 -0.063372097878619499 0.84054099366575075 -0.53802863787892818
1960 -0.021510951241881664 0.83780686333855348 -0.54554279274818007
1961 0.021510951237580685 0.83780686340257193 -0.54554279265003447
1962 0.063372097999327678 0.84054099363786428 -0.53802863790827682
1963 0.10201177922415021 0.84565654209320551 -0.52388797439384438
1964 0.13602698771054714 0.8525646427490905 -0.50460894616376972
1965 0.16479175748181218 0.86060495572486317 -0.4818742438104176
1966 0.1883313001124117 0.86918097984136022 -0.45722614282210655
1967 0.2070879157722578 0.87782998067992513 -0.43189017141002933
1968 0.22169938597618899 0.88623485681221759 -0.40673967206163808
1969 -0.24102486825604988 0.87703192397200447 -0.41559838452058229
1970 -0.22885881485574672 0.86600449383728129 -0.44458954049376548
1971 -0.21163646398956798 0.85439704535798544 -0.47456895810149308
1972 -0.18825368362101474 0.84262860258331429 -0.50451718376246613
1973 -0.15779391171979876 0.83136159227832085 -0.53285925375151322
1974 -0.11989893641994624 0.82150046719803471 -0.55745961955892043
1975 -0.075210149907743301 0.8140903006714183 -0.57584756290495343
1976 -0.025661879087893563 0.81009201723317992 -0.58574089115986727
1977 0.025661879098556804 0.81009201706230938 -0.5857408913957175
1978 0.075210149992618089 0.81409030062392307 -0.57584756296101347
1979 0.11989893614456598 0.82150046732413151 -0.55745961943232725
1980 0.15779391166824691 0.83136159227044915 -0.53285925377906018
1981 0.18825368357442168 0.84262860264382522 -0.50451718367878817
1982 0.21163646398090302 0.85439704547431317 -0.47456895789592468
1983 0.22885881476622474 0.86600449384887446 -0.44458954051726585
1984 0.24102486821983415 0.87703192397336494 -0.41559838453871512
1985 -0.25994709796124771 0.86811397598776829 -0.42285414856216558
1986 -0.25052029495696104 0.85440357470407069 -0.45522973688851082
1987 -0.23523242423369517 0.83970387825004356 -0.48945183975645107
1988 -0.21244555143963609 0.82452397847951175 -0.5244302590295743
1989 -0.18064543858639384 0.80973273890182096 -0.55830109893182644
1990 -0.1389837228305503 0.79658070842471917 -0.58833893271968118
1991 -0.087998923733026396 0.78657065737111886 -0.61119783244428705
1992 -0.030176837915498564 0.78112417781454468 -0.62364603525314999
1993 0.030176838048147483 0.78112417791523303 -0.62364603512061823
1994 0.087998923780528079 0.78657065747678534 -0.6111978323014623
1995 0.13898372277864146 0.79658070839042172 -0.58833893277838034
1996 0.18064543862387708 0.80973273885801178 -0.55830109898323699
1997 0.21244555148690025 0.82452397855861159 -0.52443025888606465
1998 0.23523242416630569 0.83970387828317195 -0.48945183973200412
1999 0.25052029507600942 0.8544035747924712 -0.45522973665708083
2000 0.2599470980528929 0.86811397596744366 -0.42285414854755332
2001 -0.27847849919948775 0.85946777498069604 -0.42867804848549562
2002 -0.27204729295705588 0.84303531378380969 -0.46398462270658414
2003 -0.25906558113439687 0.82514001341796717 -0.50202488277783053
2004 -0.2373092902660294 0.80636570189971679 -0.5417182436961212
2005 -0.2045493886275167 0.78778774774137494 -0.58099054391674954
2006 -0.15927568877849563 0.77103343299270699 -0.61655389072782329
2007 -0.10177244378684014 0.75813247251030613 -0.64410986936318881
2008 -0.035074386912784146 0.75105842001031198 -0.65930344843198418
2009 0.035074386634418191 0.75105842025873126 -0.65930344816380138
2010 0.10177244388400165 0.75813247268697515 -0.64410986913989343
2011 0.1592756887077989 0.77103343285617854 -0.61655389091682256
2012 0.20454938839948114 0.78778774780802041 -0.58099054390666727
2013 0.23730929028956094 0.80636570193764245 -0.54171824362935939
2014 0.25906558131481067 0.82514001328469144 -0.50202488290378444
2015 0.27204729287498708 0.84303531386038433 -0.4639846226155715
2016 0.27847849914470824 0.85946777491953341 -0.42867804864370762
2017 -0.29663247559612305 0.85108011729039523 -0.43321104368965796
2018 -0.2934221120161804 0.83190329579392086 -0.4709993318755098
2019 -0.28309434372518211 0.81073415805455862 -0.51241361956370191
2020 -0.26280199173132979 0.78821334105961438 -0.5564663890278424
2021 -0.22949249953160311 0.76561674877279606 -0.60096937247859006
2022 -0.18080796430160537 0.74497145652489316 -0.64212616284363344
2023 -0.11658783001599073 0.7288993684644961 -0.6746206256439401
2024 -0.040383243744837378 0.72002066046969893 -0.69277661776464672
2025 0.040383244701539242 0.72002066045508295 -0.69277661772406973
2026 0.11658783032018516 0.7288993684393742 -0.6746206256185121
2027 0.18080796436551549 0.74497145653469965 -0.64212616281426116
2028 0.22949249953430087 0.76561674866298968 -0.60096937261744987
2029 0.26280199135994509 0.78821334093034023 -0.55646638938634774
2030 0.28309434400994488 0.81073415793948223 -0.51241361958845089
2031 0.29342211190681128 0.83190329577588595 -0.47099933197549804
2032 0.29663247552904892 0.85108011737082478 -0.43321104357757473
2033 -0.3144230287776022 0.84293798250256602 -0.43657040283191784
2034 -0.31463295765191479 0.8210075964189778 -0.47639545398916389
2035 -0.30728729845624297 0.79650686634827716 -0.52072192969713837
2036 -0.28889459345877427 0.77011331996664323 -0.56874017642526709
2037 -0.25548079973324506 0.74329182257430204 -0.61826113209697542
2038 -0.20364054184191011 0.71848459988205138 -0.66506421453169595
2039 -0.13253060985746545 0.698966915770454 -0.70276659575505362
2040 -0.046145106228289011 0.68810507323254277 -0.72414227701662137
2041 0.046145106107277255 0.688105073218512 -0.72414227703766498
2042 0.1325306098516113 0.69896691559654278 -0.70276659592912893
2043 0.20364054163066977 0.71848459984763191 -0.66506421463356136
2044 0.25548080015922653 0.74329182254978132 -0.61826113195042898
2045 0.28889459363188341 0.7701133198314386 -0.56874017652041176
2046 0.30728729827996193 0.79650686643963298 -0.52072192966142539
2047 0.3146329579112167 0.82100759621098351 -0.4763954541763612
2048 0.3144230289195753 0.84293798250170515 -0.43657040273132874
2049 0.17963228615744939 0.91749808189500803 -0.3548654836537774
2050 0.15790995998922497 0.93644485344363049 -0.31326583119634815
2051 0.13544790077287719 0.95341704742227806 -0.26953626817333182
2052 0.11222155087658973 0.96815333912996504 -0.22379775568658433
2053 0.088247913078860721 0.98038438663821303 -0.17623495758004673
2054 0.063596687104479396 0.98984751382905767 -0.12711160747850117
2055 0.038397982711555104 0.99630834869816876 -0.076780656665667232
2056 0.012840973707386686 0.99958769793412416 -0.025681579643870675
2057 -0.012840973612615247 0.99958769794074975 0.02568157943337598
2058 -0.038397982693486224 0.99630834869640572 0.076780656697582522
2059 -0.063596687196190216 0.98984751381073166 0.12711160757532505
2060 -0.088247912951046767 0.98038438665571914 0.17623495754666171
2061 -0.11222155086174128 0.96815333916079505 0.2237977555606579
2062 -0.13544790075169116 0.95341704747009415 0.26953626801484076
2063 -0.15790995973028982 0.93644485360832641 0.3132658308345459
2064 -0.17963228609412796 0.91749808192464866 0.35486548360919512
2065 0.19925079834510412 0.90904735664390823 -0.36596724271109482
2066 0.17816312439753246 0.92871838176850552 -0.32517698022799496
2067 0.15537050653355788 0.94686291663887312 -0.28162141749808683
2068 0.13074521513022669 0.96308619530810469 -0.23530973020151549
2069 0.10425086167594327 0.9769342328988504 -0.18636325396965406
2070 0.075992381137482898 0.98791916204742369 -0.1350588289175195
2071 0.046259036827215584 0.9955695307415422 -0.081862146141448822
2072 0.015536199936534168 0.99950296670005778 -0.027430750068396941
2073 -0.015536199931999799 0.99950296669992478 0.027430750075816617
2074 -0.046259036894150993 0.99556953072111543 0.081862146352045362
2075 -0.075992381012410307 0.98791916207734876 0.13505882876899719
2076 -0.10425086162660979 0.97693423292651205 0.1863632538522467
2077 -0.13074521504804629 0.96308619535425422 0.23530973005829414
2078 -0.15537050638037769 0.94686291675895196 0.28162141717886929
2079 -0.17816312431916342 0.92871838183430611 0.32517698008300439
2080 -0.19925079815389657 0.90904735679076465 0.36596724245041312
2081 0.21839327838232311 0.90088152407397537 -0.37512245405943406
2082 0.19816941683572875 0.92115284096834771 -0.33497212691047751
2083 0.17528658019397345 0.94035967323171987 -0.29154467884602975
2084 0.14947167138551581 0.95799387948371839 -0.24475691272149089
2085 0.12059191758559379 0.97342651655256396 -0.19467513011520093
2086 0.088754948209825879 0.9859395741591751 -0.14158289188703468
2087 0.054400830339595294 0.99480575616871458 -0.08603520879241644
2088 0.018336349473435442 0.99941505019231447 -0.028867555093591544
2089 -0.018336349372684461 0.99941505019979449 0.028867554898621146
2090 -0.054400830334810552 0.99480575616703093 0.086035208814906852
2091 -0.088754948309387807 0.98593957411655775 0.1415828921213948
2092 -0.12059191764117411 0.97342651655061108 0.19467513009053664
2093 -0.14947167132231784 0.95799387947275927 0.24475691280297932
2094 -0.17528658015772569 0.94035967317333546 0.29154467905613862
2095 -0.19816941676232963 0.92115284100533257 0.33497212685219441
2096 -0.21839327849071277 0.90088152400670829 0.37512245415787726
2097 0.23707056439481006 0.89298805812040571 -0.38258316161571043
2098 0.21788531966378868 0.9137595890618081 -0.34288394665338912
2099 0.19510069291127236 0.9339355061020802 -0.29949989994554738
2100 0.16826606177694955 0.95291129404579455 -0.25228277415242861
2101 0.13711900911807773 0.96989266561823606 -0.20126250152084779
2102 0.10174398126715295 0.98392969005999009 -0.146732843270895
2103 0.062724091934820439 0.99402593623863467 -0.089320358126568744
2104 0.021205558128039925 0.99932502214273655 -0.029997073588895421
2105 -0.021205558354579976 0.9993250221278821 0.029997073923604234
2106 -0.062724091985351171 0.99402593623969837 0.089320358079243725
2107 -0.10174398111345326 0.98392969011409681 0.14673284301465317
2108 -0.13711900900263996 0.96989266561781062 0.20126250160154571
2109 -0.16826606187037083 0.95291129394800811 0.25228277445947334
2110 -0.19510069285224479 0.93393550612641252 0.29949989990812248
2111 -0.21788531932864993 0.91375958918090516 0.34288394654896803
2112 -0.23707056439153659 0.89298805799999359 0.38258316189879349
2113 0.25529582696472847 0.88535412765437893 -0.38855129568661734
2114 0.23728026260598714 0.90654498156594654 -0.34910496039906325
2115 0.21473839727062885 0.92761120385232321 -0.30565483020113626
2116 0.18701843131560847 0.94786595453606326 -0.25801984144574364
2117 0.15370428256909058 0.9663584711115889 -0.20621905545024979
2118 0.11483868189761121 0.98190719692018746 -0.15056670872526742
2119 0.071142045840797724 0.99323774782605667 -0.091747401091303721
2120 0.024112218698406185 0.99923381698418123 -0.030828232266284859
2121 -0.024112218773400109 0.99923381697934965 0.030828232364236624
2122 -0.071142045672893478 0.99323774785990682 0.09174740085504271
2123 -0.11483868184475896 0.98190719691982475 0.15056670876794381
2124 -0.15370428255290433 0.96635847108815398 0.20621905557213319
2125 -0.1870184315029696 0.94786595439974231 0.25801984181073068
2126 -0.21473839734013836 0.92761120391630913 0.30565482995811588
2127 -0.23728026258822385 0.90654498158038366 0.34910496037364636
2128 -0.2552958271107591 0.88535412765680865 0.38855129558513185
2129 0.27308370556855693 0.87796689066254885 -0.39319133847693249
2130 0.2563336410470215 0.89951160433116018 -0.35379646428583628
2131 0.23414236151233114 0.92140158052448573 -0.31015557701322821
2132 0.20564034233782519 0.9428790430617815 -0.26208998408577505
2133 0.1702421516551208 0.96284457759306374 -0.20963761399011693
2134 0.12793745309019458 0.9798866176035772 -0.15314772194915363
2135 0.07958083328656694 0.9924475993642351 -0.093352308431995448
2136 0.027029267087176713 0.99914222129486197 -0.031372605035273372
2137 -0.027029267090667143 0.99914222129576835 0.031372605003397017
2138 -0.079580833411898755 0.99244759934235716 0.093352308557741459
2139 -0.12793745299116296 0.97988661762075568 0.15314772192197099
2140 -0.17024215174108878 0.96284457754924635 0.20963761412155332
2141 -0.20564034262757752 0.94287904292072 0.26208998436590386
2142 -0.23414236153939574 0.92140158047530496 0.31015557713890157
2143 -0.25633364108408352 0.89951160440891975 0.3537964640612839
2144 -0.27308370586373398 0.87796689060544875 0.39319133839942333
2145 0.29044972552236387 0.87081367677371768 -0.3966390012187691
2146 0.27503262092548991 0.89265917471860257 -0.35709474263500324
2147 0.25326934240114379 0.91531658875960997 -0.31312965771571899
2148 0.22406197761253194 0.93796630324375163 -0.26460431623012504
2149 0.18664729586960882 0.95936697155574424 -0.2116076577832722
2150 0.14095702975251626 0.97787946405805726 -0.15454083452885486
2151 0.087979411102399194 0.99166064162591816 -0.094174280311278849
2152 0.029934246968407935 0.99905087147613358 -0.031643278294332507
2153 -0.02993424713476284 0.99905087146654536 0.031643278439682711
2154 -0.087979411120621603 0.99166064162037793 0.094174280352594064
2155 -0.14095703004805132 0.97787946397754266 0.15454083476876587
2156 -0.18664729597005505 0.95936697148812045 0.21160765800126083
2157 -0.22406197747389126 0.93796630324281827 0.26460431635083248
2158 -0.25326934241040316 0.91531658884121359 0.31312965746969174
2159 -0.27503262098609144 0.8926591747206023 0.35709474258332996
2160 -0.29044972557758608 0.87081367680267974 0.39663900111474509
2161 0.30740990832438986 0.86388209550955164 -0.39900735998477016
2162 0.29337050318502056 0.88598520504915301 -0.35911553056778006
2163 0.27208779022292306 0.9093621939105373 -0.31468815468304689
2164 0.24222965463236854 0.93313879695286372 -0.2656629067785824
2165 0.20285269805412454 0.95593744386660973 -0.21221306817897506
2166 0.15383132524215892 0.97589442264027104 -0.15480955795380652
2167 0.09628908656921531 0.99088080709603377 -0.094253052663448925
2168 0.032809210140233483 0.9989602558717865 -0.031653797853481921
2169 -0.032809210539486745 0.99896025584691217 0.031653798224659947
2170 -0.096289086696374204 0.99088080707671822 0.094253052736608348
2171 -0.15383132507084174 0.97589442269394977 0.15480955778565963
2172 -0.20285269797865857 0.95593744387676782 0.21221306820535474
2173 -0.24222965466477703 0.93313879686992696 0.26566290704034701
2174 -0.27208779051021487 0.90936219382130679 0.31468815469249833
2175 -0.29337050325994218 0.88598520504609268 0.35911553051412504
2176 -0.30740990824909581 0.86388209561338458 0.3990073598179732
2177 -0.1817975813020799 0.90554720872481131 0.38331956929358119
2178 -0.16336755199958061 0.9020912248452293 0.39942767181418287
2179 -0.14288293552749737 0.89880445534415743 0.41440923950671937
2180 -0.12037687404066047 0.89578507072104963 0.42787675242934531
2181 -0.095970855095103738 0.89314743006005914 0.43940557933351992
2182 -0.069895779688801327 0.8910155971550886 0.44855967898157711
2183 -0.042504436319905414 0.88951025440794251 0.45493392948454042
2184 -0.014265798876750807 0.8887296927532532 0.45820958108830068
2185 0.014265798858786191 0.88872969303055604 0.45820958055101191
2186 0.042504436529220251 0.88951025435677611 0.45493392956502698
2187 0.069895779746111039 0.89101559728087809 0.44855967872277958
2188 0.095970855168930363 0.89314742989159945 0.4394055796598112
2189 0.12037687410069432 0.89578507060705181 0.42787675265111674
2190 0.14288293545476718 0.89880445532923625 0.41440923956415854
2191 0.16336755197125666 0.90209122488006288 0.39942767174709731
2192 0.18179758136794119 0.90554720869200822 0.3833195693398383
2193 -0.20195978011938395 0.89573580400305453 0.39606769199359249
2194 -0.18524200571222563 0.88986609779625869 0.41692172804085298
2195 -0.16538493539153939 0.88400518380103177 0.43724439179758545
2196 -0.142134759684937 0.87836109905949411 0.45637647808394233
2197 -0.11539580602442168 0.87321110251366907 0.4734830286280981
2198 -0.085333814257691945 0.86888924845543369 0.48759574861024474
2199 -0.052469848131375917 0.86574715140722014 0.49772360288352202
2200 -0.01771358537264173 0.86408739989171546 0.50303001326125696
2201 0.017713585262231324 0.86408739984990224 0.50303001333697073
2202 0.052469848237808148 0.8657471514121694 0.49772360286369316
2203 0.08533381415955249 0.86888924840064841 0.48759574872504702
2204 0.11539580585160389 0.87321110245084121 0.47348302878608611
2205 0.14213475966120356 0.87836109915328531 0.45637647791081931
2206 0.16538493533178367 0.88400518388793636 0.43724439164448731
2207 0.18524200578071595 0.88986609780811254 0.41692172798512184
2208 0.20195978018492391 0.89573580397075558 0.39606769203321934
2209 -0.22169938594686853 0.88623485680931224 0.4067396720839499
2210 -0.20708791600484133 0.87782998068792861 0.43189017128224044
2211 -0.18833129980239807 0.86918097993341803 0.45722614277480045
2212 -0.16479175759902956 0.86060495574741724 0.48187424373005106
2213 -0.13602698778768371 0.85256464278146737 0.50460894608827367
2214 -0.10201177913341586 0.84565654202131701 0.52388797452755465
2215 -0.063372097812743222 0.84054099364159496 0.53802863792442546
2216 -0.021510951250148576 0.83780686320624509 0.54554279295104402
2217 0.021510951241881664 0.83780686333855348 0.54554279274818007
2218 0.063372097806341454 0.84054099367574842 0.53802863787182298
2219 0.10201177936410517 0.84565654200752949 0.52388797450489055
2220 0.13602698777081884 0.85256464282003463 0.50460894602765882
2221 0.16479175739024607 0.86060495581130547 0.48187424368734977
2222 0.18833130011163146 0.86918097977863529 0.45722614294166725
2223 0.20708791585855527 0.8778299807658867 0.43189017119393136
2224 0.22169938598878983 0.88623485680214653 0.40673967207671324
2225 -0.24102486826822567 0.8770319239216201 0.41559838461984699
2226 -0.22885881482152734 0.8660044938293564 0.44458954052681676
2227 -0.21163646381859355 0.85439704553537088 0.47456895785838188
2228 -0.18825368365423972 0.84262860259022343 0.50451718373852894
2229 -0.15779391157176081 0.83136159229088957 0.53285925377574128
2230 -0.1198989363454188 0.82150046728646642 0.55745961944463274
2231 -0.075210149908783483 0.81409030064369992 0.57584756294400419
2232 -0.025661878963746537 0.81009201713168 0.58574089130568274
2233 0.025661879087893569 0.81009201723318003 0.58574089115986738
2234 0.075210149922052758 0.81409030059498466 0.57584756301114115
2235 0.1198989364119783 0.82150046726479242 0.55745961946225686
2236 0.15779391187296066 0.83136159219461281 0.53285925383675781
2237 0.1882536835677095 0.8426286026557791 0.50451718366132792
2238 0.21163646387602159 0.85439704532911409 0.47456895820410872
2239 0.22885881475638106 0.86600449386245382 0.44458954049588201
2240 0.24102486803422929 0.87703192401412911 0.41559838456033182
2241 -0.25994709803683208 0.86811397590687089 0.42285414868178173
2242 -0.25052029489524347 0.85440357481900353 0.45522973670676176
2243 -0.235232424218701 0.83970387826939041 0.48945183973046591
2244 -0.21244555163026738 0.82452397851366077 0.52443025889866013
2245 -0.18064543857850834 0.8097327387897485 0.55830109909692205
2246 -0.13898372288431354 0.79658070845306539 0.58833893266860104
2247 -0.087998923797127135 0.78657065738800769 0.61119783241332337
2248 -0.03017683797921062 0.78112417791358735 0.62364603512601502
2249 0.030176837983108214 0.78112417786461441 0.62364603518716555
2250 0.087998923837339954 0.7865706574808653 0.61119783228803182
2251 0.13898372296538478 0.79658070844123197 0.5883389326654711
2252 0.18064543872556824 0.80973273883017316 0.55830109899070879
2253 0.2124455515100008 0.82452397844430436 0.52443025905642393
2254 0.23523242419644907 0.83970387823919457 0.48945183979296486
2255 0.25052029511474716 0.85440357474464212 0.45522973672553152
2256 0.25994709784985676 0.86811397599621476 0.42285414861330189
2257 -0.27847849912807671 0.85946777491189519 0.42867804866982584
2258 -0.27204729289391288 0.84303531387014008 0.46398462258674888
2259 -0.25906558134772845 0.82514001343196708 0.50202488264473211
2260 -0.23730929027720302 0.80636570195970281 0.54171824360193543
2261 -0.20454938846511717 0.78778774779077643 0.5809905439069406
2262 -0.1592756887923327 0.77103343284731307 0.61655389090607182
2263 -0.10177244382178831 0.75813247270154827 0.6441098691325704
2264 -0.035074386983592991 0.7510584200602789 0.65930344837129629
2265 0.035074386909797119 0.75105842005830581 0.6593034483774699
2266 0.10177244383843612 0.75813247258249217 0.64410986927007208
2267 0.15927568865990807 0.77103343316494344 0.61655389054306731
2268 0.20454938837933995 0.78778774785424788 0.58099054385107707
2269 0.23730929022375377 0.80636570205511604 0.54171824348332376
2270 0.25906558145241437 0.82514001323055997 0.50202488292174663
2271 0.27204729263992611 0.84303531383251007 0.46398462280404074
2272 0.27847849932820151 0.85946777484280434 0.42867804867834292
2273 -0.29663247575686319 0.85108011733756062 0.43321104348693373
2274 -0.29342211195140688 0.83190329574433031 0.4709993320034514
2275 -0.28309434399127231 0.81073415796678772 0.51241361955556475
2276 -0.26280199133036386 0.78821334107473273 0.55646638919579139
2277 -0.22949249942829389 0.76561674873891827 0.60096937256119998
2278 -0.18080796404410107 0.74497145656909136 0.64212616286486379
2279 -0.1165878303778019 0.72889936849159775 0.67462062555212976
2280 -0.04038324422261555 0.7200206604989412 0.6927766177064042
2281 0.040383244234725828 0.72002066028584566 0.69277661792717393
2282 0.11658783033507709 0.72889936839366853 0.67462062566532166
2283 0.18080796422343401 0.74497145656097841 0.6421261628237801
2284 0.22949249955644618 0.76561674874774943 0.6009693725010119
2285 0.26280199105492186 0.78821334120098385 0.5564663891470446
2286 0.28309434405604927 0.81073415789080494 0.5124136196399961
2287 0.29342211191501372 0.83190329581298328 0.47099933190486531
2288 0.29663247560814404 0.85108011723262034 0.43321104379493003
2289 -0.31442302884708423 0.84293798247802765 0.43657040282925502
2290 -0.31463295784305034 0.8210075963416873 0.47639545399612943
2291 -0.30728729856414794 0.7965068664246473 0.52072192951664442
2292 -0.28889459333626949 0.77011331991251364 0.56874017656078979
2293 -0.25548079965978776 0.74329182281182715 0.6182611318417699
2294 -0.2036405414592698 0.71848460000814474 0.66506421451263764
2295 -0.13253060992875276 0.6989669158756634 0.70276659563696953
2296 -0.046145106229668026 0.68810507321031578 0.72414227703765399
2297 0.046145106185653262 0.6881050732440489 0.72414227700840483
2298 0.1325306097878089 0.69896691552857859 0.70276659600875746
2299 0.20364054196083384 0.7184845997623136 0.6650642146246375
2300 0.25548080004227064 0.74329182254516168 0.61826113200431199
2301 0.28889459350129759 0.77011331989053344 0.56874017650672504
2302 0.30728729823642253 0.79650686651485847 0.52072192957205221
2303 0.31463295785798728 0.8210075962917649 0.47639545407229944
2304 0.31442302859398036 0.84293798257806718 0.43657040281838544
$EndElementData
$ElementData
1
"e_3"
1
0.0
3
0
3
2304
1 -0.40880512510545758 -0.41245250069317985 0.81410153197218205
2 -0.41627301773584846 -0.36395794796023884 0.83321749070795548
3 -0.42306613585296315 -0.31297634191696544 0.85032985017269447
4 -0.42903901523624782 -0.2596834486328885 0.86515318291689869
5 -0.43404555101400799 -0.20433449158451988 0.8774120327382352
6 -0.43794732984145529 -0.14726786634953887 0.88685642120108366
7 -0.44062431955384673 -0.088902469465510253 0.8932785455504032
8 -0.44198690469590785 -0.029726133848797534 0.89652882443551907
9 -0.44198690478463426 0.029726133499861623 0.8965288244033468
10 -0.44062431954599762 0.088902469696740483 0.89327854553126185
11 -0.43794732984145529 0.14726786634953887 0.88685642120108366
12 -0.43404555102489784 0.20433449169218487 0.87741203270777479
13 -0.42903901532257482 0.25968344859137399 0.86515318288654919
14 -0.42306613605374715 0.31297634185262158 0.85032985009648054
15 -0.41627301785054821 0.36395794811978255 0.83321749058096162
16 -0.40880512512220896 0.41245250060162347 0.814101532010156
17 -0.36051169299248348 -0.41962446815323773 0.83303458808311537
18 -0.36739870579632394 -0.37060440072615819 0.85303608900303352
19 -0.37369199785755397 -0.31895800127367485 0.87098799312087682
20 -0.37925214236118926 -0.26485508326524726 0.88657746270870619
21 -0.3839357927291901 -0.2085514555598933 0.89949963726799709
22 -0.38760331717051011 -0.1503956716323194 0.90947501915812978
23 -0.39012986873750177 -0.090829400734753943 0.91626890456951826
24 -0.39141949370007556 -0.030377277599705568 0.91971082463848763
25 -0.39141949362484185 0.030377277362449901 0.91971082467834264
26 -0.39012986911557074 0.090829400377346881 0.91626890444397335
27 -0.38760331717051011 0.1503956716323194 0.90947501915812978
28 -0.38393579222638358 0.20855145572684231 0.8994996374439036
29 -0.37925214245205285 0.2648550831008209 0.88657746271895788
30 -0.37369199778511658 0.31895800103911176 0.87098799323785314
31 -0.36739870579632394 0.37060440072615819 0.85303608900303352
32 -0.36051169299600133 0.4196244680614003 0.83303458812785414
33 -0.30982438171630045 -0.42615326300898815 0.84994249742021044
34 -0.31599377954125402 -0.37668364534610399 0.8707797440340489
35 -0.32165937247021908 -0.32445813396178841 0.88952918299969164
36 -0.32669284348554301 -0.26963779093577334 0.90585166981940635
37 -0.33095867309310606 -0.21247470621305342 0.91941332159379063
38 -0.33432001137356776 -0.15332235918989162 0.92990450271392033
39 -0.3366489855482972 -0.092640882549863357 0.93706196561896848
40 -0.33784273524938851 -0.030991047151334997 0.94069221387001778
41 -0.33784273544366866 0.030991047150088925 0.94069221380028456
42 -0.33664898574564545 0.092640882307515604 0.93706196557202837
43 -0.33432001114504534 0.15332235923278692 0.92990450278900627
44 -0.33095867310298926 0.21247470605139651 0.9194133216275916
45 -0.32669284356156336 0.26963779075642696 0.90585166984537446
46 -0.32165937261343247 0.32445813370109344 0.889529183042994
47 -0.31599377955586827 0.37668364522315623 0.87077974408193071
48 -0.30982438178843774 0.42615326272241583 0.84994249753759932
49 -0.25692343432196418 -0.43189677589453213 0.8645551016957308
50 -0.26223430463148473 -0.3820587936193775 0.88615136838609443
51 -0.26713746543201816 -0.32935019260534848 0.9056301812513633
52 -0.2715214065335495 -0.2739212742181435 0.92262845247951875
53 -0.27526497001372713 -0.21601599036752228 0.93678508110925873
54 -0.27824018301561265 -0.15598570446130142 0.94776097227051392
55 -0.28031956931490032 -0.094301254941266885 0.95526342564530919
56 -0.28139268720319444 -0.031556069334987495 0.95907370419415139
57 -0.28139268720319444 0.031556069334987495 0.95907370419415139
58 -0.28031956931490032 0.094301254941266885 0.95526342564530919
59 -0.27824018317248767 0.1559857046596968 0.94776097219180655
60 -0.27526496998432465 0.21601599036898744 0.93678508111756043
61 -0.27152140612574699 0.27392127443420822 0.92262845253538339
62 -0.26713746546103784 0.32935019268049803 0.90563018121547367
63 -0.26223430439144224 0.3820587938418516 0.88615136836121056
64 -0.25692343432196418 0.43189677589453213 0.8645551016957308
65 -0.20206278214159712 -0.43671281304000159 0.87661425439008578
66 -0.20637650251908607 -0.38658941762440191 0.89886448444068334
67 -0.21038085011729662 -0.3335005243259343 0.91897622285794234
68 -0.21398658882695934 -0.27758534838901144 0.93656612909177595
69 -0.21709443583565116 -0.21907653808961691 0.9512494291130319
70 -0.21959417190316133 -0.15831544939405801 0.96266017791810743
71 -0.2213657149952972 -0.095771147394803233 0.97047674240617621
72 -0.22229135541196815 -0.032060244110075097 0.97445302301173675
73 -0.22229135541196815 0.032060244110075097 0.97445302301173675
74 -0.22136571478014705 0.095771147644464066 0.97047674243061433
75 -0.21959417213510757 0.15831544913606171 0.96266017790762681
76 -0.21709443599479664 0.21907653811076894 0.95124942907184018
77 -0.21398658882909086 0.27758534834766763 0.93656612910354253
78 -0.21038085016274474 0.33350052397985669 0.91897622297313097
79 -0.20637650281230593 0.38658941748810538 0.8988644844319803
80 -0.20206278235600253 0.43671281281081614 0.87661425445484054
81 -0.14557224092722754 -0.44046703969131817 0.8858879780293849
82 -0.14876149134075856 -0.39013886454856245 0.90865927886245224
83 -0.15173732137744789 -0.33677392369718467 0.92927881156238579
84 -0.15443650873049958 -0.28050232743964248 0.94734777620052391
85 -0.15678819383622941 -0.22154546048023441 0.96246302329708955
86 -0.15871073870116448 -0.16022926288514092 0.97423687301200779
87 -0.16010502307405639 -0.097004839041241367 0.98232196493259716
88 -0.16085193102494627 -0.032490351627064012 0.98644362907197869
89 -0.16085193056212271 0.032490351618180056 0.98644362914774064
90 -0.16010502307398541 0.097004839048300748 0.9823219649319116
91 -0.15871073890363407 0.16022926312609184 0.97423687293939554
92 -0.15678819401665661 0.22154546047562776 0.96246302326875766
93 -0.15443650854226604 0.28050232767477384 0.94734777616158916
94 -0.15173732137786178 0.33677392368826958 0.92927881156554903
95 -0.14876149124349808 0.39013886421333677 0.9086592790223067
96 -0.14557224081795575 0.44046703970526024 0.88588797804040864
97 -0.087853960017143046 -0.44304318379450502 0.89218519322085521
98 -0.089814139359293499 -0.39258496737577414 0.91531986964214407
99 -0.091650776311673107 -0.33904371362502139 0.93629562396329846
100 -0.093327296763068016 -0.28254409337510844 0.95470354088467502
101 -0.09480350802354022 -0.2233001862670411 0.97012850781715265
102 -0.096033565600411694 -0.16162462072609057 0.98216853760096534
103 -0.096957873733752087 -0.097940607508298014 0.99045787801497909
104 -0.097479972958068775 -0.032828801642504422 0.99469589556547944
105 -0.097479972958069358 0.032828801641985941 0.99469589556549654
106 -0.096957873736397374 0.09794060751446515 0.99045787801411034
107 -0.096033565378443958 0.16162462096401797 0.98216853758351552
108 -0.094803508024071753 0.22330018623363621 0.97012850782478977
109 -0.093327296914544944 0.2825440933664744 0.9547035408724226
110 -0.091650775848656857 0.33904371368155295 0.93629562398815058
111 -0.089814139234351428 0.39258496756220979 0.91531986957444078
112 -0.087853960017143046 0.44304318379450502 0.89218519322085521
113 -0.029371228684666593 -0.44435454560215076 0.89536940350240868
114 -0.030032784992251437 -0.39383381318989136 0.91869089437847329
115 -0.030654113201566587 -0.34020772562640761 0.93985053533417351
116 -0.031223445598860769 -0.28359892445590962 0.95843452905891613
117 -0.031728244328862676 -0.22421904311155882 0.97402214513733976
118 -0.032154950193210942 -0.16237547954589537 0.98620498012345925
119 -0.03248626515715048 -0.098474193278117378 0.99460920759580906
120 -0.032685532921103863 -0.033035573156195056 0.99891956975719776
121 -0.032685533143577965 0.033035572904771555 0.99891956975823315
122 -0.032486264937043353 0.098474193777189439 0.99460920755358617
123 -0.03215495043227537 0.1623754795452205 0.98620498011577573
124 -0.031728244573762686 0.22421904308274521 0.97402214513599505
125 -0.031223445535116297 0.28359892445632495 0.9584345290608699
126 -0.030654113242587891 0.34020772532599086 0.93985053544158059
127 -0.030032784992251437 0.39383381318989136 0.91869089437847329
128 -0.029371228684666593 0.44435454560215076 0.89536940350240868
129 0.029371228886944097 -0.44435454589099294 0.89536940335242643
130 0.030032785200090284 -0.39383381339539208 0.91869089428358264
131 0.030654113201566587 -0.34020772562640761 0.93985053533417351
132 0.031223445350289567 -0.28359892445752943 0.95843452906653459
133 0.031728244574866692 -0.22421904287012423 0.97402214518490438
134 0.032154950193210935 -0.16237547954589537 0.98620498012345925
135 0.032486264934573995 -0.098474193529045892 0.99460920757823512
136 0.032685533143577729 -0.033035572904251569 0.99891956975825036
137 0.032685533143577729 0.033035572904251569 0.99891956975825036
138 0.032486264709815763 0.098474193278502417 0.99460920761038196
139 0.032154950423553305 0.16237547956557011 0.98620498011270963
140 0.031728244109816651 0.22421904311259505 0.97402214514423657
141 0.031223445535363915 0.28359892442210782 0.95843452907098658
142 0.030654113205225212 0.34020772518572207 0.93985053549357378
143 0.030032785201007137 0.39383381327701711 0.91869089433429885
144 0.029371229096236216 0.44435454559684895 0.89536940349153904
145 0.087853960026089459 -0.44304318369662987 0.89218519326857726
146 0.089814139244606073 -0.3925849672607804 0.91531986970271895
147 0.091650776316689483 -0.3390437134451158 0.9362956240279533
148 0.093327296763068016 -0.28254409337510844 0.95470354088467502
149 0.094803508044335696 -0.22330018653365927 0.97012850775375148
150 0.096033565381209413 -0.16162462122009413 0.98216853754110556
151 0.09695787373614688 -0.097940607020724546 0.99045787806295804
152 0.097479972958068775 -0.032828801642504422 0.99469589556547944
153 0.097479972958526576 0.03282880164198556 0.99469589556545179
154 0.096957873730991309 0.097940607514488381 0.99045787801463725
155 0.096033565378443958 0.16162462096401797 0.98216853758351552
156 0.094803507805934439 0.22330018627022807 0.97012850783768412
157 0.093327296768321771 0.28254409337500419 0.95470354088419218
158 0.091650775931446007 0.33904371345998346 0.93629562406027966
159 0.089814139244606073 0.3925849672607804 0.91531986970271895
160 0.087853960018463587 0.4430431838859451 0.89218519317531753
161 0.14557224094184115 -0.4404670395948051 0.88588797807497022
162 0.14876149115778117 -0.39013886433111239 0.90865927898577215
163 0.15173732142566862 -0.3367739239131492 0.92927881147624569
164 0.1544365087545887 -0.2805023276337284 0.94734777613912957
165 0.15678819383548379 -0.22154546050760898 0.96246302329090971
166 0.15871073890384454 -0.16022926263732415 0.97423687301974726
167 0.16010502306538613 -0.097004839289844394 0.98232196490946067
168 0.16085193078096047 -0.032490351377364328 0.98644362911998806
169 0.16085193057101341 0.032490351618154632 0.98644362914629169
170 0.16010502308037988 0.097004839292771219 0.98232196490672785
171 0.15871073869255709 0.16022926287533784 0.97423687301502238
172 0.15678819380143494 0.22154546053583388 0.96246302328995936
173 0.15443650852066543 0.28050232741286735 0.94734777624265898
174 0.15173732136896251 0.33677392369753784 0.92927881156364323
175 0.14876149126763016 0.39013886444315177 0.90865927891968334
176 0.14557224054737469 0.44046703953562205 0.88588797816921638
177 0.2020627823471928 -0.43671281290641295 0.87661425440924667
178 0.20637650299494398 -0.38658941767909749 0.898864484307904
179 0.21038085015766006 -0.33350052405844255 0.91897622294577597
180 0.21398658879693586 -0.27758534838278193 0.93656612910048198
181 0.21709443595630001 -0.21907653787691639 0.95124942913448307
182 0.21959417210630389 -0.15831544964074115 0.96266017783119961
183 0.22136571498772117 -0.095771147884711069 0.97047674235955783
184 0.22229135562715885 -0.032060243582569127 0.97445302298000303
185 0.22229135543741216 0.032060243860898355 0.97445302301413073
186 0.22136571499153268 0.095771147638236964 0.97047674238301174
187 0.21959417189453193 0.15831544939428241 0.962660177920039
188 0.21709443600373624 0.21907653787514522 0.95124942912406507
189 0.21398658880217156 0.27758534841608051 0.9365661290894165
190 0.210380850167525 0.33350052390597557 0.9189762229988484
191 0.20637650297892812 0.3865894178838134 0.8988644842235356
192 0.2020627823764021 0.43671281283118274 0.87661425443999208
193 0.25692343417882257 -0.43189677585317232 0.86455510175893058
194 0.26223430445680562 -0.38205879374936441 0.88615136838174335
195 0.26713746524809084 -0.32935019240677732 0.90563018137783136
196 0.27152140612572778 -0.27392127443450004 0.92262845253530257
197 0.27526497016309681 -0.21601599032595745 0.93678508107495251
198 0.27824018321213478 -0.15598570437434855 0.94776097222713074
199 0.28031956935148544 -0.094301254735677506 0.95526342565486855
200 0.28139268734402495 -0.031556069825143987 0.95907370413670423
201 0.28139268693760611 0.031556069582647603 0.95907370426392646
202 0.28031956891077175 0.09430125494673694 0.95526342576335965
203 0.27824018321213478 0.15598570437434855 0.94776097222713074
204 0.27526497024497543 0.21601599032187752 0.936785081051834
205 0.27152140630700095 0.27392127423235685 0.92262845254197012
206 0.26713746536784194 0.32935019261032272 0.9056301812684846
207 0.26223430445680562 0.38205879374936441 0.88615136838174335
208 0.25692343417882257 0.43189677585317232 0.86455510175893058
209 0.30982438179291832 -0.42615326309156543 0.8499424973508779
210 0.31599377946025659 -0.37668364544060767 0.87077974402256109
211 0.32165937239880488 -0.32445813400685825 0.88952918300907613
212 0.32669284359932693 -0.26963779070684091 0.90585166984651488
213 0.33095867307278959 -0.21247470598573751 0.91941332165363621
214 0.33432001099912456 -0.15332235896165816 0.92990450288617144
215 0.33664898571085466 -0.092640882308454436 0.93706196558443444
216 0.33784273521285368 -0.03099104739346966 0.94069221387516189
217 0.33784273560141814 0.03099104739047857 0.94069221373571033
218 0.33664898571317231 0.092640882311357642 0.93706196558331478
219 0.33432001099382042 0.15332235926870058 0.9299045028374533
220 0.3309586728599121 0.21247470599911308 0.91941332172717416
221 0.32669284356474665 0.2696377907165336 0.90585166985610122
222 0.32165937246989346 0.32445813396214918 0.88952918299967787
223 0.31599377926357475 0.37668364557465678 0.87077974403594716
224 0.30982438174908467 0.42615326300488326 0.84994249741031791
225 0.36051169301100017 -0.41962446796784214 0.83303458816849119
226 0.36739870578457207 -0.37060440081191609 0.85303608897083716
227 0.37369199743820469 -0.31895800124713108 0.87098799331051635
228 0.37925214226671072 -0.26485508318318607 0.88657746277363614
229 0.38393579242459241 -0.20855145546134718 0.89949963742085748
230 0.38760331732699921 -0.15039567182618718 0.90947501905937767
231 0.39012986909840602 -0.090829400949789654 0.91626890439453568
232 0.39141949380571034 -0.030377277598046176 0.91971082459358533
233 0.39141949380394486 0.030377277699393274 0.91971082459098941
234 0.39012986893266888 0.090829400389245044 0.91626890452067011
235 0.3876033171564483 0.15039567161398146 0.90947501916715512
236 0.38393579242273174 0.20855145548749926 0.89949963741558825
237 0.37925214247783151 0.26485508309832662 0.88657746270867555
238 0.37369199786627727 0.31895800119745693 0.87098799314504505
239 0.36739870578457207 0.37060440081191609 0.85303608897083716
240 0.36051169290986862 0.41962446807498621 0.83303458815828624
241 0.40880512515467166 -0.41245250041869297 0.81410153208653357
242 0.41627301749280637 -0.36395794798638659 0.83321749081795715
243 0.42306613581412628 -0.31297634204921543 0.8503298501433405
244 0.4290390152207007 -0.25968344878236305 0.86515318287974263
245 0.4340455510052324 -0.20433449169395748 0.87741203271709023
246 0.43794732985437379 -0.14726786612237067 0.88685642123242692
247 0.44062431980311612 -0.088902469566728898 0.89327854541737317
248 0.44198690469555285 -0.029726133848802211 0.89652882443569393
249 0.44198690495557652 0.029726133497127008 0.89652882431916325
250 0.4406243196243872 0.088902469804687051 0.8932785454818517
251 0.43794732984145529 0.14726786634953887 0.88685642120108366
252 0.43404555059268768 0.20433449162249717 0.87741203293781322
253 0.42903901527904909 0.25968344845999802 0.8651531829475676
254 0.42306613589728226 0.31297634203787905 0.85032985010614004
255 0.41627301762707886 0.36395794808403031 0.83321749070822326
256 0.40880512494409793 0.41245250072227169 0.81410153203847047
257 0.44197302651328574 -0.41798673036997458 0.79369196611110071
258 0.45198347712670706 -0.37040945536475378 0.81148491777779697
259 0.46137091000382852 -0.31990091470595466 0.82752660873988371
260 0.46988239162102258 -0.2665467367952275 0.84152443526514642
261 0.477230472861227 -0.21054591161476471 0.85318315435488845
262 0.48311008026719149 -0.15223797837776304 0.86222285302796253
263 0.48722981423229322 -0.092119983973758424 0.86840141448286434
264 0.48935555517067586 -0.030840361520323031 0.87153887619824244
265 0.48935555514945039 0.030840361648620581 0.87153887620562032
266 0.48722981423229317 0.092119983973758424 0.86840141448286434
267 0.48311008017211265 0.152237978482233 0.86222285306279034
268 0.47723047267816798 0.21054591191568106 0.85318315438302383
269 0.46988239162102258 0.2665467367952275 0.84152443526514642
270 0.46137091000382852 0.31990091470595466 0.82752660873988371
271 0.45198347709982234 0.37040945547145049 0.81148491774406872
272 0.4419730267163548 0.41798673041018747 0.79369196597684266
273 0.46074235745024628 -0.43569045507749343 0.77323366934294568
274 0.47507940217071465 -0.38927334168305006 0.78915513499439882
275 0.48898944002249239 -0.33897378114553622 0.80373260680551428
276 0.50202510920680021 -0.28469633843050612 0.81665095641293606
277 0.5136285886096138 -0.22652269459429455 0.82757062647041557
278 0.52316209275122849 -0.16479047259812976 0.83614922403183511
279 0.52998078109071756 -0.10015676127556936 0.84207422169620039
280 0.53354546526952606 -0.033609063607624952 0.84510334713202007
281 0.53354546527093361 0.033609063496571466 0.84510334713554802
282 0.52998078120015801 0.10015676139370092 0.8420742216132705
283 0.52316209273339631 0.16479047273344435 0.83614922401632419
284 0.51362858866015493 0.22652269461234698 0.82757062643410606
285 0.50202510922555965 0.28469633829529184 0.81665095644854147
286 0.48898943997110789 0.33897378136057205 0.80373260674608515
287 0.4750794023533837 0.38927334154037291 0.7891551349548096
288 0.4607423574478392 0.43569045508834076 0.77323366933826809
289 0.47770744454483177 -0.45171711749225557 0.75349004186580615
290 0.49604757346189743 -0.40642402747482426 0.76730457756597981
291 0.51419266768541394 -0.35640147790545817 0.7801178674055369
292 0.53151906400049131 -0.30136980509145034 0.79162094791837279
293 0.54720934498908613 -0.24127814239633277 0.80146540209692774
294 0.56029222183360772 -0.17643804504909927 0.80928501926824981
295 0.56975683776777075 -0.10764062783159672 0.81473347854184175
296 0.57474065268949737 -0.036192212381095663 0.81753489583565309
297 0.57474065261455187 0.036192212814748777 0.81753489586914319
298 0.56975683766559104 0.10764062798796893 0.81473347859263845
299 0.56029222168894333 0.17643804516976766 0.80928501934209751
300 0.54720934488815509 0.24127814217258264 0.80146540223319884
301 0.53151906412110494 0.30136980503886263 0.791620947857409
302 0.51419266785565776 0.35640147767691466 0.78011786739773692
303 0.49604757347674377 0.40642402749557904 0.7673045775453885
304 0.47770744459786851 0.45171711759753119 0.75349004176906842
305 0.49313846377974707 -0.46632183010411099 0.7344102438755219
306 0.51517583434161085 -0.42209850334062432 0.74594015389173818
307 0.53726603568834974 -0.37238460253189415 0.75675287557622684
308 0.55862624827180862 -0.3167197348495403 0.76656723403665028
309 0.5781940359854818 -0.25491451334149934 0.77505499652520526
310 0.59467295949392818 -0.18723940846857065 0.78186026575282153
311 0.60668653853564969 -0.11459900661801332 0.78663747154696106
312 0.6130435998122381 -0.038597400627501513 0.78910568708763751
313 0.61304359969531497 0.038597400421237674 0.78910568718856222
314 0.60668653853564969 0.11459900661801332 0.78663747154696106
315 0.59467295941571119 0.18723940832906161 0.78186026584572199
316 0.57819403596417007 0.25491451320287045 0.77505499658669885
317 0.55862624827940255 0.31671973480696797 0.76656723404870564
318 0.53726603575120646 0.37238460252724465 0.75675287553388892
319 0.51517583459159344 0.4220985034325439 0.74594015366707667
320 0.49313846406279849 0.46632183003851119 0.73441024372711317
321 0.50724948675456305 -0.47970664781723005 0.71594656939410528
322 0.53269847886108013 -0.43648964401852292 0.72505801235740752
323 0.55845026856723534 -0.38709233312859859 0.73368441660583239
324 0.58357834017269705 -0.33088103048815282 0.74158887838503751
325 0.60679149856351045 -0.26752808816476381 0.74848700677697499
326 0.62648239376578152 -0.19725465936770037 0.7540626032759008
327 0.6409186645614291 -0.12106291172506001 0.75800200317772559
328 0.64858518135090537 -0.040833930599557297 0.76004595429737254
329 0.6485851813020449 0.040833930356938747 0.76004595435210254
330 0.64091866473123749 0.12106291195023662 0.75800200299818266
331 0.6264823935752365 0.19725465957244245 0.75406260338064923
332 0.60679149859705328 0.26752808830582592 0.74848700669936308
333 0.58357833999242903 0.33088103069666797 0.74158887843386079
334 0.55845026840418932 0.38709233345400956 0.73368441655824934
335 0.53269847886108013 0.43648964401852292 0.72505801235740752
336 0.5072494868562144 0.47970664763553961 0.7159465694438234
337 0.52021332007489696 -0.4920346579778242 0.69805443696412262
338 0.5488092261190578 -0.44975696711954416 0.70464679368746874
339 0.57795077266900641 -0.40066913208012733 0.71094103199172287
340 0.60658138861985222 -0.34397377055443878 0.71675732584367369
341 0.63319782031163241 -0.27920925214708875 0.72187444467030482
342 0.6558995918785141 -0.20654399586067806 0.72604084123932222
343 0.67261455691789773 -0.12706560647644879 0.7290020503900605
344 0.68151546902968985 -0.042912273759163767 0.73054445602855711
345 0.68151546902968985 0.042912273759163767 0.73054445602855711
346 0.67261455720285324 0.1270656067431912 0.72900205008065277
347 0.65589959185849933 0.20654399539374371 0.72604084139023695
348 0.63319782034760752 0.27920925197610774 0.72187444470488171
349 0.60658138857997401 0.34397377084831804 0.71675732573638851
350 0.57795077252563953 0.40066913217138755 0.71094103205683912
351 0.54880922633756446 0.44975696689437233 0.70464679366100758
352 0.52021332024862776 0.49203465812190456 0.69805443673309553
353 0.53217163444840254 -0.50343958414780976 0.68069224808396056
354 0.56367030001217266 -0.46203416669009989 0.6846898726395565
355 0.59594440987252606 -0.41323958654028597 0.68853707558685617
356 0.62781929958802063 -0.35610536543411125 0.69212130134380734
357 0.65759610702738025 -0.29004257395674748 0.69530041371696238
358 0.68310090302402604 -0.21516671236298679 0.69790862022091682
359 0.7019418175302703 -0.13264152791427514 0.69977418491601084
360 0.71199605815417177 -0.044843630721968106 0.70075007096438668
361 0.71199605827073009 0.044843630437162045 0.70075007086418362
362 0.70194181773516851 0.13264152806555427 0.69977418468180319
363 0.68310090298278947 0.21516671272169072 0.69790862015068922
364 0.65759610703036153 0.2900425744904116 0.69530041349152616
365 0.62781929947885151 0.35610536562979411 0.69212130134215244
366 0.59594440984237651 0.41323958665738436 0.68853707554267241
367 0.56367030001217266 0.46203416669009989 0.6846898726395565
368 0.5321716345403158 0.50343958427679869 0.6806922479167018
369 0.54324209339675478 -0.51403255117479474 0.6638211839755066
370 0.57741899457250667 -0.47343456178595689 0.66516691169466202
371 0.61258457075739603 -0.42491204376888631 0.66647573003832994
372 0.64745660139030048 -0.3673722861958354 0.66771068034843251
373 0.6801564735276322 -0.30010698483241877 0.66882207587163989
374 0.70825721316712786 -0.22318050486312777 0.66974784975076473
375 0.72906939872063325 -0.13782547535896719 0.67041923465187725
376 0.74019397213107951 -0.046639585175532253 0.67077390580990015
377 0.74019397173513357 0.046639585624328544 0.67077390621561828
378 0.72906939848643904 0.13782547581031723 0.67041923481377053
379 0.70825721312258993 0.22318050443917756 0.66974784993913672
380 0.68015647368804988 0.30010698513199902 0.66882207557407936
381 0.64745660133209859 0.36737228620962181 0.66771068039728365
382 0.61258457051994475 0.42491204380987813 0.66647573023044671
383 0.57741899436379485 0.473434562023475 0.66516691170678666
384 0.54324209335002072 0.51403255085906441 0.66382118425823899
385 0.41408807142693876 0.44581315068468258 0.79358786771126666
386 0.36671401999733194 0.45548449652663153 0.81120570816610837
387 0.31650657844638269 0.46455757602742892 0.82704887664253757
388 0.26355972574859754 0.47278536946616567 0.84083902465457994
389 0.20807479398596754 0.47988844406501535 0.85229804725844338
390 0.1503849563237995 0.48557133334444197 0.86116481880392082
391 0.090970094924424233 0.48955262183770865 0.86721547050388048
392 0.030450396142195021 0.49160667439536621 0.87028481031482541
393 -0.030450396028493042 0.49160667431826427 0.87028481036235728
394 -0.090970094612393609 0.48955262177133502 0.86721547057408077
395 -0.15038495629436041 0.4855713336033079 0.86116481866309902
396 -0.20807479396291245 0.47988844406637471 0.8522980472633066
397 -0.26355972575938524 0.47278536938819443 0.84083902469504013
398 -0.31650657841323204 0.46455757610784826 0.82704887661005222
399 -0.36671401982772184 0.45548449646797662 0.81120570827571647
400 -0.41408807127306096 0.44581315064173249 0.79358786781568702
401 0.43151373699199536 0.4648190493756022 0.77313591698016759
402 0.385257754587844 0.47877928094402572 0.78888963909323473
403 0.33523053871186376 0.4923189265017488 0.80326991760125011
404 0.28135349572623125 0.50500080024736083 0.81597451074905192
405 0.22371883662841677 0.51628226318719961 0.82668162363507935
406 0.1626630121331098 0.52554524960506732 0.8350706168350861
407 0.098825065491922576 0.53216676355741555 0.84085203347280013
408 0.033155351915281017 0.53562705336606398 0.84380352117170121
409 -0.033155352036174306 0.53562705353057705 0.84380352106252188
410 -0.098825065695167635 0.53216676338678703 0.84085203355690175
411 -0.16266301212091092 0.52554524948572601 0.8350706169125689
412 -0.22371883664819289 0.51628226333243732 0.82668162353902308
413 -0.28135349573219803 0.50500080039050688 0.81597451065840254
414 -0.33523053883242315 0.49231892646379843 0.80326991757419641
415 -0.3852577547257473 0.4787792806454621 0.78888963920708821
416 -0.43151373682927624 0.46481904942690633 0.77313591704014206
417 0.44725244270613557 0.48202884209205443 0.75340125290895832
418 0.40207296411244681 0.49995548325326805 0.76706052322800589
419 0.35228830251212362 0.51767116158765569 0.77968552658980006
420 0.29764525444525769 0.5345659486349239 0.79097822287738229
421 0.2381133625361527 0.54984523424786913 0.80060742249658967
422 0.17401000709910402 0.56256960236703035 0.80823014044390296
423 0.10610836128908539 0.57176538485828088 0.81352649639849284
424 0.035667901517328501 0.57660432548210028 0.81624460343495209
425 -0.035667901670745801 0.57660432538988138 0.81624460349339256
426 -0.10610836139169771 0.57176538481686168 0.81352649641421937
427 -0.17401000707066477 0.56256960230984532 0.80823014048982966
428 -0.23811336259578383 0.54984523421552922 0.80060742250106498
429 -0.29764525444282264 0.53456594865781282 0.79097822286282959
430 -0.35228830257148863 0.51767116131773394 0.77968552674219127
431 -0.40207296422013905 0.49995548313591226 0.76706052324804685
432 -0.44725244278205167 0.48202884205991486 0.75340125288445414
433 0.46155753222204698 0.49771488958709414 0.73433271283009094
434 0.41739414011025278 0.51930450971035069 0.74572445178907409
435 0.3678772987564195 0.54090511057718249 0.7563649611207317
436 0.31258398127868375 0.56175023284927494 0.76598167768018621
437 0.25135693474267823 0.58080801895547651 0.77426205930148717
438 0.18448138751804571 0.5968277999175059 0.78087335394739033
439 0.11284512912083763 0.60848895743982656 0.78549803660320783
440 0.037994816157912725 0.61465335389070608 0.78788174778708575
441 -0.03799481615916625 0.61465335385187514 0.78788174781731835
442 -0.11284512916915052 0.60848895738423858 0.7854980366393286
443 -0.18448138745839102 0.59682780000967439 0.78087335389103862
444 -0.25135693473941334 0.58080801918850122 0.77426205912774515
445 -0.31258398116047342 0.56175023308883587 0.76598167755273849
446 -0.36787729874890274 0.54090511059924062 0.75636496110861307
447 -0.41739413996318098 0.51930450968248176 0.74572445189079972
448 -0.46155753212728473 0.49771488946304299 0.73433271297373193
449 0.47462962252497143 0.51209300241918077 0.7158823075723495
450 0.43141195289199902 0.53706359224894562 0.72487683421569626
451 0.38216370267204397 0.56226604760122534 0.73335380006848694
452 0.32630093054342829 0.58679171135044805 0.74108244495258768
453 0.26354192322622977 0.609387603417478 0.74779168456417244
454 0.19413367051119579 0.62850751898617929 0.75318684039996864
455 0.1190638344438484 0.64249680111130503 0.75698194422936416
456 0.040144471479193568 0.6499160018649871 0.75894506515918936
457 -0.040144471483607051 0.64991600172165553 0.7589450652816967
458 -0.1190638344515344 0.64249680116452512 0.75698194418298381
459 -0.19413367053697669 0.62850751896224022 0.75318684041329986
460 -0.26354192307018393 0.60938760352360388 0.7477916845326833
461 -0.32630093051608611 0.58679171125302421 0.74108244504176712
462 -0.38216370237483172 0.56226604776909805 0.73335380009466056
463 -0.43141195299678603 0.53706359222218858 0.7248768341731564
464 -0.47462962243697715 0.51209300242053712 0.71588230762971938
465 0.48663057050943437 0.52533743464289839 0.69800520600385274
466 0.44428388625584619 0.5534289633270385 0.70450565005836685
467 0.39528901138017525 0.58196333305326642 0.71067944705304142
468 0.33891237333940111 0.60990201264742017 0.71635042972422414
469 0.27475444528636306 0.63578720493883201 0.72130757990710903
470 0.2030230205224782 0.65779618106225357 0.72531774920916181
471 0.12479481201628774 0.6739593858341093 0.72815177067691705
472 0.042126263441295934 0.68255181902450857 0.72962208866975031
473 -0.042126263613860307 0.68255181900463968 0.72962208867837419
474 -0.1247948122107298 0.67395938615191908 0.72815177034943546
475 -0.2030230207530779 0.65779618092884296 0.72531774926560588
476 -0.27475444536622035 0.63578720499206409 0.72130757982976978
477 -0.33891237327895279 0.6099020126247392 0.71635042977213348
478 -0.3952890112895121 0.58196333324330651 0.71067944694784868
479 -0.44428388641693978 0.5534289632291024 0.70450565003371024
480 -0.48663057071150734 0.52533743455762971 0.69800520592714832
481 0.49769299440799386 0.53759111080598088 0.68065959252742192
482 0.45614167041305792 0.56856508309360532 0.68459369176143225
483 0.40737478037653063 0.60017737935989179 0.68835521470957572
484 0.35052163417458054 0.63127004433450606 0.69183286645077235
485 0.28507431449938775 0.66019624843334856 0.69489103373639549
486 0.21120410809420845 0.68487740829838251 0.69737777447135552
487 0.13006907397652101 0.70305210635461257 0.69914216847879573
488 0.043950121508504518 0.71273038317366111 0.70005984581356606
489 -0.043950121509512829 0.71273038320242521 0.70005984578421798
490 -0.13006907403344783 0.70305210599289891 0.69914216883194147
491 -0.21120410762173683 0.68487740834176924 0.69737777457183658
492 -0.28507431491894242 0.66019624842492686 0.69489103357227744
493 -0.35052163420756915 0.63127004443578594 0.69183286634164454
494 -0.407374780356205 0.60017737925223991 0.68835521481546635
495 -0.45614167016566792 0.56856508315760135 0.68459369187311747
496 -0.49769299452557647 0.53759111069845955 0.68065959252636798
497 0.50792698017488336 0.54897283018214049 0.66380645864004251
498 0.46709665777473042 0.58261131644456388 0.6651201141496238
499 0.41852616230486717 0.6170648846874881 0.6663833577993804
500 0.36122069830147269 0.6510649592558968 0.66755825659466894
501 0.29457506270897504 0.68279057274874089 0.66859746200195069
502 0.21872924344722239 0.70992846877172655 0.66944685172793017
503 0.13491736643491334 0.72995050685646412 0.67005190976092188
504 0.045626113068914467 0.74062529830516421 0.67036738085665337
505 -0.045626113026221972 0.74062529832961144 0.67036738083254954
506 -0.13491736631053519 0.72995050673663442 0.67005190991650765
507 -0.21872924393990928 0.70992846883291238 0.66944685150206817
508 -0.29457506221861257 0.68279057284240241 0.66859746212234794
509 -0.36122069812417179 0.65106495937089948 0.66755825657844636
510 -0.41852616221734823 0.61706488462632769 0.66638335791098102
511 -0.46709665769892289 0.58261131631326057 0.66512011431787654
512 -0.50792698053754604 0.54897282995020347 0.66380645855435627
513 -0.44197302658079485 0.41798673035646311 0.79369196608062342
514 -0.45198347702766717 0.37040945541947973 0.81148491780798038
515 -0.46137090998331787 0.31990091440686069 0.82752660886694118
516 -0.4698823914821173 0.26654673666753781 0.84152443538315191
517 -0.4772304726611899 0.21054591189120409 0.85318315439856096
518 -0.48311008009434947 0.15223797861191199 0.86222285308346491
519 -0.48722981423217449 0.092119983976752279 0.86840141448261343
520 -0.48935555507945239 0.030840361648751931 0.87153887624491833
521 -0.48935555501082645 -0.030840361651380897 0.8715388762833578
522 -0.48722981423622214 -0.092119983874655545 0.86840141449117281
523 -0.4831100802077305 -0.15223797804830624 0.86222285311944946
524 -0.47723047266751484 -0.2105459118228348 0.85318315441189496
525 -0.4698823915688779 -0.26654673658592248 0.84152443536055832
526 -0.46137091005895153 -0.31990091458889847 0.82752660875440198
527 -0.45198347706082187 -0.37040945531410246 0.81148491783761412
528 -0.44197302658173909 -0.41798673035172446 0.79369196608259318
529 -0.46074235750215725 0.43569045490345054 0.7732336694100812
530 -0.47507940226149836 0.38927334164645011 0.7891551349578001
531 -0.48898943989097715 0.3389737814146771 0.80373260677201785
532 -0.50202510929387834 0.28469633843880915 0.8166509563565113
533 -0.51362858860723426 0.22652269459461219 0.82757062647180546
534 -0.5231620926379027 0.16479047269980843 0.83614922408270176
535 -0.52998078118226521 0.1001567613729709 0.84207422162699752
536 -0.53354546527354207 0.033609063355777784 0.8451033471395003
537 -0.5335454653592574 -0.033609063745945141 0.84510334706986845
538 -0.52998078087504819 -0.10015676120762795 0.84207422184001823
539 -0.52316209252061252 -0.16479047252486387 0.83614922419056648
540 -0.51362858872763384 -0.22652269467798297 0.82757062637425971
541 -0.50202510907351861 -0.28469633863653282 0.81665095642304508
542 -0.48898943988596816 -0.33897378144461798 0.80373260676243785
543 -0.47507940219176242 -0.38927334157510213 0.78915513503497625
544 -0.46074235760767107 -0.43569045505259213 0.77323366926317305
545 -0.47770744445013413 0.45171711766472583 0.75349004182244783
546 -0.49604757359013713 0.40642402736701516 0.76730457754017944
547 -0.51419266766174954 0.35640147780707576 0.78011786746608103
548 -0.53151906421164918 0.30136980485999387 0.79162094786470993
549 -0.54720934506212138 0.24127814218711785 0.80146540211004569
550 -0.56029222177710569 0.17643804509561972 0.80928501929722552
551 -0.56975683759973383 0.10764062804985877 0.81473347863051671
552 -0.57474065261611318 0.036192212770886648 0.8175348958699874
553 -0.57474065261255047 -0.036192212901846654 0.81753489586669448
554 -0.56975683768280505 -0.10764062815676938 0.8147334785582987
555 -0.56029222176121818 -0.17643804518937328 0.80928501928778496
556 -0.5472093450199832 -0.24127814215142149 0.8014654021495623
557 -0.53151906400472781 -0.30136980506473532 0.79162094792569859
558 -0.5141926677561317 -0.35640147788256216 0.78011786736938526
559 -0.49604757364750274 -0.40642402737291006 0.76730457749997139
560 -0.47770744425049388 -0.45171711769331069 0.75349004193188185
561 -0.49313846391222921 0.46632183007374955 0.73441024380584186
562 -0.51517583451271709 0.42209850350263933 0.74594015368188737
563 -0.5372660357029605 0.37238460245783278 0.75675287560229798
564 -0.55862624822254836 0.31671973502767176 0.76656723399895021
565 -0.57819403593205032 0.25491451314547414 0.7750549966295377
566 -0.59467295940637177 0.18723940827871846 0.78186026586488133
567 -0.60668653850199616 0.11459900714370296 0.78663747149633256
568 -0.61304359950134235 0.038597400637433076 0.78910568732868169
569 -0.61304359956509336 -0.038597400529437047 0.78910568728443697
570 -0.60668653840668896 -0.11459900673277564 0.7866374716297021
571 -0.59467295949376309 -0.18723940816666387 0.78186026582524737
572 -0.57819403598116093 -0.25491451323076247 0.77505499656484977
573 -0.55862624805828609 -0.31671973489704747 0.76656723417262373
574 -0.53726603573125087 -0.37238460261738571 0.75675287550369963
575 -0.51517583437551762 -0.42209850355703959 0.74594015374585987
576 -0.49313846401334799 -0.46632183009145967 0.73441024372669783
577 -0.50724948664962 0.47970664771958826 0.71594656953388036
578 -0.53269847894033495 0.43648964371531462 0.72505801248171264
579 -0.55845026852989887 0.38709233341934884 0.73368441648085148
580 -0.5835783399763208 0.33088103049109807 0.74158887853825772
581 -0.60679149854272185 0.26752808816936996 0.74848700679218205
582 -0.62648239398662553 0.19725465905794104 0.7540626031734512
583 -0.64091866461249125 0.12106291165807034 0.75800200314524979
584 -0.64858518144629507 0.040833929905581899 0.76004595425325605
585 -0.6485851814937329 -0.040833930146214344 0.76004595419984688
586 -0.64091866461755775 -0.1210629120008553 0.75800200308621868
587 -0.62648239371424874 -0.1972546592109469 0.75406260335971986
588 -0.60679149850910596 -0.26752808837957104 0.74848700674430291
589 -0.5835783400047827 -0.33088103059764701 0.74158887846832033
590 -0.55845026866207437 -0.38709233334571219 0.73368441641909565
591 -0.53269847910436929 -0.4364896438019612 0.72505801230903499
592 -0.50724948666224556 -0.47970664774539712 0.71594656950764257
593 -0.52021332024475353 0.49203465795159601 0.69805443685602719
594 -0.54880922617585448 0.4497569672195656 0.70464679357939208
595 -0.57795077243415338 0.40066913232194629 0.71094103204636039
596 -0.60658138848465359 0.34397377055636807 0.71675732595716446
597 -0.63319782046374828 0.27920925230146326 0.72187444447716576
598 -0.65589959178572255 0.20654399595125944 0.72604084129738089
599 -0.6726145570454044 0.12706560673762116 0.72900205022689379
600 -0.68151546897725301 0.042912274274942007 0.73054445604717788
601 -0.68151546897728299 -0.042912274300471627 0.73054445604565044
602 -0.67261455688948912 -0.12706560676669088 0.72900205036568233
603 -0.65589959172950907 -0.20654399561308234 0.7260408414443682
604 -0.63319782051049223 -0.27920925192470647 0.72187444458188743
605 -0.60658138859441457 -0.34397377032901738 0.71675732597338138
606 -0.57795077263742212 -0.40066913209940197 0.71094103200653624
607 -0.54880922616546812 -0.44975696687003974 0.70464679381057427
608 -0.52021332007511223 -0.49203465797712531 0.69805443696445502
609 -0.53217163436303427 0.50343958408618172 0.68069224819628249
610 -0.56367030005195795 0.46203416675282044 0.684689872564479
611 -0.59594440994404219 0.41323958685105217 0.68853707533844466
612 -0.62781929924924151 0.35610536593550141 0.6921213013931401
613 -0.65759610706628835 0.29004257411582868 0.69530041361380379
614 -0.68310090310456917 0.21516671221301931 0.69790862018831779
615 -0.70194181769356667 0.13264152798150469 0.69977418473946529
616 -0.71199605811943822 0.044843631105666762 0.70075007097512332
617 -0.7119960579778114 -0.04484363130814345 0.70075007110606591
618 -0.70194181770283659 -0.13264152812744801 0.6997741847025033
619 -0.68310090307872817 -0.2151667123936114 0.69790862015793353
620 -0.65759610699951154 -0.29004257410121259 0.69530041368305651
621 -0.62781929939262582 -0.35610536573409829 0.69212130136670158
622 -0.59594440987295716 -0.41323958689375934 0.68853707537433884
623 -0.56367029999738527 -0.46203416684821763 0.68468987254503122
624 -0.53217163450615601 -0.50343958422671264 0.68069224798045203
625 -0.54324209343292229 0.51403255086508703 0.66382118418573222
626 -0.57741899454028911 0.47343456173779486 0.66516691175690912
627 -0.61258457078961714 0.42491204362420359 0.66647573010095673
628 -0.64745660162473517 0.36737228591651794 0.66771068027478886
629 -0.68015647324373629 0.30010698497328087 0.66882207609714051
630 -0.70825721304852252 0.22318050476410367 0.66974784990918756
631 -0.72906939851909058 0.13782547540917373 0.67041923486073007
632 -0.74019397185274882 0.04663958510292876 0.67077390612208421
633 -0.74019397195677961 -0.046639585527011883 0.67077390597780018
634 -0.72906939854337627 -0.13782547566805961 0.67041923478109766
635 -0.70825721332615632 -0.22318050429505532 0.66974784977189172
636 -0.68015647353355391 -0.30010698498420163 0.66882207579751141
637 -0.64745660149794571 -0.3673722861389383 0.66771068027535729
638 -0.61258457055808646 -0.42491204364113611 0.66647573030297058
639 -0.57741899436413857 -0.4734345620592656 0.66516691168101438
640 -0.54324209351463892 -0.51403255106776891 0.66382118396191137
641 -0.41408807134129921 -0.44581315069109445 0.79358786775235068
642 -0.36671401991283559 -0.45548449654899048 0.81120570819175153
643 -0.3165065783970209 -0.46455757620718091 0.82704887656046056
644 -0.26355972568438635 -0.47278536952290984 0.84083902464280091
645 -0.20807479419293051 -0.47988844389068558 0.8522980473060735
646 -0.15038495627582826 -0.48557133352645721 0.86116481870966788
647 -0.090970094626508957 -0.48955262159078311 0.86721547067452365
648 -0.030450395829714781 -0.49160667429699229 0.87028481038132832
649 0.030450395942146283 -0.49160667431858279 0.87028481036519845
650 0.090970094617368075 -0.48955262177586417 0.86721547057100223
651 0.15038495611370195 -0.48557133354468313 0.86116481872770323
652 0.2080747941436851 -0.47988844412830839 0.8522980471843018
653 0.26355972572688324 -0.4727853694194315 0.84083902468766381
654 0.31650657845892882 -0.46455757635087108 0.82704887645605718
655 0.36671401991283564 -0.45548449654899048 0.81120570819175153
656 0.41408807145090643 -0.4458131505967835 0.79358786774813961
657 -0.43151373709967045 -0.46481904934304802 0.77313591693964234
658 -0.38525775452479272 -0.4787792809579009 0.78888963911560539
659 -0.33523053850546269 -0.4923189263736113 0.80326991776592271
660 -0.28135349570759521 -0.50500080035973605 0.81597451068592952
661 -0.22371883672876017 -0.51628226327932447 0.82668162355038988
662 -0.16266301223763802 -0.52554524967980343 0.83507061676769057
663 -0.098825065560361511 -0.53216676350303105 0.84085203349917592
664 -0.033155351846671496 -0.53562705326232618 0.84380352124024738
665 0.033155352038417532 -0.53562705342451544 0.8438035211297592
666 0.098825065555933025 -0.53216676366445015 0.84085203339753589
667 0.16266301211926804 -0.52554524950197112 0.83507061690266515
668 0.22371883678473742 -0.51628226317235026 0.82668162360204911
669 0.28135349570962248 -0.50500080036539263 0.81597451068172977
670 0.33523053860558966 -0.49231892663166127 0.80326991756597932
671 0.38525775471269241 -0.47877928042323509 0.78888963934833378
672 0.43151373680542948 -0.46481904949501324 0.77313591701250495
673 -0.44725244283588705 -0.48202884204015156 0.75340125286513959
674 -0.4020729644730327 -0.49995548308218085 0.76706052315050766
675 -0.35228830237511544 -0.51767116150520842 0.77968552670644564
676 -0.29764525459856023 -0.53456594857850437 0.79097822285782438
677 -0.23811336228835386 -0.5498452343293212 0.80060742251434891
678 -0.17401000711098968 -0.56256960242862319 0.8082301403984723
679 -0.10610836115534032 -0.57176538489145812 0.81352649639261931
680 -0.03566790170702485 -0.57660432547864693 0.81624460342910232
681 0.03566790176792408 -0.5766043252801113 0.81624460356668904
682 0.10610836137467683 -0.57176538487955797 0.81352649637237495
683 0.17401000697164781 -0.56256960237841103 0.80823014046342234
684 0.23811336259564728 -0.54984523441524125 0.80060742236394622
685 0.29764525453762658 -0.53456594859396345 0.79097822287030606
686 0.3522883024278744 -0.51767116143442005 0.77968552672960723
687 0.40207296421643801 -0.49995548313669863 0.76706052324947427
688 0.44725244287346688 -0.48202884209195107 0.75340125280968906
689 -0.46155753219431411 -0.49771488953693949 0.7343327128815158
690 -0.41739413992451813 -0.51930450972604347 0.74572445188210468
691 -0.36787729886218579 -0.54090511057597257 0.75636496107015494
692 -0.31258398132270571 -0.56175023300201365 0.7659816775502073
693 -0.25135693464136516 -0.58080801904998902 0.77426205926347969
694 -0.18448138745591292 -0.59682780002637859 0.78087335387885681
695 -0.11284512937749958 -0.60848895747693299 0.78549803653759087
696 -0.037994816162684165 -0.61465335374290087 0.78788174790216337
697 0.037994816161403641 -0.61465335378256736 0.78788174787127985
698 0.11284512929039892 -0.60848895741794096 0.7854980365958022
699 0.18448138743755002 -0.59682779987252454 0.78087335400078695
700 0.25135693488501365 -0.580808018863888 0.77426205932398395
701 0.31258398125450054 -0.56175023308412586 0.76598167751782176
702 0.36787729866593599 -0.54090511052523038 0.75636496120189356
703 0.41739413999013897 -0.51930450966772168 0.74572445188598946
704 0.46155753222362322 -0.49771488949062809 0.73433271289448276
705 -0.47462962239852524 -0.51209300224866061 0.71588230777816175
706 -0.43141195318613562 -0.53706359210741339 0.72487683414550175
707 -0.38216370238009539 -0.56226604763382981 0.73335380019562857
708 -0.32630093055329162 -0.58679171143265652 0.74108244488315189
709 -0.26354192301697793 -0.60938760353782506 0.74779168453984546
710 -0.19413367047520363 -0.62850751883743694 0.75318684053336593
711 -0.11906383440369787 -0.64249680106112117 0.75698194427827326
712 -0.040144471482365801 -0.64991600172334074 0.75894506528031924
713 0.040144471573254056 -0.64991600170237507 0.75894506529346561
714 0.11906383434660156 -0.64249680096837269 0.75698194436597521
715 0.19413367015578492 -0.62850751894246482 0.75318684052805396
716 0.26354192313456926 -0.6093876034720942 0.74779168455196832
717 0.32630093062263593 -0.58679171112977657 0.74108244509244103
718 0.3821637024904192 -0.56226604787704171 0.73335379995166483
719 0.43141195319225811 -0.53706359208648691 0.72487683415736259
720 0.47462962266108294 -0.51209300216788389 0.71588230766186811
721 -0.48663057044249419 -0.52533743494241936 0.69800520582509407
722 -0.44428388629303289 -0.55342896327517377 0.70450565007565813
723 -0.39528901137271988 -0.58196333307719428 0.71067944703759389
724 -0.33891237328982921 -0.609902012708749 0.71635042969546159
725 -0.27475444519350828 -0.63578720496323615 0.72130757992096783
726 -0.203023020591729 -0.65779618089723801 0.72531774933943161
727 -0.12479481179378989 -0.67395938585859005 0.72815177069239134
728 -0.042126263849460735 -0.68255181899845185 0.72962208867055978
729 0.042126263591687245 -0.68255181900522199 0.7296220886791096
730 0.12479481205698374 -0.67395938610234574 0.72815177042166923
731 0.20302302074422515 -0.65779618108089222 0.72531774913018909
732 0.27475444549009587 -0.63578720502921182 0.72130757974984083
733 0.33891237336025748 -0.60990201262526922 0.71635042973321617
734 0.39528901112926834 -0.58196333319663707 0.71067944707519515
735 0.44428388638825062 -0.55342896326817681 0.70450565002110732
736 0.48663057046198976 -0.52533743481007089 0.69800520591111137
737 -0.49769299435445136 -0.53759111064009413 0.68065959269759069
738 -0.45614167035944181 -0.56856508299277797 0.68459369188089503
739 -0.40737478033089475 -0.60017737932589876 0.68835521476622186
740 -0.35052163413960147 -0.6312700444411049 0.69183286637122765
741 -0.2850743145998918 -0.66019624841452063 0.6948910337130525
742 -0.21120410773986908 -0.68487740842524747 0.69737777445407789
743 -0.1300690739316315 -0.70305210612863578 0.69914216871438761
744 -0.043950121431160331 -0.71273038307686487 0.70005984591696979
745 0.043950121634030108 -0.71273038317004067 0.70005984580937142
746 0.13006907386565361 -0.70305210633980986 0.69914216851430722
747 0.21120410753594668 -0.68487740856363122 0.69737777437993342
748 0.28507431479997891 -0.66019624817507438 0.69489103385845907
749 0.35052163417290749 -0.63127004440606271 0.69183286638632757
750 0.4073747801480182 -0.60017737932219839 0.68835521487767615
751 0.45614167053927329 -0.56856508306617382 0.68459369170011775
752 0.49769299431098502 -0.53759111083460154 0.68065959257574937
753 -0.5079269801076135 -0.54897283011084641 0.66380645875047628
754 -0.46709665757133711 -0.58261131638077224 0.66512011434833984
755 -0.4185261625022475 -0.61706488442181873 0.66638335792142189
756 -0.36122069825477088 -0.65106495941281683 0.66755825646689659
757 -0.29457506236725822 -0.68279057281227717 0.66859746208762116
758 -0.21872924349898876 -0.70992846872140214 0.6694468517643839
759 -0.13491736649012892 -0.7299505068079265 0.67005190980268048
760 -0.045626113180025879 -0.74062529840981572 0.67036738073347135
761 0.045626113148532342 -0.74062529830342949 0.67036738085315073
762 0.13491736649421768 -0.72995050678567153 0.67005190982610163
763 0.21872924327055537 -0.70992846895293227 0.66944685159348971
764 0.29457506237734626 -0.68279057278209077 0.66859746211400395
765 0.36122069834354176 -0.65106495938667963 0.66755825644435374
766 0.41852616256060637 -0.61706488450230756 0.66638335781023716
767 0.46709665752351481 -0.58261131655998433 0.66512011422494355
768 0.50792698027591032 -0.54897283015650944 0.66380645858393639
769 -0.39960043023830832 -0.40113797386452332 0.82426198631092051
770 -0.40592089999290321 -0.3530700360831921 0.84295300733146727
771 -0.41162401874370386 -0.30289678851858137 0.85954592820768605
772 -0.41660133459056387 -0.25079056330515836 0.87381200573947393
773 -0.42074601354677377 -0.19698369887204262 0.88553385845103993
774 -0.42395847184892477 -0.1417696398936957 0.89451695531830833
775 -0.42615343179488563 -0.085499716403670559 0.90060149403847511
776 -0.42726778771803708 -0.028574070862612756 0.90367348088392674
777 -0.42726778771803708 0.028574070862612756 0.90367348088392674
778 -0.42615343154812196 0.085499716289800895 0.90060149416605106
779 -0.42395847174999174 0.1417696402313843 0.89451695531167841
780 -0.42074601361326819 0.19698369903570839 0.88553385838303944
781 -0.41660133486885526 0.25079056296404928 0.87381200570469564
782 -0.41162401895554046 0.30289678812439097 0.85954592824515008
783 -0.40592090010635401 0.35307003587724162 0.84295300736309764
784 -0.39960043019045244 0.40113797369693061 0.82426198641568205
785 -0.35160366330682735 -0.40713588785904736 0.84297997174692385
786 -0.35738583482796038 -0.35858281773065948 0.86237678997794376
787 -0.36262261997133555 -0.3078193823529129 0.87963177712779084
788 -0.3672110339643983 -0.25501597912927104 0.89449589542017283
789 -0.37104746033906155 -0.20040749591929435 0.90673073056739972
790 -0.37403275515400508 -0.14429625596543019 0.91612121937343161
791 -0.37607947259034652 -0.087050696629034224 0.92248924465956061
792 -0.37712102201560921 -0.029097199336736837 0.9257068044173925
793 -0.37712102201560921 0.029097199336736837 0.9257068044173925
794 -0.37607947284384041 0.087050696713393272 0.92248924454825598
795 -0.37403275515355561 0.14429625597449813 0.91612121937218682
796 -0.3710474599773439 0.20040749569910887 0.90673073076408572
797 -0.367211033936653 0.25501597943434029 0.89449589534458918
798 -0.36262262003626711 0.30781938214124926 0.87963177717509311
799 -0.3573858348170007 0.35858281781196139 0.86237678994867972
800 -0.35160366330394899 0.40713588794650213 0.84297997170588623
801 -0.30154225350258262 -0.41255824715954392 0.85957429117745787
802 -0.30668271364777111 -0.36358584794208065 0.87963119790391542
803 -0.31135724617343169 -0.31230611832067434 0.89750852570589545
804 -0.31547182103889604 -0.25888558097362485 0.91293799685101917
805 -0.31892948830906354 -0.20355868853129297 0.92566075957142036
806 -0.32163425625285169 -0.14663297214606888 0.93544116687490575
807 -0.32349771708871372 -0.088490822152375664 0.94208205663476419
808 -0.32444940260414284 -0.029584049379043961 0.94544030439375337
809 -0.32444940299371999 0.0295840491341747 0.94544030426772341
810 -0.32349771728153826 0.088490822147145182 0.94208205656904231
811 -0.32163425625285169 0.14663297214606888 0.93544116687490575
812 -0.31892948852003672 0.20355868851805967 0.92566075950164128
813 -0.31547182087309622 0.25888558070627082 0.91293799698412703
814 -0.31135724617352978 0.3123061183206649 0.8975085257058647
815 -0.30668271367508754 0.36358584770820307 0.87963119799106237
816 -0.30154225355980674 0.41255824718467765 0.85957429114532014
817 -0.24959286983170018 -0.41729755227791626 0.87382272354982604
818 -0.25398731918672768 -0.36797670687388861 0.89447391515381125
819 -0.25800092984075357 -0.31626315862344717 0.9129146371369159
820 -0.26155247172940843 -0.26231809608355527 0.9288592579068885
821 -0.26455602093539021 -0.2063724525863998 0.94203000090246991
822 -0.26692277302116152 -0.14873407063095137 0.95217141811558303
823 -0.26856559556274762 -0.089793816218928665 0.9590670422076174
824 -0.26940960733024971 -0.030026216205290935 0.96255747351446697
825 -0.26940960733024971 0.030026216205290935 0.96255747351446697
826 -0.26856559556268889 0.089793816221764799 0.95906704220736849
827 -0.26692277302116157 0.1487340706309514 0.95217141811558315
828 -0.26455602092020708 0.20637245233092341 0.94203000096270162
829 -0.26155247170033319 0.26231809652982974 0.92885925778904388
830 -0.25800092987437712 0.3162631586208518 0.91291463712831256
831 -0.25398731928765778 0.36797670666491394 0.89447391521112185
832 -0.24959286983170018 0.41729755227791626 0.87382272354982604
833 -0.19598916584869419 -0.42124844751670487 0.88551566464670683
834 -0.1995369421836643 -0.37165272760400736 0.90667483629385814
835 -0.20279186470874669 -0.31959390859310249 0.92559990989527063
836 -0.20568914429066742 -0.2652274440168465 0.94199064690752821
837 -0.20815881859063104 -0.20877845441363516 0.95555296201498241
838 -0.21012509517914613 -0.15054963363327006 0.96601358799389714
839 -0.21150669169853362 -0.09093169219721281 0.97313737299565917
840 -0.21222437154278409 -0.030415087274552575 0.97674753062874531
841 -0.21222437154278659 0.030415087274071096 0.97674753062875974
842 -0.211506691698579 0.090931692194348337 0.97313737299591696
843 -0.21012509494100712 0.1505496338803558 0.96601358800718917
844 -0.20815881856809021 0.20877845441449019 0.95555296201970596
845 -0.20568914383320552 0.26522744442616125 0.94199064689217082
846 -0.20279186453974962 0.31959390864015752 0.92559990991604935
847 -0.19953694220371274 0.3716527276249349 0.90667483628086765
848 -0.19598916601920299 0.42124844752448504 0.88551566460526743
849 -0.1410218761243352 -0.42431315800452452 0.89446697781337914
850 -0.14363200354420758 -0.37451597885393351 0.91602818141198949
851 -0.14603692333685395 -0.32220280525568495 0.9353387457534692
852 -0.14819073871849162 -0.26752439802119055 0.95208728666098008
853 -0.15004368493330192 -0.21069984538228742 0.96596711526196166
854 -0.15154002655518933 -0.15202289585753601 0.97669066724666787
855 -0.15261327798753377 -0.091873059931740206 0.98400636595536251
856 -0.15318364509572285 -0.030741661618890422 0.98771945466113875
857 -0.15318364532029577 0.03074166186710928 0.98771945461858446
858 -0.15261327798500485 0.091873060166673431 0.98400636593381974
859 -0.15154002655518933 0.15202289585753601 0.97669066724666787
860 -0.15004368496410342 0.21069984516349743 0.96596711530490054
861 -0.14819073871200308 0.26752439806222977 0.9520872866504585
862 -0.14603692334471632 0.32220280508428961 0.93533874581128351
863 -0.143632003521867 0.37451597925667424 0.91602818125083285
864 -0.14102187596134894 0.42431315782172319 0.894466977925792
865 -0.085034907250831793 -0.42640827008634163 0.90052487569795425
866 -0.086633582958489497 -0.37648032293423961 0.92236499757260149
867 -0.088111673307057714 -0.32400191757659613 0.94194431387089905
868 -0.089442558210662396 -0.26912118494049941 0.95894411547125824
869 -0.090598009116845221 -0.21205345670055831 0.97304950143628788
870 -0.091546908585308909 -0.15308472718637686 0.98396353074224541
871 -0.092249797323431387 -0.092576650345095032 0.99142298677439777
872 -0.092642661170962232 -0.030994641410490419 0.99521689572424232
873 -0.092642661170962232 0.030994641410490419 0.99521689572424232
874 -0.092249797323465083 0.092576650339285207 0.99142298677493723
875 -0.09154690882032844 0.15308472693930775 0.98396353075881826
876 -0.090598008876027411 0.21205345673018466 0.97304950145225344
877 -0.089442558246551604 0.2691211846731747 0.95894411554293357
878 -0.088111673303097271 0.32400191771998282 0.94194431382194876
879 -0.086633582963188835 0.37648032293894756 0.92236499757023849
880 -0.085034907051405276 0.4264082702814368 0.90052487562440608
881 -0.028416310001228122 -0.42747224808932843 0.90358175636705373
882 -0.028954886361793917 -0.37748033371966078 0.92556480713706324
883 -0.029453819602012099 -0.32492126012694578 0.94528231086187675
884 -0.029904519239803452 -0.26994232754242992 0.96241200092788315
885 -0.030298165562627936 -0.21275785286371224 0.97663509931210368
886 -0.030625607054526684 -0.15365108763668087 0.98765045206318158
887 -0.030875772938029813 -0.092973153276221743 0.99518977055401625
888 -0.031026020998258713 -0.031149220126322787 0.99903308859443563
889 -0.03102602099825702 0.031149220125835386 0.99903308859445095
890 -0.030875772938029813 0.092973153276221743 0.99518977055401625
891 -0.030625607054526684 0.15365108763668087 0.98765045206318158
892 -0.030298165758814524 0.2127578526239072 0.97663509935825832
893 -0.029904519240588772 0.26994232737698926 0.96241200097426238
894 -0.029453819636571291 0.32492126034543095 0.94528231078570013
895 -0.02895488648783448 0.37748033351142318 0.92556480721804746
896 -0.02841630979631006 0.42747224809156059 0.9035817563724422
897 0.028416309999602676 -0.42747224818179574 0.90358175632335991
898 0.028954886490556504 -0.37748033330477682 0.92556480730224044
899 0.029453819636567357 -0.324921260345858 0.94528231078555347
900 0.029904519270291322 -0.26994232734454554 0.96241200098243951
901 0.030298165562625445 -0.21275785286417526 0.97663509931200276
902 0.030625607054099096 -0.15365108763668225 0.98765045206319457
903 0.03087577271884168 -0.092973153276542569 0.9951897705607865
904 0.031026020998258713 -0.031149220126322787 0.99903308859443563
905 0.03102602099825702 0.031149220125835386 0.99903308859445095
906 0.030875772940614932 0.092973153279133566 0.99518977055366398
907 0.030625607054099096 0.15365108763668225 0.98765045206319457
908 0.030298165318789694 0.21275785310421949 0.97663509926727432
909 0.02990451924100845 0.26994232737698654 0.96241200097425006
910 0.029453819851757906 0.32492126008679567 0.94528231086789571
911 0.02895488648783448 0.37748033351142318 0.92556480721804746
912 0.028416309999602676 0.42747224818179574 0.90358175632335991
913 0.085034907155032258 -0.42640827008492244 0.90052487570767237
914 0.08663358287458664 -0.37648032306360391 0.92236499752767975
915 0.088111673271760893 -0.32400191772075915 0.94194431382461286
916 0.089442558210662396 -0.26912118494049941 0.95894411547125824
917 0.090598009111889782 -0.21205345669509523 0.97304950143793989
918 0.09154690859674984 -0.1530847269168929 0.98396353078310717
919 0.092249797323465083 -0.092576650339285207 0.99142298677493723
920 0.092642661170962232 -0.030994641410490419 0.99521689572424232
921 0.092642661170962232 0.030994641410490419 0.99521689572424232
922 0.092249797320879207 0.092576650342204067 0.99142298677490526
923 0.091546908606968055 0.15308472691296243 0.98396353078276799
924 0.090598008899557478 0.21205345673536269 0.97304950144893421
925 0.089442558246434545 0.26912118467851942 0.95894411554144465
926 0.088111673265791113 0.32400191775847187 0.94194431381219923
927 0.086633583292770183 0.37648032292939848 0.92236499754318002
928 0.085034906944686614 0.42640827028493439 0.90052487563282713
929 0.14102187593730822 -0.42431315783060175 0.89446697792537055
930 0.14363200339434057 -0.37451597885319243 0.91602818143579134
931 0.14603692337290275 -0.32220280524571554 0.93533874575127507
932 0.14819073870866864 -0.26752439828985708 0.95208728658701725
933 0.15004368495291867 -0.21069984496982999 0.96596711534888124
934 0.15154002655144327 -0.15202289561457816 0.97669066728506571
935 0.15261327799864949 -0.091873059912440214 0.98400636595544044
936 0.15318364532956705 -0.030741661617629142 0.98771945462491151
937 0.15318364532029416 0.030741661867594524 0.98771945461856969
938 0.15261327799864949 0.091873059912440214 0.98400636595544044
939 0.15154002656793331 0.152022895623704 0.97669066728108678
940 0.1500436847403375 0.21069984496624716 0.96596711538268298
941 0.14819073892706922 0.26752439828238317 0.95208728655512365
942 0.14603692337904817 0.3222028051117487 0.93533874579646403
943 0.14363200358969047 0.37451597884369175 0.91602818140904518
944 0.14102187592946003 0.42431315783103285 0.89446697792640339
945 0.19598916606177288 -0.42124844728944721 0.88551566470765541
946 0.19953694209337716 -0.37165272754942807 0.90667483633610058
947 0.20279186473282007 -0.31959390841408142 0.92559990995180919
948 0.20568914429391402 -0.26522744395328163 0.94199064692471668
949 0.20815881857817725 -0.20877845415464513 0.95555296207428198
950 0.2101250947302237 -0.15054963365468629 0.96601358808820814
951 0.21150669148831019 -0.090931692197675704 0.97313737304130699
952 0.21222437154278409 -0.030415087274552575 0.97674753062874531
953 0.21222437154278409 0.030415087274552575 0.97674753062874531
954 0.21150669169857902 0.090931692194348351 0.97313737299591707
955 0.21012509497095003 0.1505496336126747 0.96601358804239323
956 0.20815881856809021 0.20877845441449022 0.95555296201970596
957 0.20568914423882573 0.26522744446976948 0.94199064679132283
958 0.20279186450802306 0.31959390824978151 0.92559991005779052
959 0.19953694209337716 0.37165272754942807 0.90667483633610058
960 0.19598916606177288 0.42124844728944721 0.88551566470765541
961 0.2495928698317002 -0.41729755227791632 0.87382272354982604
962 0.25398731931476687 -0.36797670663410126 0.89447391521610031
963 0.25800092981631406 -0.31626315858865317 0.91291463715587662
964 0.26155247169749452 -0.26231809614835055 0.92885925789757628
965 0.26455602097652703 -0.20637245232097048 0.9420300009490653
966 0.26692277285610677 -0.14873407063685895 0.95217141816093021
967 0.26856559556268889 -0.089793816221764799 0.95906704220736849
968 0.2694096071573347 -0.030026215962010442 0.96255747357045296
969 0.26940960695601091 0.030026215718931919 0.96255747363438404
970 0.26856559555772391 0.089793816461264664 0.95906704218633532
971 0.26692277324258917 0.1487340706230261 0.95217141805474825
972 0.264556021137549 0.20637245251854938 0.94203000086056066
973 0.26155247165326995 0.26231809640458081 0.92885925783766754
974 0.25800092979606287 0.31626315883865813 0.91291463707498999
975 0.25398731931261453 0.3679767063804813 0.89447391532104781
976 0.24959286959324309 0.41729755220416404 0.87382272365315805
977 0.30154225333580004 -0.41255824709203998 0.85957429126836471
978 0.30668271370689237 -0.36358584770467739 0.87963119798143097
979 0.31135724625821509 -0.31230611810429215 0.89750852575177753
980 0.31547182082648345 -0.25888558047784943 0.91293799706500889
981 0.31892948815837702 -0.20355868823518433 0.92566075968845452
982 0.32163425617617497 -0.14663297240184914 0.93544116686117518
983 0.32349771746831757 -0.088490822380639794 0.9420820564829725
984 0.32444940260490324 -0.029584049378566006 0.94544030439350735
985 0.32444940260287958 0.029584049619457504 0.94544030438666404
986 0.32349771709305353 0.088490822070339425 0.94208205664097977
987 0.32163425625206937 0.14663297216444299 0.93544116687229451
988 0.31892948830005069 0.20355868868081745 0.92566075954164428
989 0.31547182078573277 0.25888558051209243 0.91293799706938006
990 0.31135724623785277 0.31230611831449823 0.89750852568569617
991 0.30668271346937959 0.36358584792758719 0.87963119797210232
992 0.30154225350873404 0.41255824716615069 0.8595742911721288
993 0.35160366331802362 -0.4071358878573767 0.84297997174306072
994 0.35738583464402346 -0.35858281783523843 0.86237679001068601
995 0.36262262037562931 -0.30781938247476476 0.87963177691848238
996 0.36721103396193105 -0.25501597915639873 0.89449589541345165
997 0.37104746007489997 -0.20040749609570119 0.90673073063650889
998 0.374032755429276 -0.14429625554222261 0.91612121932770285
999 0.376079472408482 -0.087050696629512619 0.92248924473365779
1000 0.37712102212645848 -0.029097199098500851 0.9257068043797223
1001 0.37712102201561382 0.029097199336272077 0.92570680441740527
1002 0.376079472408482 0.087050696629512619 0.92248924473365779
1003 0.37403275492688415 0.14429625556066175 0.91612121952991432
1004 0.37104746018103146 0.20040749608765221 0.90673073059485731
1005 0.36721103400062266 0.25501597900721606 0.89449589544009911
1006 0.36262262004370965 0.30781938234457057 0.87963177710087448
1007 0.35738583464402346 0.35858281783523843 0.86237679001068601
1008 0.3516036633068273 0.40713588785904731 0.84297997174692374
1009 0.39960043010966684 -0.401137973713732 0.82426198644667004
1010 0.40592089999290321 -0.3530700360831921 0.84295300733146727
1011 0.41162401884189143 -0.30289678840970219 0.85954592819903364
1012 0.41660133482152806 -0.25079056288979307 0.87381200574857165
1013 0.42074601335974954 -0.19698369888877859 0.88553385853617861
1014 0.42395847184892477 -0.1417696398936957 0.89451695531830833
1015 0.42615343162053648 -0.085499716410488938 0.90060149412032764
1016 0.42726778771837953 -0.028574070862150563 0.90367348088377941
1017 0.42726778797116832 0.028574070736741914 0.90367348076822329
1018 0.42615343154761726 0.085499716184039121 0.9006014941763304
1019 0.42395847157385552 0.14176964036101308 0.89451695537461406
1020 0.42074601342378198 0.19698369931932974 0.88553385840998
1021 0.41660133490926654 0.25079056280024953 0.87381200573244078
1022 0.41162401883399541 0.30289678824635413 0.85954592826037746
1023 0.40592090010635401 0.35307003587724162 0.84295300736309764
1024 0.39960043025164887 0.40113797377421007 0.82426198634840508
1025 0.43304075239907763 -0.40756507622370752 0.8039691632173489
1026 0.44189113021472493 -0.3603432936893442 0.82151380982346733
1027 0.45016019426465098 -0.31054305308235541 0.83720894147273728
1028 0.45763471752288232 -0.25825469979257903 0.85080842458969375
1029 0.46407198589736487 -0.20366332303463888 0.8620663795530854
1030 0.46921361930538075 -0.14707154281682575 0.87075171016301978
1031 0.47281195658159864 -0.088914139983007165 0.87666591665500637
1032 0.47466740213125558 -0.029753445568273851 0.87966220211555102
1033 0.47466740213024228 0.029753445671912435 0.87966220211259238
1034 0.47281195645454482 0.08891413940996129 0.8766659167816504
1035 0.46921361925302985 0.14707154261145616 0.87075171022591702
1036 0.46407198604457101 0.20366332325549122 0.8620663794216642
1037 0.45763471757977919 0.25825469961415931 0.85080842461324757
1038 0.45016019420633463 0.31054305340912969 0.83720894138288404
1039 0.44189113040629246 0.36034329338263826 0.82151380985495492
1040 0.43304075234668438 0.40756507614415849 0.80396916328589618
1041 0.45247920184166845 -0.42588446152790527 0.78350813482044512
1042 0.46568299185702566 -0.37974910897206787 0.799330948562615
1043 0.47846841352498082 -0.33005702440471901 0.81371391649644942
1044 0.49043049697169583 -0.27673306118207014 0.82637566547478636
1045 0.50106437875651177 -0.21986123579498279 0.83701584533152895
1046 0.50979263409526665 -0.15975535645948635 0.84533407378663727
1047 0.51603114148424278 -0.097016151443154008 0.85105800470803894
1048 0.51929123109296016 -0.032541292214194252 0.85397756505132394
1049 0.51929123123659127 0.032541292344554829 0.85397756495901667
1050 0.51603114168981523 0.09701615129271389 0.85105800460054126
1051 0.50979263409526665 0.15975535645948635 0.84533407378663727
1052 0.50106437875651177 0.21986123579498279 0.83701584533152895
1053 0.49043049688955115 0.27673306116286173 0.82637566552996944
1054 0.47846841353374414 0.33005702427655892 0.81371391654328062
1055 0.46568299197225727 0.3797491090386223 0.7993309484638631
1056 0.45247920177949069 0.42588446178295275 0.78350813471771918
1057 0.47015443499370513 -0.44257876349740349 0.76359599616345508
1058 0.48742940152376041 -0.39752398062085537 0.77742347749572016
1059 0.50449367542607726 -0.34803292552619997 0.79016404259163953
1060 0.52076505331958112 -0.29385632756151703 0.80153117094290982
1061 0.53548209920233047 -0.23495767962532613 0.81120515914221603
1062 0.54774140904345903 -0.17163606876251766 0.81885310570262504
1063 0.55660377586319865 -0.10463359938223282 0.82416263357128028
1064 0.561268372357142 -0.035167661558100798 0.82688635843875147
1065 0.56126837242369254 0.035167661555809651 0.82688635839367619
1066 0.55660377573463149 0.10463359937864465 0.82416263365856446
1067 0.54774140923718151 0.17163606891831518 0.81885310554038548
1068 0.53548209933252555 0.23495767998578163 0.81120515895187095
1069 0.52076505354247593 0.29385632767334119 0.80153117075709557
1070 0.5044936754130751 0.34803292559555377 0.79016404256939365
1071 0.48742940137787305 0.39752398098590597 0.77742347740052553
1072 0.47015443503049648 0.44257876359430193 0.76359599608464002
1073 0.4863212748636232 -0.45788742586229758 0.7441980400755025
1074 0.50739424861625348 -0.41388430848707708 0.75581138894523248
1075 0.52848872123126045 -0.36464802037463157 0.76663648019658537
1076 0.54885990198099677 -0.3097538143906885 0.77640542403297863
1077 0.56750006257604768 -0.24903442250025296 0.78480923502858158
1078 0.58318237845088294 -0.18275676104948482 0.79151644313625769
1079 0.59460658434615521 -0.11178427618460517 0.79620806668237332
1080 0.60064888864201926 -0.03763691276280573 0.79862655563836105
1081 0.60064888864867305 0.037636912451236168 0.79862655564804008
1082 0.59460658431555302 0.11178427578233445 0.79620806676170397
1083 0.58318237849819732 0.18275676104254715 0.79151644310299873
1084 0.56750006255921459 0.24903442232646522 0.78480923509589973
1085 0.54885990203784196 0.30975381441454619 0.77640542398327528
1086 0.5284887213636511 0.36464802034197941 0.76663648012085128
1087 0.50739424865324123 0.41388430830770473 0.75581138901862666
1088 0.48632127476556408 0.4578874260001754 0.74419804005474943
1089 0.50118246367858577 -0.4720009873174229 0.72528008801596155
1090 0.52579329545248465 -0.42900716116645637 0.734502733912621
1091 0.55066782696538319 -0.3800528133528126 0.74318557804079799
1092 0.57491248713879173 -0.32454097667786302 0.75109838675693308
1093 0.59728608767246805 -0.26216986746042537 0.75796852841572504
1094 0.61624746950981424 -0.19316332053994059 0.76349655396781879
1095 0.63013891259840238 -0.11849014109540436 0.76738845267080613
1096 0.63751268329687605 -0.039955250394771102 0.76940311709890297
1097 0.63751268357476853 0.039955250815957695 0.76940311684677432
1098 0.63013891273714673 0.11849014095409384 0.76738845257869592
1099 0.61624746948472364 0.19316332075391848 0.76349655393393434
1100 0.59728608756342183 0.26216986739558384 0.75796852852408214
1101 0.57491248726307997 0.32454097663458126 0.75109838668050077
1102 0.55066782689233107 0.38005281317748635 0.7431855781845853
1103 0.52579329550572129 0.42900716118263482 0.73450273386506193
1104 0.50118246368680497 0.47200098728883971 0.72528008802888355
1105 0.51490238027410662 -0.4850740162514659 0.70680884087971896
1106 0.54280585460632125 -0.44303991132112841 0.71349663011234166
1107 0.57121503982555555 -0.39437690634787326 0.71984736855570264
1108 0.59910018046134106 -0.33832187738478298 0.72568400909350661
1109 0.62500066791825315 -0.27443917472666496 0.73079224440129653
1110 0.64707439290709823 -0.20290346393382053 0.73493191138197755
1111 0.66331669178804409 -0.12477630927243354 0.73786302186768715
1112 0.67196235167893859 -0.042130321864366709 0.73938598438550041
1113 0.67196235167893859 0.042130321864366709 0.73938598438550041
1114 0.66331669173927787 0.1247763094669694 0.73786302187862951
1115 0.64707439290709823 0.20290346393382053 0.73493191138197755
1116 0.62500066791825315 0.27443917472666496 0.73079224440129653
1117 0.59910018070117022 0.33832187731470442 0.72568400892818319
1118 0.57121503952774155 0.39437690653435442 0.71984736868985899
1119 0.54280585483537458 0.44303991098686352 0.71349663014564435
1120 0.51490238020955059 0.48507401628308011 0.70680884090505081
1121 0.52761638688989188 -0.49723393427825219 0.68875203294612997
1122 0.55858292109617957 -0.45610694626193204 0.69278537356909775
1123 0.59029001723291441 -0.40773317309730156 0.69664291793656496
1124 0.62158308868680334 -0.35119096430399599 0.70021380338422579
1125 0.65079654795017383 -0.28591428316312451 0.70336112762893976
1126 0.67580336749902337 -0.21202590464736057 0.70592834213923461
1127 0.69426712553462744 -0.13067019236270419 0.70775593196368169
1128 0.7041168316221238 -0.044170866460328806 0.70870898257505222
1129 0.70411683169639083 0.044170866089697954 0.70870898252436632
1130 0.69426712578326721 0.13067019192632429 0.70775593180034779
1131 0.67580336749902337 0.21202590464736057 0.70592834213923461
1132 0.65079654778220564 0.28591428304527872 0.70336112783225924
1133 0.62158308859934042 0.35119096407111833 0.70021380357866636
1134 0.59029001678863779 0.40773317351006699 0.69664291807143142
1135 0.55858292110733043 0.45610694622548653 0.69278537358410142
1136 0.52761638687185131 0.49723393409861327 0.68875203308963728
1137 0.53943741888679098 -0.50858722261779876 0.67107846642152835
1138 0.57325302805696199 -0.46831451273979591 0.67235591986745502
1139 0.60803233798782408 -0.42022085962249106 0.673580808143459
1140 0.64250617494180551 -0.3632344538517055 0.67471960598214675
1141 0.67481836330485168 -0.29666397724605981 0.67572972492788153
1142 0.70257443963357746 -0.22057973379762397 0.67656022482210254
1143 0.72312425797629554 -0.13620082641760353 0.67715629097675367
1144 0.73410604714125016 -0.046086441951434257 0.6774690778322694
1145 0.73410604690661219 0.046086441828060029 0.6774690780949163
1146 0.72312425796719659 0.13620082650335427 0.6771562909692227
1147 0.70257443964799449 0.22057973387467936 0.67656022478200895
1148 0.67481836305651144 0.29666397765122554 0.6757297249980081
1149 0.64250617494180551 0.3632344538517055 0.67471960598214675
1150 0.60803233801911893 0.42022085947976218 0.67358080820425248
1151 0.57325302798454203 0.46831451296065152 0.67235591977536835
1152 0.53943741879115759 0.5085872226544883 0.67107846647059621
1153 0.40576979971816296 0.4347135845640816 0.80397448282400663
1154 0.35863169735620792 0.44319407478435496 0.82156090323690834
1155 0.30895981573737252 0.45112974140058715 0.83727282810525283
1156 0.25685099903756325 0.45831102169723126 0.85086930352683754
1157 0.20249370691691104 0.46450059402945476 0.8621110698775023
1158 0.14618906705290838 0.46944687198974383 0.87077459256299239
1159 0.088364043083422661 0.4729094962711452 0.87666892509460059
1160 0.029566443053669532 0.47469521757968752 0.87965349760694256
1161 -0.02956644274296976 0.47469521776397888 0.87965349751793476
1162 -0.088364043367455083 0.47290949625574336 0.87666892507427996
1163 -0.14618906677797414 0.46944687210443697 0.87077459254731671
1164 -0.20249370710558842 0.46450059401255556 0.8621110698422908
1165 -0.25685099918441923 0.45831102192235124 0.85086930336124811
1166 -0.30895981581583809 0.45112974148203644 0.83727282803241287
1167 -0.35863169734281158 0.44319407485761264 0.82156090320323727
1168 -0.40576979976106686 0.43471358472078386 0.80397448271762306
1169 0.42382695757427274 0.45437801617293466 0.78352493798990464
1170 0.37775315332548004 0.46716630827987043 0.7994111555143657
1171 0.32817915614345072 0.47955660294477248 0.8138328489591965
1172 0.27504094191731893 0.49115264291711591 0.82651168269103503
1173 0.21843033350876545 0.50146217349393785 0.83715224299883773
1174 0.1586622738954804 0.50992384949382707 0.84546079185241485
1175 0.096328595689832777 0.51597116527681164 0.85117246093568721
1176 0.032306443787862932 0.51913102308057835 0.85408388028641169
1177 -0.032306443794314077 0.51913102281432066 0.85408388044800498
1178 -0.096328595683943627 0.51597116537270049 0.85117246087822696
1179 -0.15866227381461587 0.5099238493506697 0.84546079195393298
1180 -0.21843033373851686 0.50146217312063446 0.83715224316250325
1181 -0.27504094194789114 0.49115264307901069 0.82651168258465579
1182 -0.32817915589831637 0.47955660295604757 0.81383284905140341
1183 -0.37775315345323507 0.46716630843656365 0.7994111553624268
1184 -0.42382695780384266 0.45437801612297751 0.78352493789469579
1185 0.44023401792505368 0.47230234269875171 0.76362589436374828
1186 0.39521009988322892 0.48912059398890101 0.77754100952054794
1187 0.3458195496984981 0.50572829339665459 0.7903465899872254
1188 0.29183038874661088 0.52155640272069037 0.80175678543125228
1189 0.23322009417377246 0.53586381858909404 0.81145446920988196
1190 0.17029296737974853 0.54777438320736149 0.81911142731791664
1191 0.10378153858169338 0.55637986019228236 0.82442152047483142
1192 0.034875310166597347 0.56090751788016358 0.82714356016733737
1193 -0.03487531079981198 0.56090751786866044 0.82714356014843937
1194 -0.10378153816522075 0.55637986001032125 0.82442152065005936
1195 -0.17029296722525453 0.5477743832466786 0.81911142732374276
1196 -0.23322009434829347 0.53586381859475929 0.81145446915598163
1197 -0.29183038879449524 0.52155640278129856 0.80175678537439632
1198 -0.34581954986659358 0.50572829343120507 0.79034658989156625
1199 -0.39521010007837698 0.48912059385238199 0.77754100950723648
1200 -0.44023401815295116 0.47230234255268072 0.76362589432270911
1201 0.45523003502683534 0.48874203589293913 0.74424245885376039
1202 0.41121749910892652 0.50932261716368865 0.75596999945244558
1203 0.36205551575013384 0.52990080947074603 0.76689043261547651
1204 0.30734465390892057 0.54974853107319921 0.77673407051349652
1205 0.24693996732082071 0.56788629945376135 0.78519157116738381
1206 0.18111954629646373 0.58312739649509326 0.79193317231078109
1207 0.11073720408391136 0.59421897928751066 0.79664363192470633
1208 0.037276122620952763 0.60008141747758614 0.79906994880325621
1209 -0.037276122532848587 0.60008141741064314 0.79906994885763882
1210 -0.11073720411005837 0.59421897920740874 0.79664363198082011
1211 -0.18111954597341651 0.58312739633659771 0.79193317250136963
1212 -0.24693996738594826 0.56788629954494618 0.7851915710809525
1213 -0.30734465378532372 0.54974853092951403 0.77673407066409839
1214 -0.36205551572920291 0.5299008095714185 0.76689043255579625
1215 -0.41121749909696703 0.50932261720888339 0.75596999942850196
1216 -0.45523003514675597 0.48874203563651292 0.74424245894880303
1217 0.46900509866531148 0.50390046956519929 0.72534028855283728
1218 0.4259509180302215 0.52798981755150509 0.73470576967323442
1219 0.37703468147874558 0.55229143605223652 0.74351800154776293
1220 0.32169493492007051 0.57593079714032325 0.75154247102348348
1221 0.25966318391205873 0.59770274669285528 0.75850277357203433
1222 0.19118276878455684 0.6161206082079459 0.76409720916997304
1223 0.11721372402644334 0.62959370627368327 0.76803171023104233
1224 0.039513662452021481 0.63673835686563951 0.7700668382521566
1225 -0.039513662512436543 0.63673835682368873 0.77006683828374412
1226 -0.11721372404991667 0.6295937060057627 0.76803171044708785
1227 -0.1911827686815156 0.61612060803174395 0.76409720933783309
1228 -0.25966318395727689 0.59770274664932721 0.75850277359085483
1229 -0.32169493494525242 0.57593079713543494 0.75154247101645055
1230 -0.37703468152670677 0.55229143600804187 0.74351800155627024
1231 -0.42595091801990703 0.52798981764806563 0.73470576960982192
1232 -0.46900509852280281 0.50390046975682079 0.72534028851186216
1233 0.48171324179586267 0.51794267894958479 0.70688594129537474
1234 0.43955609308216409 0.54530316217595798 0.71374708570700651
1235 0.39088352998877679 0.57308712686710606 0.72026468121289866
1236 0.33498062748984087 0.60028468192574258 0.72625496889991925
1237 0.27145915081896221 0.62547858830087111 0.73149604579505245
1238 0.20052457776607094 0.64689693848806762 0.735740609648879
1239 0.1232318678058389 0.662625020504095 0.73874352041762903
1240 0.041593952247288977 0.67098573844015541 0.74030269616310973
1241 -0.04159395251316949 0.670985738231335 0.74030269633743917
1242 -0.12323186787710307 0.66262502064295103 0.73874352028119272
1243 -0.20052457815378472 0.64689693855507646 0.73574060948429121
1244 -0.27145915062792764 0.62547858847025029 0.73149604572111471
1245 -0.33498062751324403 0.60028468200184315 0.72625496882622376
1246 -0.39088352992437669 0.57308712682844098 0.72026468127861254
1247 -0.43955609298388526 0.54530316214069452 0.71374708579447188
1248 -0.48171324175603131 0.51794267905504754 0.70688594124524451
1249 0.49348123568894753 0.53100474507629192 0.68884702999241532
1250 0.45215558324714905 0.5614153535347578 0.69308594658517886
1251 0.40371146359022025 0.59245047158038167 0.69715098285093569
1252 0.34729093619452867 0.62297435210569019 0.70092222268638582
1253 0.2823932609017189 0.65137130362385864 0.70425100000827034
1254 0.2091870381240033 0.67560138149549942 0.70696786094014152
1255 0.12881399630871843 0.69344447828668132 0.70890176321454423
1256 0.043523836875785607 0.70294643521932176 0.70990984275192148
1257 -0.043523836248081024 0.70294643489421749 0.70990984311232086
1258 -0.12881399582518349 0.69344447832844736 0.70890176326155163
1259 -0.2091870378975309 0.67560138177155693 0.70696786074334395
1260 -0.28239326032197615 0.65137130361957485 0.7042510002447
1261 -0.34729093621433549 0.62297435204759299 0.70092222272820814
1262 -0.40371146361548976 0.5924504714719383 0.69715098292845945
1263 -0.45215558346280027 0.56141535339920789 0.6930859465542909
1264 -0.49348123567628616 0.53100474502422823 0.68884703004161973
1265 0.50441478506028492 0.54320040690143245 0.67119225454016118
1266 0.46385356165910047 0.57645675069135405 0.6727090663269919
1267 0.41561379914808833 0.6105241228910161 0.67418503789823758
1268 0.35870607454150455 0.64414894818618007 0.67557537302484816
1269 0.2925267021851764 0.67553025134132338 0.67682125264459125
1270 0.2172114260005058 0.7023784954875143 0.67785222983444016
1271 0.13398315564271099 0.72218990271801231 0.67859432536396069
1272 0.045310613689810701 0.73275350957948171 0.67898397807754285
1273 -0.045310613753931438 0.732753509794284 0.67898397784145137
1274 -0.13398315532659408 0.72218990268182959 0.67859432546488285
1275 -0.21721142610633767 0.70237849565822408 0.67785222962364078
1276 -0.29252670198469755 0.67553025134261857 0.67682125272994675
1277 -0.35870607455165737 0.64414894823220814 0.67557537297557035
1278 -0.4156137997296841 0.61052412276682111 0.67418503765216986
1279 -0.46385356180465609 0.57645675048054812 0.67270906640727024
1280 -0.50441478516766325 0.54320040654066681 0.67119225475143429
1281 -0.43304075243969775 0.40756507604625575 0.80396916328542734
1282 -0.44189113023757531 0.36034329343542915 0.82151380992255174
1283 -0.45016019419142195 0.31054305302614965 0.83720894153295999
1284 -0.4576347176104546 0.25825469974997156 0.85080842455552341
1285 -0.46407198587882409 0.20366332303664061 0.86206637956259347
1286 -0.46921361931143435 0.14707154282558449 0.87075171015827846
1287 -0.47281195620620298 0.08891413954816646 0.87666591690157136
1288 -0.4746674022179605 0.029753445444386701 0.87966220207295531
1289 -0.47466740237404476 -0.029753445667497134 0.8796622019811855
1290 -0.47281195613829613 -0.088914139425162547 0.87666591695067086
1291 -0.46921361933299671 -0.14707154259591224 0.8707517101854515
1292 -0.46407198605586653 -0.20366332313150828 0.86206637944487463
1293 -0.45763471765130403 -0.25825469940158741 0.85080842463929973
1294 -0.45016019422939579 -0.31054305324851478 0.83720894143006064
1295 -0.44189113031377014 -0.36034329349006122 0.82151380985760314
1296 -0.43304075236990952 -0.40756507640004397 0.80396916314366751
1297 -0.45247920190553342 0.42588446142621816 0.78350813483883597
1298 -0.46568299184254747 0.3797491090470218 0.79933094853544051
1299 -0.47846841357358699 0.33005702421451122 0.81371391654502045
1300 -0.49043049689860957 0.27673306109676482 0.82637566554672759
1301 -0.50106437867507447 0.21986123575076041 0.83701584539189589
1302 -0.50979263400569619 0.15975535678395225 0.84533407377933512
1303 -0.51603114146593143 0.097016151174685789 0.8510580047497458
1304 -0.51929123082365392 0.032541292439880555 0.85397756520648527
1305 -0.51929123123694654 -0.032541292344023233 0.85397756495882071
1306 -0.51603114154340646 -0.09701615131403335 0.85105800468688453
1307 -0.509792634158865 -0.15975535640957872 0.84533407375771508
1308 -0.50106437889899524 -0.21986123572102481 0.83701584526566053
1309 -0.49043049691401353 -0.27673306115889218 0.82637566551678088
1310 -0.47846841353013897 -0.33005702447709101 0.81371391646406099
1311 -0.46568299184863682 -0.37974910897380953 0.79933094856667475
1312 -0.45247920189487845 -0.42588446152298076 0.7835081347923929
1313 -0.4701544348648663 0.44257876359346981 0.76359599618710272
1314 -0.48742940152376046 0.39752398062085537 0.77742347749572016
1315 -0.50449367539804046 0.34803292567574873 0.79016404254367045
1316 -0.52076505344113289 0.29385632750420237 0.80153117088494874
1317 -0.53548209908610533 0.23495767987082178 0.81120515914783164
1318 -0.5477414093169044 0.17163606877211368 0.81885310551770263
1319 -0.55660377573206699 0.10463359934862482 0.8241626336641078
1320 -0.56126837235677773 0.035167661558678343 0.82688635843897418
1321 -0.56126837242207717 -0.035167661662148152 0.82688635839025004
1322 -0.55660377580890696 -0.10463359923759608 0.82416263362630926
1323 -0.54774140925442971 -0.17163606888174651 0.81885310553651292
1324 -0.53548209916297074 -0.23495768011072313 0.81120515902760726
1325 -0.52076505336187673 -0.29385632758741909 0.80153117090593373
1326 -0.50449367568317416 -0.3480329253624434 0.79016404249961925
1327 -0.48742940129605961 -0.39752398075793244 0.77742347756839181
1328 -0.47015443503505949 -0.44257876357552572 0.76359599609271323
1329 -0.48632127475126297 0.45788742605405297 0.74419804003094547
1330 -0.5073942485387738 0.41388430844172663 0.75581138902208045
1331 -0.52848872123126045 0.36464802037463157 0.76663648019658537
1332 -0.54885990212008373 0.30975381435964705 0.77640542394703915
1333 -0.56750006255248586 0.24903442247505683 0.78480923505361455
1334 -0.58318237851479426 0.18275676101745753 0.79151644309656322
1335 -0.59460658422802837 0.11178427620985532 0.79620806676704514
1336 -0.60064888852174059 0.037636912767254761 0.7986265557286133
1337 -0.60064888853399512 -0.037636912143539564 0.79862655574879038
1338 -0.59460658411686917 -0.11178427600402023 0.79620806687895695
1339 -0.58318237845472487 -0.18275676114704401 0.79151644311090119
1340 -0.56750006254067442 -0.24903442269403064 0.78480923499267108
1341 -0.54885990219250125 -0.30975381443310351 0.7764054238665391
1342 -0.52848872127544755 -0.36464802035969762 0.76663648017322772
1343 -0.50739424858975768 -0.41388430859802905 0.75581138890226218
1344 -0.48632127482226978 -0.45788742601809029 0.74419804000667078
1345 -0.50118246406562628 0.47200098669873303 0.72528008815114287
1346 -0.52579329560954313 0.42900716103532316 0.73450273387678267
1347 -0.55066782705232353 0.38005281297723559 0.74318557816844277
1348 -0.57491248704843256 0.32454097652829667 0.75109838689072239
1349 -0.59728608790164239 0.26216986746764348 0.75796852823263694
1350 -0.61624746936825459 0.193163320704036 0.76349655404056138
1351 -0.63013891269479128 0.11849014078579428 0.76738845263946276
1352 -0.63751268376300452 0.039955250476632904 0.76940311670842687
1353 -0.6375126832864394 -0.039955250825865783 0.76940311708516373
1354 -0.6301389128014282 -0.11849014075869646 0.76738845255608223
1355 -0.61624746954331511 -0.19316332025423832 0.76349655401306138
1356 -0.59728608778750103 -0.26216986743477583 0.7579685283339499
1357 -0.57491248742669643 -0.32454097633603424 0.75109838668426276
1358 -0.55066782694616734 -0.3800528133175366 0.74318557807307561
1359 -0.52579329555000298 -0.42900716113816578 0.73450273385933651
1360 -0.50118246369751984 -0.47200098703347998 0.72528008818766332
1361 -0.514902380174457 0.48507401630798835 0.70680884091352192
1362 -0.54280585476984344 0.44303991121778191 0.7134966300521115
1363 -0.57121503974068633 0.39437690657919339 0.71984736849631714
1364 -0.59910018040323709 0.33832187714003087 0.72568400925558141
1365 -0.62500066821479583 0.27443917430731157 0.73079224430516487
1366 -0.64707439287448287 0.20290346350284283 0.7349319115296804
1367 -0.66331669188179587 0.12477630926776774 0.73786302178419616
1368 -0.67196235185747621 0.042130321793431395 0.73938598422728519
1369 -0.67196235180641006 -0.042130321892157853 0.73938598426806923
1370 -0.66331669190372988 -0.12477630894274251 0.73786302181944141
1371 -0.64707439280644641 -0.20290346375011062 0.73493191152131665
1372 -0.62500066816118172 -0.27443917461092809 0.73079224423699862
1373 -0.59910018040892221 -0.33832187740545594 0.72568400912714381
1374 -0.57121503947498831 -0.3943769066389049 0.71984736867444066
1375 -0.54280585468453724 -0.44303991114008567 0.71349663016525455
1376 -0.51490238023190704 -0.48507401645384379 0.70680884077157147
1377 -0.52761638702700642 0.49723393401495414 0.68875203303117771
1378 -0.55858292131430176 0.4561069460766245 0.69278537351522917
1379 -0.59029001682097582 0.4077331735685788 0.69664291800978462
1380 -0.62158308867619194 0.35119096434864894 0.70021380337124972
1381 -0.65079654831742673 0.2859142825818205 0.70336112752543123
1382 -0.67580336720787348 0.21202590472636171 0.70592834239423186
1383 -0.69426712550097258 0.13067019200811653 0.70775593206216147
1384 -0.70411683181910412 0.044170866309925116 0.70870898238872215
1385 -0.70411683155497906 -0.044170866555230517 0.70870898263584703
1386 -0.69426712554563397 -0.13067019200098065 0.70775593201966858
1387 -0.67580336721041723 -0.21202590455468998 0.70592834244335845
1388 -0.65079654790114649 -0.28591428301738181 0.7033611277335472
1389 -0.62158308858414313 -0.35119096434165287 0.700213803456471
1390 -0.59029001687648852 -0.40773317329817937 0.69664291812100676
1391 -0.5585829212234017 -0.45610694617330044 0.69278537352487257
1392 -0.52761638698078506 -0.49723393400354904 0.68875203307481903
1393 -0.53943741872195938 0.50858722250330413 0.67107846664079762
1394 -0.57325302824998803 0.46831451292227688 0.67235591957577734
1395 -0.60803233754141639 0.42022086004384113 0.67358080828356115
1396 -0.64250617488473105 0.36323445374585894 0.67471960609347847
1397 -0.67481836309634335 0.29666397751045265 0.67572972502003292
1398 -0.70257443965118394 0.22057973368512021 0.67656022484049883
1399 -0.72312425782884371 0.13620082629327632 0.67715629115922182
1400 -0.73410604704691307 0.046086442244569065 0.67746907791455213
1401 -0.7341060470443892 -0.046086441935728986 0.67746907793829636
1402 -0.72312425798670477 -0.13620082624202287 0.67715629100095343
1403 -0.70257443970813993 -0.22057973419467886 0.67656022461522081
1404 -0.674818362960657 -0.29666397768379693 0.67572972507943352
1405 -0.64250617487651973 -0.36323445381906472 0.67471960606188774
1406 -0.60803233764971443 -0.42022086010808296 0.67358080814572396
1407 -0.57325302829002833 -0.46831451259978502 0.67235591976626319
1408 -0.53943741874877105 -0.50858722266903178 0.671078466493646
1409 -0.40576979950153669 -0.43471358486731826 0.80397448276937722
1410 -0.35863169731266886 -0.44319407496694713 0.82156090315741448
1411 -0.30895981592556127 -0.45112974146651591 0.8372728280002868
1412 -0.25685099901552794 -0.45831102184788125 0.85086930345234357
1413 -0.20249370710558842 -0.46450059401255556 0.8621110698422908
1414 -0.14618906677811372 -0.46944687200083879 0.87077459260314449
1415 -0.088364043370611448 -0.4729094966143923 0.87666892488049253
1416 -0.029566443050306934 -0.47469521776043327 0.87965349750951816
1417 0.029566442944177967 -0.47469521766392575 0.87965349756516453
1418 0.08836404316010793 -0.47290949646174185 0.87666892498405602
1419 0.14618906677213572 -0.46944687208984587 0.87077459255616319
1420 0.20249370710786985 -0.4645005939916097 0.86211106985304042
1421 0.25685099920853843 -0.4583110217451325 0.85086930344942413
1422 0.30895981589603455 -0.45112974147069251 0.83727282800893188
1423 0.35863169749927426 -0.443194074855355 0.82156090313615515
1424 0.40576979950927455 -0.43471358485909167 0.80397448276992001
1425 -0.42382695759753514 -0.45437801609586337 0.78352493802201628
1426 -0.3777531533389264 -0.46716630821573907 0.79941115554548925
1427 -0.32817915612957627 -0.47955660301183761 0.81383284892527286
1428 -0.27504094191219891 -0.49115264294842309 0.82651168267413444
1429 -0.21843033372381099 -0.50146217323060838 0.83715224310046488
1430 -0.15866227391540458 -0.50992384929351586 0.84546079196948976
1431 -0.096328595566848224 -0.51597116538746479 0.85117246088252885
1432 -0.032306443282039486 -0.5191310230887749 0.85408388030056281
1433 0.032306443793411611 -0.51913102281355072 0.85408388044850714
1434 0.096328595874157152 -0.51597116530812948 0.85117246089584242
1435 0.15866227370576624 -0.50992384952378189 0.8454607918699506
1436 0.21843033376700832 -0.50146217325846332 0.83715224307250846
1437 0.27504094168308341 -0.49115264295229866 0.82651168274807485
1438 0.32817915586724983 -0.47955660312061005 0.8138328489669614
1439 0.37775315341901888 -0.46716630819612159 0.7994111555191068
1440 0.42382695774187218 -0.45437801605836331 0.78352493796568778
1441 -0.44023401823286828 -0.47230234235697427 0.7636258943976808
1442 -0.39521009995537665 -0.48912059406722341 0.77754100943460702
1443 -0.34581954983516544 -0.50572829326612845 0.79034659001094731
1444 -0.29183038881787748 -0.52155640277549919 0.80175678536965778
1445 -0.23322009401090921 -0.53586381858485022 0.81145446925949294
1446 -0.17029296707988265 -0.54777438304831705 0.81911142748661836
1447 -0.10378153847814627 -0.55637985998383899 0.82442152062853924
1448 -0.034875310423607322 -0.56090751787028381 0.82714356016320068
1449 0.034875310294537464 -0.56090751787783932 0.82714356016351909
1450 0.10378153829674738 -0.55637985985167882 0.82442152074056574
1451 0.17029296725637505 -0.54777438299130343 0.8191114274880531
1452 0.23322009430262833 -0.53586381872436806 0.81145446908351604
1453 0.2918303888223866 -0.52155640275213222 0.80175678538321715
1454 0.34581954972981449 -0.50572829360637617 0.7903465898393256
1455 0.39521009976306087 -0.48912059410820763 0.77754100950657612
1456 0.4402340182632547 -0.47230234252620162 0.76362589427549599
1457 -0.45523003521093908 -0.48874203586654824 0.74424245875848061
1458 -0.41121749890929454 -0.50932261735646789 0.7559699994311555
1459 -0.36205551574314837 -0.52990080951528018 0.7668904325880026
1460 -0.30734465378532372 -0.54974853092951403 0.77673407066409839
1461 -0.2469399673661988 -0.56788629956950465 0.78519157106940196
1462 -0.18111954635811564 -0.58312739648880096 0.79193317230131421
1463 -0.11073720398721618 -0.5942189794301963 0.79664363183171794
1464 -0.037276122529551238 -0.60008141748057031 0.79906994880527915
1465 0.037276122802495565 -0.60008141754444533 0.79906994874457782
1466 0.11073720399393136 -0.59421897942498958 0.79664363183466813
1467 0.18111954605286229 -0.58312739651995615 0.79193317234818672
1468 0.24693996758158812 -0.56788629957781256 0.78519157099565395
1469 0.30734465377583181 -0.54974853097181775 0.776734070637913
1470 0.36205551561564814 -0.52990080973429321 0.76689043249686439
1471 0.41121749931208074 -0.50932261709158777 0.75596999939051479
1472 0.45523003523706485 -0.48874203584411002 0.74424245875723549
1473 -0.46900509881242874 -0.50390046941251621 0.7253402885637813
1474 -0.42595091832284859 -0.52798981737177642 0.73470576963274214
1475 -0.37703468154444053 -0.55229143594118779 0.74351800159693726
1476 -0.32169493493966783 -0.57593079726864826 0.7515424709167553
1477 -0.25966318414564171 -0.59770274659302858 0.75850277357073415
1478 -0.19118276892549166 -0.61612060816746306 0.7640972091673528
1479 -0.11721372403972645 -0.62959370627274835 0.76803171022978178
1480 -0.039513662508191098 -0.63673835690403091 0.77006683821753008
1481 0.039513662421482888 -0.63673835686556857 0.77006683825378219
1482 0.1172137240198018 -0.6295937062741509 0.76803171023167272
1483 0.19118276877692128 -0.61612060806777391 0.76409720928490965
1484 0.25966318383733467 -0.59770274659275413 0.75850277367649521
1485 0.32169493491864631 -0.5759307972386517 0.75154247094874083
1486 0.37703468154298109 -0.55229143606992581 0.7435180015020495
1487 0.42595091804997293 -0.52798981767708253 0.73470576957153833
1488 0.46900509853822125 -0.5039004694437843 0.72534028871936174
1489 -0.48171324171335217 -0.51794267888148127 0.70688594140150252
1490 -0.4395560929952525 -0.54530316210528995 0.71374708581452073
1491 -0.39088352989581149 -0.57308712691982633 0.72026468122140286
1492 -0.3349806275652194 -0.60028468204480423 0.72625496876674089
1493 -0.27145915073462612 -0.62547858852874871 0.73149604563149884
1494 -0.20052457784759081 -0.64689693867644005 0.73574060946103526
1495 -0.12323186756311995 -0.66262502040684612 0.7387435205453462
1496 -0.0415939523312569 -0.6709857384363761 0.74030269616181743
1497 0.041593952479136331 -0.67098573825300079 0.74030269631971413
1498 0.12323186754357077 -0.66262502055282646 0.73874352041766844
1499 0.20052457755313197 -0.64689693865754594 0.73574060955790199
1500 0.27145915091720269 -0.62547858824303881 0.73149604580804561
1501 0.33498062737943529 -0.60028468210938646 0.72625496879905249
1502 0.39088352975288726 -0.57308712687117291 0.72026468133767885
1503 0.43955609304492838 -0.54530316200155737 0.71374708586317992
1504 0.48171324161357554 -0.51794267909639824 0.70688594131202409
1505 -0.49348123580953868 -0.53100474495140415 0.68884703000229652
1506 -0.45215558323657606 -0.56141535348102767 0.69308594663559908
1507 -0.40371146352031878 -0.59245047144477914 0.69715098300665201
1508 -0.34729093616660972 -0.62297435219193442 0.70092222262356585
1509 -0.28239326035457452 -0.65137130362907525 0.70425100022284126
1510 -0.20918703788735174 -0.67560138152873017 0.70696786097840891
1511 -0.12881399619325518 -0.69344447810212351 0.70890176341605859
1512 -0.043523836570868286 -0.70294643488480413 0.7099098431018519
1513 0.043523836561306428 -0.70294643507930377 0.70990984290984638
1514 0.1288139962701256 -0.69344447848454605 0.70890176302800656
1515 0.2091870377767564 -0.67560138164555772 0.70696786089948893
1516 0.28239326055566477 -0.65137130359598949 0.70425100017280906
1517 0.34729093637339015 -0.62297435206399621 0.70092222263482129
1518 0.40371146356139942 -0.59245047157476938 0.69715098287239485
1519 0.45215558344306739 -0.56141535326969627 0.69308594667207135
1520 0.49348123560138385 -0.53100474501691264 0.68884703010091797
1521 -0.50441478516980565 -0.54320040651885493 0.6711922547674769
1522 -0.46385356170550784 -0.57645675049737743 0.67270906646121476
1523 -0.41561379959370354 -0.61052412276129242 0.67418503774100413
1524 -0.35870607468861909 -0.64414894777844811 0.67557537333550055
1525 -0.29252670205489062 -0.67553025113551346 0.67682125290631912
1526 -0.21721142576600702 -0.70237849546380826 0.67785222993414662
1527 -0.13398315594833091 -0.7221899028104376 0.67859432520525531
1528 -0.04531061353436884 -0.73275350977958187 0.67898397787196951
1529 0.045310613922315793 -0.73275350961545627 0.67898397802320365
1530 0.13398315539961975 -0.72218990269693506 0.67859432543438858
1531 0.21721142587702957 -0.7023784954612925 0.67785222990117733
1532 0.2925267021019396 -0.67553025136443479 0.67682125265749959
1533 0.35870607477451366 -0.64414894790255106 0.6755753731715638
1534 0.41561379935696657 -0.61052412274057177 0.67418503790570905
1535 0.46385356165255909 -0.5764567507086239 0.67270906631670357
1536 0.50441478530594042 -0.54320040658206625 0.67119225461401155
1537 -0.39077391933106043 -0.39038978077344266 0.83360156132189756
1538 -0.39596438813611323 -0.34268564460079842 0.85192649466519621
1539 -0.40059237054701302 -0.29325155193596358 0.86806064301215347
1540 -0.40458630334611473 -0.24225792190792014 0.88182822727421328
1541 -0.40787850923742852 -0.18991559782601661 0.8930661719070091
1542 -0.41040826904956407 -0.1364743519096496 0.90163174520786571
1543 -0.41212529591933972 -0.082219006945882092 0.90740992685788358
1544 -0.41299334155216366 -0.027462720612838366 0.91031988817674359
1545 -0.41299334155216366 0.027462720612838366 0.91031988817674359
1546 -0.41212529575730966 0.082219006724609661 0.90740992695152323
1547 -0.41040826904956407 0.1364743519096496 0.90163174520786571
1548 -0.40787850914212948 0.18991559807405445 0.89306617189778725
1549 -0.40458630296946391 0.2422579218663575 0.88182822745844047
1550 -0.40059237041848428 0.29325155215139442 0.86806064299868924
1551 -0.39596438814051227 0.34268564471175106 0.85192649461852121
1552 -0.39077391920367027 0.39038978062115715 0.83360156145293318
1553 -0.34303154432218452 -0.39522076640274445 0.85213256328106879
1554 -0.34772357467416659 -0.34706920274263842 0.87099442255585569
1555 -0.3519162159701017 -0.29711724475469548 0.88762397433072038
1556 -0.35554262482520216 -0.245537344336302 0.90183194358410357
1557 -0.35853872296431094 -0.19254499576369588 0.91344206643961801
1558 -0.36084599810031592 -0.13839783060738439 0.92229941241342905
1559 -0.36241496573443588 -0.083392305778199477 0.9282785766938193
1560 -0.36320918788802159 -0.027857144668298552 0.93129107443626524
1561 -0.36320918806738023 0.02785714490081766 0.93129107435935909
1562 -0.36241496537899659 0.08339230555470678 0.92827857685266613
1563 -0.36084599810031592 0.13839783060738439 0.92229941241342905
1564 -0.35853872296431094 0.19254499576369588 0.91344206643961801
1565 -0.35554262452216751 0.24553734430737481 0.90183194371144926
1566 -0.35191621593389083 0.29711724472491435 0.88762397435504548
1567 -0.34772357467416659 0.34706920274263842 0.87099442255585569
1568 -0.34303154458660812 0.39522076625650709 0.85213256324244846
1569 -0.29354981467628249 -0.3995409886155416 0.86844430144922702
1570 -0.29767342077544601 -0.35099796728222699 0.88780119482212294
1571 -0.30136666621817931 -0.30059029013634925 0.90488872794851738
1572 -0.30456929371183378 -0.24849143885213978 0.91950505716122533
1573 -0.30722262991773824 -0.19492008319075704 0.93146144141093501
1574 -0.30927182887390425 -0.14013989893370349 0.94059116761313566
1575 -0.31066901384091228 -0.084457273827054896 0.94675853982777303
1576 -0.31137765957099112 -0.028215603830720096 0.9498672711597973
1577 -0.3113776595746427 0.028215603352352642 0.94986727117281
1578 -0.31066901384091228 0.084457273827054896 0.94675853982777303
1579 -0.30927182887390425 0.14013989893370349 0.94059116761313566
1580 -0.30722262972856318 0.19492008320265553 0.93146144147084053
1581 -0.30456929352473655 0.24849143886705552 0.91950505721916687
1582 -0.30136666606428286 0.30059029015106969 0.90488872799488151
1583 -0.29767342089570664 0.35099796676011313 0.88780119498822141
1584 -0.29354981467766933 0.3995409884472329 0.86844430152619134
1585 -0.24250280330808818 -0.40327829248496472 0.88235990910632944
1586 -0.24599032986706054 -0.35440452041745607 0.90215641300140836
1587 -0.24912148824786734 -0.30360986092669301 0.9196518561071042
1588 -0.25184456618901652 -0.25106796274516607 0.93463318610247192
1589 -0.25410839903231669 -0.19699910336912332 0.94690035104703307
1590 -0.25586372364419052 -0.14167066221770586 0.9562756811661195
1591 -0.25706543545257332 -0.085396292393532761 0.96261354402533583
1592 -0.25767693742753101 -0.028532337259539544 0.96580976473034075
1593 -0.25767693742752473 0.028532337260437544 0.96580976473031599
1594 -0.25706543545257332 0.085396292393532761 0.96261354402533583
1595 -0.25586372364419052 0.14167066221770586 0.9562756811661195
1596 -0.25410839908295119 0.19699910288365169 0.94690035113444548
1597 -0.25184456663001542 0.25106796277625509 0.93463318597528988
1598 -0.24912148821317526 0.30360986096411624 0.91965185610414701
1599 -0.24599032972892138 0.35440452042978671 0.90215641303423066
1600 -0.2425028031301846 0.4032782922062208 0.88235990928262209
1601 -0.1901046366083875 -0.40636478401067477 0.8937157766627768
1602 -0.19289344944016354 -0.35722450406256906 0.91388334641808999
1603 -0.19540347828735927 -0.30611689012984938 0.93172417069132174
1604 -0.19759337676746377 -0.25321525262491762 0.94701578302356193
1605 -0.1994217378092121 -0.19874015433070497 0.95954849879813875
1606 -0.20084741115142382 -0.14296006282798526 0.96913504625000002
1607 -0.20183005304092469 -0.086191970083252953 0.97562060965452402
1608 -0.20233319832677216 -0.028801806400697991 0.97889311612806629
1609 -0.20233319855957752 0.028801806152289829 0.97889311608725516
1610 -0.20183005304092469 0.086191970083252953 0.97562060965452402
1611 -0.20084741093699554 0.14296006307325856 0.96913504625825786
1612 -0.19942173824251991 0.19874015431392741 0.95954849871155978
1613 -0.19759337681152478 0.25321525217509327 0.94701578313464385
1614 -0.19540347851107348 0.30611689008152271 0.93172417066028135
1615 -0.19289344964912475 0.35722450389062749 0.91388334644119418
1616 -0.1901046365283757 0.40636478393105974 0.89371577671599678
1617 -0.13660759558987987 -0.4087398272871231 0.90236916969522207
1618 -0.13864324862632926 -0.35939937769790647 0.92282725193867965
1619 -0.14047965650646885 -0.30805630290080882 0.94093930747466903
1620 -0.14208713212450103 -0.25488356504846338 0.95647562182881607
1621 -0.14343593706013014 -0.20010140617351357 0.96921904604019471
1622 -0.1444959288210555 -0.14397733221665637 0.97897469546557492
1623 -0.14523509634161666 -0.086826799030443991 0.98557996822214688
1624 -0.14561867669466519 -0.029018735993535612 0.98891511969381474
1625 -0.14561867648631457 0.029018735993415992 0.98891511972449808
1626 -0.14523509634161666 0.086826799030443991 0.98557996822214688
1627 -0.1444959288210555 0.14397733221665637 0.97897469546557481
1628 -0.14343593706148924 0.20010140612498251 0.96921904605001297
1629 -0.14208713210964186 0.25488356511763222 0.95647562181259116
1630 -0.14047965648983926 0.30805630292875408 0.94093930746800269
1631 -0.13864324894467736 0.35939937768241415 0.92282725189688553
1632 -0.13660759558987987 0.4087398272871231 0.90236916969522207
1633 -0.082297889502324181 -0.41035341457091068 0.90820544621437804
1634 -0.083537664313997395 -0.36087982990526385 0.92886339523554795
1635 -0.084658178517556942 -0.30938017853887334 0.94716255095804136
1636 -0.085641836727359436 -0.25602740023265591 0.96286834309373348
1637 -0.086471305951175262 -0.20104167956661026 0.97575865680204688
1638 -0.087129326721149022 -0.14468931299335064 0.985633544036845
1639 -0.08759692659214624 -0.087280984204308715 0.99232495093489281
1640 -0.087847362984003072 -0.029177576725820782 0.99570653800864728
1641 -0.087847362984003072 0.029177576725820782 0.99570653800864728
1642 -0.08759692659214624 0.087280984204308715 0.99232495093489281
1643 -0.08712932672925093 0.14468931298433088 0.98563354403745296
1644 -0.086471305731299034 0.20104167980663201 0.97575865677207896
1645 -0.08564183695141396 0.25602740016748216 0.96286834309113489
1646 -0.084658178313712404 0.30938017832200976 0.94716255104709723
1647 -0.083537664515623791 0.36087982989479722 0.9288633952214812
1648 -0.082297889304990379 0.41035341458172098 0.90820544622737531
1649 -0.027488797329540852 -0.41116962931875817 0.91114428163011063
1650 -0.027905224141660665 -0.36162969418420199 0.93190410598400319
1651 -0.02828198917379969 -0.3100521009889125 0.95029880761828511
1652 -0.028613313199522764 -0.25660996870214592 0.96609140471822308
1653 -0.028893620035758728 -0.2015237932175982 0.97905736271600541
1654 -0.029117615625544976 -0.14505975556651987 0.9889943537630862
1655 -0.029279852854898251 -0.087525762782674696 0.99573185701076494
1656 -0.029371474219602251 -0.029268687055860543 0.99913996039603648
1657 -0.029371474219602251 0.029268687055860543 0.99913996039603648
1658 -0.029279852854898251 0.087525762782674696 0.99573185701076494
1659 -0.029117615625544976 0.14505975556651987 0.9889943537630862
1660 -0.028893620036548631 0.20152379300473322 0.97905736275979705
1661 -0.028613312987434848 0.25660996827705052 0.96609140483741718
1662 -0.028281989139230225 0.31005210098919972 0.95029880761922003
1663 -0.027905224142045663 0.36162969418458352 0.93190410598384354
1664 -0.027488797540398388 0.41116962875680352 0.91114428187734098
1665 0.02748879773664006 -0.41116962931432849 0.91114428161982763
1666 0.027905223726052482 -0.36162969418859781 0.93190410599474249
1667 0.028281989174126693 -0.31005210095336783 0.9502988076298724
1668 0.028613313199124343 -0.25660996870214869 0.96609140471823429
1669 0.028893620035758728 -0.2015237932175982 0.97905736271600541
1670 0.029117615845085616 -0.14505975556525152 0.98899435375680855
1671 0.029279852854898251 -0.087525762782674696 0.99573185701076494
1672 0.029371474219602251 -0.029268687055860543 0.99913996039603648
1673 0.029371474219602251 0.029268687055860543 0.99913996039603648
1674 0.029279852854892385 0.087525762785406108 0.99573185701052502
1675 0.029117615625544976 0.14505975556651987 0.9889943537630862
1676 0.028893620036548631 0.20152379300473322 0.97905736275979705
1677 0.028613313015621304 0.25660996827685695 0.9660914048366338
1678 0.028281989383963389 0.31005210113395182 0.95029880756470864
1679 0.027905223853335027 0.36162969418736957 0.93190410599140761
1680 0.02748879773664006 0.41116962931432849 0.91114428161982763
1681 0.082297889502324181 -0.41035341457091068 0.90820544621437804
1682 0.083537664590731323 -0.3608798301820883 0.92886339510310856
1683 0.084658178496199804 -0.30938017806972573 0.94716255111319214
1684 0.08564183670782409 -0.25602740026332788 0.96286834308731539
1685 0.086471305951175262 -0.20104167956661026 0.97575865680204688
1686 0.087129326733962564 -0.14468931299320464 0.98563354403573378
1687 0.08759692659214624 -0.087280984204308715 0.99232495093489281
1688 0.087847362984003072 -0.029177576725820782 0.99570653800864728
1689 0.087847362984003072 0.029177576725820782 0.99570653800864728
1690 0.08759692659214624 0.087280984204308715 0.99232495093489281
1691 0.087129326514174807 0.14468931274352353 0.98563354409181558
1692 0.086471305951585031 0.20104167954224261 0.97575865680703122
1693 0.085641836950745148 0.25602740019776349 0.96286834308314251
1694 0.084658178523535174 0.30938017832161213 0.94716255102847302
1695 0.083537664719559562 0.36087983009402952 0.92886339512573479
1696 0.082297889599798765 0.41035341428878985 0.9082054463330157
1697 0.13660759567283967 -0.4087398275597221 0.90236916955918589
1698 0.13864324873109343 -0.35939937789651966 0.92282725184558934
1699 0.14047965649108327 -0.30805630290145469 0.94093930747675447
1700 0.1420871323111515 -0.25488356511061816 0.9564756217845255
1701 0.14343593705490623 -0.20010140636004931 0.96921904600245623
1702 0.14449592882105547 -0.14397733221665637 0.97897469546557481
1703 0.14523509634964979 -0.086826799021280487 0.98557996822177052
1704 0.14561867647045132 -0.029018735984784466 0.98891511972708723
1705 0.14561867648674176 0.02901873598517828 0.98891511972467694
1706 0.14523509634964979 0.086826799021280487 0.98557996822177052
1707 0.14449592882105547 0.14397733221665637 0.97897469546557481
1708 0.14343593703961777 0.20010140612557839 0.96921904605312681
1709 0.14208713232805217 0.25488356464941214 0.95647562190491797
1710 0.14047965650361338 0.30805630296347059 0.94093930745458032
1711 0.13864324873109343 0.35939937789651966 0.92282725184558934
1712 0.13660759567283967 0.4087398275597221 0.90236916955918589
1713 0.19010463650785719 -0.40636478393264619 0.89371577671963987
1714 0.19289344964912472 -0.35722450389062749 0.91388334644119407
1715 0.1954034785088514 -0.30611689011670989 0.93172417064918678
1716 0.19759337697094995 -0.2532152526148877 0.94701578298378686
1717 0.19942173823336215 -0.1987401545468398 0.95954849866522252
1718 0.20084741072148637 -0.14296006307924469 0.96913504630203773
1719 0.20183005324649078 -0.086191970298503451 0.97562060959298136
1720 0.20233319834992231 -0.028801806128459378 0.97889311613129126
1721 0.20233319813880321 0.028801806375841791 0.97889311616764996
1722 0.20183005322842565 0.086191970080128827 0.97562060961601105
1723 0.20084741075619164 0.14296006259964605 0.96913504636559233
1724 0.19942173802740901 0.19874015455481422 0.95954849870637382
1725 0.19759337681033379 0.25321525219850249 0.9470157831286331
1726 0.19540347849005194 0.30611689008276982 0.93172417066428037
1727 0.19289344964912472 0.35722450389062749 0.91388334644119407
1728 0.19010463650551782 0.40636478418726224 0.89371577660436585
1729 0.24250280325509396 -0.40327829250626601 0.88235990911115836
1730 0.24599032986706054 -0.35440452041745607 0.90215641300140836
1731 0.24912148827913191 -0.30360986086102404 0.91965185612031453
1732 0.25184456664827393 -0.25106796249482249 0.93463318604597045
1733 0.25410839885021941 -0.19699910317269298 0.94690035113676696
1734 0.25586372349623959 -0.14167066226345076 0.9562756811989287
1735 0.25706543547944571 -0.085396292392943052 0.96261354401821186
1736 0.25767693742752473 -0.028532337260437544 0.96580976473031599
1737 0.25767693748344178 0.028532337016415377 0.96580976472260627
1738 0.25706543568069951 0.085396292388526668 0.96261354396485888
1739 0.25586372343663144 0.14167066243866086 0.95627568118892059
1740 0.25410839883998837 0.1969991033788529 0.94690035109662174
1741 0.25184456664818655 0.25106796249491986 0.93463318604596779
1742 0.24912148800580525 0.30360986115586902 0.91965185609701638
1743 0.24599032986706054 0.35440452041745607 0.90215641300140836
1744 0.24250280331344937 0.40327829221338496 0.88235990922898022
1745 0.29354981464259294 -0.39954098826885781 0.86844430162011177
1746 0.29767342087290594 -0.3509979669579853 0.88780119491763632
1747 0.30136666626556391 -0.30059028995924114 0.90488872799156894
1748 0.30456929352244488 -0.24849143889658667 0.91950505721194531
1749 0.3072226299177383 -0.19492008319075702 0.93146144141093501
1750 0.30927182868314329 -0.14013989894236067 0.94059116767456918
1751 0.31066901384091228 -0.084457273827054896 0.94675853982777303
1752 0.31137765957299357 -0.028215603591756969 0.94986727116623915
1753 0.3113776595746427 0.028215603352352642 0.94986727117281
1754 0.31066901384104567 0.084457273821764184 0.94675853982820124
1755 0.30927182868314329 0.14013989894236067 0.94059116767456918
1756 0.30722262972856318 0.19492008320265553 0.93146144147084053
1757 0.30456929369487357 0.24849143907069093 0.91950505710778063
1758 0.30136666606428286 0.30059029015106969 0.90488872799488151
1759 0.29767342077544601 0.35099796728222699 0.88780119482212294
1760 0.29354981464259294 0.39954098826885781 0.86844430162011177
1761 0.34303154445554146 -0.39522076618011587 0.85213256333064069
1762 0.34772357466381781 -0.34706920282039622 0.87099442252900283
1763 0.3519162159701017 -0.29711724475469548 0.88762397433072038
1764 0.35554262485160071 -0.24553734454670603 0.90183194351641049
1765 0.35853872302845891 -0.19254499584576237 0.9134420663971401
1766 0.36084599834067815 -0.13839783080521198 0.9222994122897028
1767 0.36241496573451243 -0.08339230577558461 0.92827857669402436
1768 0.36320918788802159 -0.027857144668298552 0.93129107443626524
1769 0.36320918806704067 0.027857144900821418 0.93129107435949143
1770 0.36241496573451243 0.08339230577558461 0.92827857669402436
1771 0.36084599834701842 0.1383978308134218 0.92229941228599022
1772 0.35853872285405591 0.19254499579538459 0.91344206647621484
1773 0.35554262452216751 0.24553734430737481 0.90183194371144926
1774 0.35191621590083133 0.29711724476265339 0.8876239743555201
1775 0.34772357467416659 0.34706920274263842 0.87099442255585569
1776 0.34303154474090886 0.39522076589970095 0.85213256334582099
1777 0.39077391920367027 -0.39038978062115715 0.83360156145293318
1778 0.39596438806098211 -0.34268564461249884 0.85192649469540982
1779 0.40059237044364071 -0.29325155194992147 0.86806064305514241
1780 0.40458630342517304 -0.24225792187042117 0.88182822724824284
1781 0.40787850940399717 -0.18991559805070587 0.89306617178315295
1782 0.41040826887484289 -0.1364743521440038 0.90163174525192336
1783 0.41212529591933972 -0.082219006945882092 0.90740992685788358
1784 0.41299334155583978 -0.027462720277749264 0.91031988818518494
1785 0.4129933415524889 0.027462720612400675 0.91031988817660925
1786 0.41212529574979206 0.08221900695249508 0.90740992693428923
1787 0.41040826888035631 0.1364743519290014 0.90163174528195722
1788 0.40787850929268943 0.1899155982771491 0.89306617178583469
1789 0.40458630296946391 0.2422579218663575 0.88182822745844047
1790 0.40059237053035507 0.2932515520693742 0.86806064297477159
1791 0.3959643883326639 0.34268564440825977 0.85192649465129044
1792 0.39077391920367027 0.39038978062115715 0.83360156145293318
1793 0.42451077825244493 -0.39771438397568909 0.8133965010536629
1794 0.43222310633836741 -0.35078945335446671 0.83074060076686207
1795 0.43939329982956216 -0.30163107585462756 0.84613959967824948
1796 0.44584764691424683 -0.25033571982990332 0.85939042531219367
1797 0.45138788176133404 -0.19707587043339261 0.87029310091022583
1798 0.45580204455671697 -0.14211848965761362 0.87866195494931687
1799 0.4588860333611402 -0.085837313091694456 0.88433905492592424
1800 0.4604747111470221 -0.028709694387437094 0.88720842750857964
1801 0.46047471122284794 0.028709694386217604 0.8872084274692642
1802 0.45888603321412202 0.085837312983654934 0.88433905501269905
1803 0.45580204474772124 0.14211848930435891 0.8786619549073712
1804 0.45138788198300878 0.19707587038577346 0.87029310080603484
1805 0.44584764691424683 0.25033571982990332 0.85939042531219367
1806 0.4393933001094531 0.30163107600118466 0.84613959948065998
1807 0.43222310639908856 0.35078945299437542 0.83074060088732216
1808 0.42451077825244493 0.39771438397568909 0.8133965010536629
1809 0.44462325020873072 -0.41666596473122341 0.79290581988557973
1810 0.4567216623066373 -0.37075928529591151 0.80866734541882346
1811 0.46840843622671069 -0.32161177508089905 0.82289695770549598
1812 0.47932048404658578 -0.26916950876785406 0.8353440303988644
1813 0.48900517256841075 -0.2135198469086671 0.84574417892022069
1814 0.49694457196537961 -0.15495402064177552 0.85383566561785984
1815 0.50261441817774377 -0.09401795046441537 0.85938313436459701
1816 0.50557586552646971 -0.031521356351549061 0.8622061518517018
1817 0.50557586552612277 0.031521356352552897 0.86220615185186833
1818 0.50261441803293172 0.094017950467338934 0.85938313444897119
1819 0.49694457221963273 0.15495402060721189 0.85383566547615353
1820 0.48900517257487153 0.21351984684812333 0.84574417893177012
1821 0.47932048388330156 0.2691695089247888 0.83534403044198846
1822 0.46840843598368792 0.3216117754901614 0.82289695768387749
1823 0.45672166241464573 0.37075928545505688 0.80866734528485695
1824 0.44462325018582766 0.41666596481985924 0.79290581985184527
1825 0.46300841812471705 -0.43403731062448275 0.77280969050052251
1826 0.47925103301650457 -0.38917337025819754 0.78667816496613729
1827 0.49526618915696896 -0.34015501758607986 0.79937848725678584
1828 0.51051231028592192 -0.28676369184643269 0.81064404400768575
1829 0.52428275844476646 -0.22897782914669632 0.82018092086856853
1830 0.5357405373993307 -0.1670851342548044 0.82768631406960591
1831 0.54401651502743031 -0.1017805069741282 0.8328785984628847
1832 0.54837022074011033 -0.034194998500339642 0.8355362368461372
1833 0.54837022069211472 0.034194998639858566 0.83553623687192746
1834 0.54401651510637905 0.10178050718270525 0.83287859838582845
1835 0.53574053752909911 0.16708513427984523 0.82768631398055514
1836 0.52428275837754779 0.22897782915746226 0.82018092090853101
1837 0.5105123102803516 0.2867636920310257 0.81064404394589429
1838 0.49526618915696896 0.3401550175860798 0.79937848725678584
1839 0.47925103313494449 0.38917337031104249 0.78667816486784004
1840 0.46300841789873298 0.43403731067523527 0.77280969060741045
1841 0.47990550155019918 -0.45005181893329238 0.75308968247924302
1842 0.50005057970131672 -0.40622677023104087 0.76480666111641193
1843 0.52018567055064868 -0.35741371110167552 0.77566894179817458
1844 0.53960289715242327 -0.30322315395419003 0.78541990825976971
1845 0.55734761565713786 -0.24350998115692227 0.79376729864504936
1846 0.57226052616788492 -0.17853836250056235 0.80040111400826586
1847 0.5831152695046371 -0.10913254054890552 0.80502588223228944
1848 0.58885338551879796 -0.036731538377864553 0.80740478352028944
1849 0.58885338557828404 0.036731538375381713 0.80740478347701816
1850 0.58311526962917437 0.10913254053730503 0.80502588214365434
1851 0.57226052618033496 0.17853836238016313 0.80040111402622116
1852 0.55734761566537294 0.24350998109867236 0.7937672986571368
1853 0.53960289720344923 0.30322315387544008 0.78541990825511609
1854 0.52018567062072063 0.35741371105640191 0.7756689417720436
1855 0.50005057969653544 0.4062267700748935 0.76480666120247565
1856 0.4799055014875927 0.45005181885981826 0.75308968256304742
1857 0.49550561261233761 -0.4648880522118089 0.73372562091042082
1858 0.51931682297410364 -0.4220798533048768 0.74307377480988868
1859 0.54335349402412647 -0.37351841192266144 0.75183174745852988
1860 0.56675368972800511 -0.31864239732309307 0.75977449141694942
1861 0.58832423854683757 -0.25717530875516675 0.76663906168742046
1862 0.60658752453977549 -0.18934407638791984 0.77214014000666542
1863 0.61995745885761133 -0.11608607448427259 0.77600049775605495
1864 0.62705097123153064 -0.039133772610860165 0.77799461908090062
1865 0.6270509712339124 0.039133772512156148 0.77799461908394585
1866 0.61995745885761122 0.11608607448427262 0.77600049775605506
1867 0.60658752442657704 0.18934407636237202 0.77214014010185805
1868 0.58832423857683247 0.25717530856658538 0.76663906172766338
1869 0.56675368995340369 0.31864239701854369 0.75977449137653852
1870 0.5433534941578515 0.37351841158549498 0.75183174752939408
1871 0.51931682290602466 0.42207985326263819 0.74307377488145976
1872 0.49550561259563547 0.4648880522167958 0.73372562091854043
1873 0.50996437682961759 -0.47869155557381821 0.71469624945643717
1874 0.53721388695655592 -0.4368668422581462 0.72149054172346916
1875 0.56493094090280394 -0.38858238055674754 0.72791260844384587
1876 0.59211122448508158 -0.33310764748446575 0.73378715785038262
1877 0.61733456568784839 -0.27003182784494184 0.73890516709366383
1878 0.63881416986834394 -0.19953580864084025 0.74303560980982919
1879 0.65460929477173779 -0.12265689634729784 0.74595037165812605
1880 0.66301345946313373 -0.041406099431125901 0.74746149566424314
1881 0.66301345972582904 0.04140609951347278 0.7474614954266654
1882 0.6546092946697003 0.12265689642324112 0.74595037173518175
1883 0.63881416993984108 0.19953580873798249 0.74303560972227367
1884 0.61733456583008972 0.27003182769601669 0.7389051670292498
1885 0.59211122467543642 0.33310764710634611 0.73378715786843041
1886 0.56493094111055675 0.38858238055904232 0.72791260828138438
1887 0.53721388712940554 0.43686684220240646 0.72149054162851789
1888 0.50996437680188877 0.47869155560429388 0.71469624945581067
1889 0.52341052530377619 -0.49158290375380181 0.69597964822127212
1890 0.55388071919312198 -0.45070173155826043 0.70006006747742422
1891 0.58505892639581725 -0.40270511677438603 0.70394221465138862
1892 0.61580934475408322 -0.34669827260586145 0.70751618969862329
1893 0.64449745627556354 -0.28213654007295053 0.71064900028776001
1894 0.66903997532815529 -0.20914958218216262 0.71319139344633709
1895 0.68715214507708433 -0.12886390286360894 0.71499372308763665
1896 0.69681120645451677 -0.043554260898658638 0.71593098055397231
1897 0.69681120636638771 0.04355426103996439 0.71593098063115135
1898 0.68715214502447763 0.12886390273975201 0.71499372316051779
1899 0.66903997528957959 0.20914958214973459 0.71319139349203464
1900 0.64449745640243383 0.28213653987755261 0.71064900025027478
1901 0.61580934450551572 0.34669827297872219 0.70751618973226216
1902 0.58505892636018686 0.40270511690852762 0.70394221460426332
1903 0.55388071926898297 0.45070173131204239 0.7000600675759201
1904 0.52341052521570675 0.49158290387966252 0.69597964819860691
1905 0.5359519422811565 -0.50366336759162655 0.67755348697451034
1906 0.56943625565016065 -0.46368253192633324 0.67877894806594408
1907 0.60386158424574188 -0.41597493665704871 0.67993826127479196
1908 0.63797072716138481 -0.35948782387150169 0.68100062832078656
1909 0.669928039164151 -0.29354537370509037 0.68192927486508059
1910 0.69736876296613959 -0.21822333481433037 0.6826824917790032
1911 0.71767860745475887 -0.13472853269558316 0.683217124258089
1912 0.72852982588275483 -0.0455851179057176 0.68349563994568741
1913 0.72852982555654522 0.045585118339971767 0.68349564026442811
1914 0.71767860770083614 0.13472853237923285 0.68321712406198309
1915 0.69736876300479289 0.21822333507612504 0.68268249165583439
1916 0.669928039164151 0.29354537370509037 0.68192927486508059
1917 0.63797072712170899 0.35948782385612943 0.68100062836607012
1918 0.60386158430773207 0.41597493659460361 0.67993826125794055
1919 0.56943625566839329 0.46368253188959058 0.67877894807574823
1920 0.53595194213858233 0.50366336779427134 0.67755348693665096
1921 0.39782280724652752 0.42422055049266794 0.81349489154769128
1922 0.35088129416788832 0.43152313427018413 0.83106564240901248
1923 0.30170093606455101 0.43833106133844008 0.84666547457876795
1924 0.25038247829585497 0.44447290264055334 0.86008863111932077
1925 0.19710231469237441 0.44975397837657538 0.87113261704366884
1926 0.14213020488926839 0.45396700297886861 0.87960955262236584
1927 0.085840821268176271 0.45691300089390885 0.88535973650156907
1928 0.028710201803854161 0.45843134616975856 0.88826596532872126
1929 -0.028710201805530928 0.45843134599033164 0.88826596542126879
1930 -0.085840821566207259 0.45691300088684411 0.88535973647631916
1931 -0.14213020509673374 0.45396700288129638 0.87960955263919993
1932 -0.19710231469237441 0.44975397837657538 0.87113261704366884
1933 -0.25038247831833166 0.44447290257943822 0.8600886311443604
1934 -0.30170093599848574 0.43833106137529088 0.84666547458323149
1935 -0.35088129402233553 0.43152313428174105 0.8310656424644649
1936 -0.3978228072571347 0.42422055041589218 0.81349489158254107
1937 0.41651557432040559 0.44456071694352228 0.79301988959874392
1938 0.37058752559448938 0.45619822595696191 0.80904144795398103
1939 0.32142451096913277 0.46745690515747923 0.82351097477134161
1940 0.2689780324070295 0.47798171744325829 0.8361724079832078
1941 0.21334036838260889 0.48733096916421814 0.84675522656304669
1942 0.15480575406339103 0.49500010968118291 0.85499126891710531
1943 0.093919643929381388 0.5004791170138847 0.86063915430172044
1944 0.031486875632297628 0.50334150493406282 0.86351369767573982
1945 -0.031486875637657112 0.50334150467262173 0.8635136978279383
1946 -0.09391964392253685 0.50047911704102344 0.86063915428668558
1947 -0.15480575424899448 0.49500010968185637 0.85499126888310972
1948 -0.21334036852098745 0.48733096912907092 0.8467552265484104
1949 -0.26897803270448706 0.47798171742909007 0.83617240789562119
1950 -0.32142451089237001 0.46745690507955701 0.8235109748455347
1951 -0.37058752541216378 0.45619822574614849 0.80904144815636914
1952 -0.41651557454188809 0.44456071689515841 0.79301988950952795
1953 0.4335904316192653 0.46320923777232231 0.77294019150940996
1954 0.38868863074736565 0.4789475907333377 0.78710250517862623
1955 0.33965208110773287 0.49447255397597095 0.80008334388591451
1956 0.28627081098221374 0.50925579816986299 0.81160800563446966
1957 0.22853105826228318 0.52260945456489116 0.82137257892439286
1958 0.16672495706262988 0.53372027722858861 0.82906299782797122
1959 0.10154542987214461 0.5417450960194643 0.83438646717869458
1960 0.034113177865709284 0.54596638723756519 0.83711229539570342
1961 -0.034113177867754363 0.54596638713932621 0.83711229545969179
1962 -0.10154543004770918 0.54174509606273213 0.83438646712923559
1963 -0.16672495704444504 0.53372027723021043 0.82906299783058413
1964 -0.22853105809296281 0.52260945455202867 0.82137257897968685
1965 -0.28627081091522771 0.5092557985196895 0.81160800543859302
1966 -0.33965208103080696 0.49447255424775094 0.80008334375060397
1967 -0.38868863053598879 0.4789475907209505 0.78710250529054626
1968 -0.43359043155308202 0.46320923773879669 0.77294019156662763
1969 0.44927192103455466 0.48040430740545104 0.75323730815474732
1970 0.40537963401523802 0.50001034971572544 0.76528230248897688
1971 0.35653474393957729 0.51959787961625459 0.77646701144493724
1972 0.30236195060262933 0.53847651871765845 0.78652418247469302
1973 0.24272934965493045 0.55571837932049961 0.79514749933675322
1974 0.17790885885861521 0.57019986074142759 0.80201032209696776
1975 0.10872151937158762 0.58073510934225248 0.80680007684851851
1976 0.036588438750564514 0.58630238156399928 0.809265595167729
1977 -0.036588438743085684 0.58630238180009042 0.80926559499702222
1978 -0.10872151947238966 0.58073510940883177 0.80680007678701104
1979 -0.17790885892154643 0.57019986055859595 0.80201032221299451
1980 -0.24272934957084544 0.55571837933227475 0.79514749935419171
1981 -0.30236195060593712 0.53847651862295987 0.78652418253825485
1982 -0.3565347437448903 0.51959787942689084 0.77646701166105148
1983 -0.4053796338814542 0.50001034969565283 0.76528230257295848
1984 -0.44927192097236318 0.48040430740296503 0.75323730819342738
1985 0.46373933508711135 0.49633638679929259 0.733891013865129
1986 0.42082048455638876 0.51958312599976531 0.743601704512596
1987 0.37220088572255117 0.54302052869421957 0.75272518629576801
1988 0.31734182509373998 0.56580709509800386 0.76102332236465164
1989 0.25598861016302848 0.58678421681154769 0.76821488814501626
1990 0.18838188021939264 0.6045234046285558 0.77399206744081417
1991 0.11545534184265034 0.61749671961286812 0.77805389614559706
1992 0.038913720402218979 0.62437528143369903 0.7801546194819633
1993 -0.038913720580828315 0.62437528130773312 0.78015461957386767
1994 -0.11545534194327443 0.61749671947826978 0.77805389623748844
1995 -0.18838188012929247 0.60452340467374888 0.77399206742744575
1996 -0.2559886101755009 0.58678421687199911 0.76821488809468552
1997 -0.31734182525759042 0.5658070949827293 0.76102332238203163
1998 -0.37220088566856169 0.54302052864298944 0.75272518635942198
1999 -0.42082048458150006 0.51958312585639221 0.74360170459856534
2000 -0.46373933487665758 0.49633638683688869 0.73389101397268619
2001 0.47713859539538417 0.5111607680142215 0.714880010929968
2002 0.43514460869513955 0.53783047332450395 0.72207170799519205
2003 0.38676116859173498 0.56490313335318842 0.72890345615678453
2004 0.33129200524638625 0.59139609966965101 0.73518450783143718
2005 0.26836058248103312 0.61593102547336165 0.7406831776338475
2006 0.19817093427659088 0.63678504394599267 0.74513964370085894
2007 0.12175756260824039 0.65209662143298419 0.7482947896807699
2008 0.041091484075763497 0.66023528256071906 0.7499339048198973
2009 -0.041091484469125292 0.66023528227759054 0.74993390504760749
2010 -0.12175756278651531 0.65209662122758871 0.74829478983075282
2011 -0.19817093410650524 0.63678504411130132 0.74513964360482343
2012 -0.26836058289734144 0.61593102538508693 0.74068317755641966
2013 -0.33129200532382547 0.59139609961793183 0.73518450783814515
2014 -0.3867611686593011 0.56490313354786537 0.7289034559700579
2015 -0.4351446086969129 0.53783047320451127 0.72207170808349919
2016 -0.47713859517503043 0.51116076811706335 0.71488001100350562
2017 0.48959033923771306 0.52500612805225677 0.69618235056102828
2018 0.44846481409479561 0.55489209961025521 0.70069541764524423
2019 0.40031197966342963 0.58538832683331288 0.70503249977943583
2020 0.34428651239158525 0.6153797787815708 0.7090659526814016
2021 0.27989512827990526 0.64328006516443381 0.71263558353987422
2022 0.20730450108444196 0.66708587265624542 0.71555662412738952
2023 0.12764122143232623 0.68461649919677192 0.71764055600197252
2024 0.043125251346859697 0.69395210448127453 0.71872852272765697
2025 -0.043125251044531049 0.69395210449754285 0.71872852273009002
2026 -0.12764122110788145 0.68461649922510182 0.71764055603265275
2027 -0.20730450116155386 0.66708587264529484 0.71555662411525811
2028 -0.27989512818595086 0.64328006529512949 0.71263558345879985
2029 -0.34428651236813806 0.6153797789436809 0.70906595255209537
2030 -0.40031197959742842 0.58538832699455434 0.70503249968303217
2031 -0.44846481390036469 0.55489209963729647 0.70069541774827093
2032 -0.48959033929971563 0.52500612792184742 0.69618235061576939
2033 0.50119561133805757 0.53798055759415142 0.67777568474101868
2034 0.46087751348898903 0.57088804426815098 0.67946946838831002
2035 0.41293790732417651 0.60460239573601782 0.6811301107461023
2036 0.35639266025521421 0.63788369912746989 0.68270686103456346
2037 0.29063987647467471 0.66894930174067435 0.68413105024070509
2038 0.21581172938798132 0.69553153652277544 0.6853183049947198
2039 0.13312090211899549 0.71514923003571607 0.6861781140479104
2040 0.045019277058138581 0.725610480710834 0.68663141129412009
2041 -0.045019276941691305 0.72561048072413936 0.68663141128769434
2042 -0.13312090204947935 0.71514923020569221 0.68617811388424421
2043 -0.21581172973872928 0.69553153655588007 0.68531830485066869
2044 -0.29063987634883492 0.66894930177098688 0.68413105026452581
2045 -0.35639265975288548 0.63788369929413458 0.68270686114107126
2046 -0.41293790777028805 0.60460239561200269 0.68113011058572681
2047 -0.4608775132320152 0.57088804456917064 0.6794694683096969
2048 -0.50119561128268719 0.5379805575974369 0.67777568477935546
2049 -0.42451077826952549 0.39771438388844754 0.8133965010874058
2050 -0.43222310633836741 0.35078945335446671 0.83074060076686207
2051 -0.43939329977304431 0.30163107621162116 0.84613959958033802
2052 -0.44584764701843915 0.25033571961465484 0.85939042532083998
2053 -0.45138788206034963 0.19707587035367846 0.87029310077318889
2054 -0.45580204457089629 0.14211848953519055 0.87866195496176269
2055 -0.45888603329841565 0.085837312757849962 0.88433905499087639
2056 -0.46047471082285102 0.028709694616899005 0.887208427669404
2057 -0.46047471122284794 -0.028709694386217604 0.88720842746926432
2058 -0.45888603298338287 -0.085837312778311553 0.88433905515236177
2059 -0.4558020444811926 -0.14211848966354673 0.87866195498753519
2060 -0.45138788209160208 -0.1970758702651772 0.87029310077702038
2061 -0.44584764718500214 -0.25033571949542555 0.85939042526915865
2062 -0.43939329995067583 -0.30163107606046335 0.84613959954198004
2063 -0.43222310626496913 -0.35078945291480024 0.83074060099070424
2064 -0.4245107782107565 -0.3977143838200663 0.81339650115151274
2065 -0.44462325021401938 0.41666596505587283 0.79290581971201313
2066 -0.45672166232908168 0.37075928553999749 0.80866734529423834
2067 -0.46840843606362415 0.32161177537166608 0.82289695768468762
2068 -0.47932048388760673 0.269169508893076 0.83534403044973693
2069 -0.48900517236834973 0.21351984687548106 0.84574417904427324
2070 -0.49694457195207686 0.15495402081471402 0.85383566559421753
2071 -0.50261441803871731 0.094017950257661215 0.85938313446852643
2072 -0.50557586550141176 0.031521356352563167 0.86220615186635785
2073 -0.50557586529642407 -0.031521356356782486 0.86220615198640327
2074 -0.50261441803265738 -0.094017950473241754 0.8593831344484858
2075 -0.49694457205720965 -0.15495402062321467 0.85383566556778179
2076 -0.48900517244225683 -0.21351984674893013 0.8457441790334902
2077 -0.47932048391002319 -0.26916950872795303 0.8353440304900811
2078 -0.46840843618212435 -0.32161177501815363 0.82289695775539784
2079 -0.45672166236967843 -0.37075928537516162 0.80866734534688434
2080 -0.44462325020779708 -0.4166659647354834 0.79290581988386477
2081 -0.46300841788975239 0.43403731069238438 0.77280969060315952
2082 -0.47925103299155847 0.38917337044324496 0.78667816488979081
2083 -0.49526618908122894 0.34015501734346876 0.7993784874069485
2084 -0.51051231039319134 0.28676369200072033 0.81064404388555278
2085 -0.52428275821757353 0.22897782923703788 0.82018092098857509
2086 -0.53574053757961959 0.16708513371863604 0.8276863140611459
2087 -0.54401651533357387 0.10178050702311983 0.83287859825693211
2088 -0.54837022060395502 0.03419499871591463 0.83553623692667478
2089 -0.54837022087202514 -0.034194998497472033 0.83553623675967781
2090 -0.54401651520052374 -0.10178050703957134 0.83287859834182676
2091 -0.53574053733950378 -0.16708513397011457 0.82768631416580063
2092 -0.52428275843254646 -0.22897782924533752 0.82018092084884131
2093 -0.51051231039386236 -0.28676369203607849 0.81064404387262223
2094 -0.49526618920381377 -0.34015501750243704 0.79937848726335448
2095 -0.47925103294548776 -0.38917337035570104 0.78667816496116594
2096 -0.46300841793299374 -0.43403731083199398 0.77280969049884285
2097 -0.47990550160163192 0.45005181890531232 0.7530896824631883
2098 -0.50005057982062351 0.40622677038042504 0.7648066609590608
2099 -0.52018567053878617 0.35741371115846099 0.77566894177996437
2100 -0.53960289733936895 0.30322315370427422 0.78541990822781704
2101 -0.55734761577850145 0.24350998136487861 0.79376729849603689
2102 -0.57226052624921964 0.17853836229471884 0.80040111399602998
2103 -0.58311526956343818 0.10913254063021555 0.80502588217867466
2104 -0.58885338551879796 0.036731538377864553 0.80740478352028944
2105 -0.58885338545079247 -0.036731538781821629 0.80740478355150946
2106 -0.5831152697334252 -0.10913254062118657 0.8050258820567695
2107 -0.57226052639173886 -0.17853836199652309 0.8004011139606495
2108 -0.55734761562767565 -0.24350998136531793 0.79376729860180506
2109 -0.53960289728604549 -0.30322315401036537 0.78541990814628049
2110 -0.52018567049145492 -0.35741371109487613 0.77566894184100466
2111 -0.50005057985147539 -0.406226770110302 0.76480666108236484
2112 -0.47990550127893733 -0.45005181914423359 0.75308968252604414
2113 -0.49550561275288518 0.46488805212061912 0.73372562087328286
2114 -0.51931682277527136 0.42207985332958287 0.74307377493481441
2115 -0.54335349406181821 0.37351841175829981 0.75183174751294657
2116 -0.56675368983663754 0.31864239704875807 0.75977449145096876
2117 -0.58832423854683757 0.25717530875516675 0.76663906168742035
2118 -0.60658752464487875 0.18934407641666573 0.77214013991704789
2119 -0.61995745872169339 0.11608607418399838 0.77600049790956138
2120 -0.62705097140379806 0.039133772604126538 0.77799461894239452
2121 -0.62705097133522725 -0.039133772727500182 0.77799461899145583
2122 -0.61995745885007181 -0.11608607389437645 0.7760004978503241
2123 -0.60658752436577368 -0.18934407641855314 0.77214014013584797
2124 -0.58832423855140292 -0.25717530884200479 0.76663906165478646
2125 -0.56675368959131511 -0.31864239745428757 0.75977449146389164
2126 -0.54335349409843292 -0.37351841160167792 0.75183174756429638
2127 -0.51931682278338753 -0.42207985329857439 0.74307377494675553
2128 -0.49550561270125687 -0.46488805211808598 0.7337256209097538
2129 -0.50996437682217655 0.47869155559774124 0.71469624944572352
2130 -0.53721388690956484 0.43686684242304463 0.72149054165861104
2131 -0.56493094114966813 0.38858238062196987 0.72791260821743753
2132 -0.59211122462727983 0.33310764704277546 0.73378715793614768
2133 -0.61733456573377665 0.27003182758518296 0.73890516715022048
2134 -0.63881416988621753 0.19953580887631628 0.74303560973122751
2135 -0.65460929460333095 0.12265689634740545 0.74595037180589385
2136 -0.66301345946313373 0.041406099431125901 0.74746149566424314
2137 -0.66301345989698923 -0.041406099409248887 0.74746149528061634
2138 -0.65460929466158746 -0.12265689652441598 0.74595037172566503
2139 -0.63881416968141769 -0.19953580879196434 0.74303560992995332
2140 -0.61733456565665834 -0.27003182774141882 0.73890516715755461
2141 -0.5921112246527408 -0.33310764744203869 0.73378715773435421
2142 -0.56493094101681529 -0.38858238073858026 0.72791260825829396
2143 -0.53721388689075922 -0.43686684226507277 0.72149054176826644
2144 -0.50996437690115293 -0.47869155570452759 0.71469624931784692
2145 -0.52341052534852206 0.49158290383353831 0.69597964813130175
2146 -0.55388071913441483 0.45070173135165348 0.70006006765688722
2147 -0.5850589261306901 0.40270511724905511 0.70394221460019624
2148 -0.6158093446368319 0.34669827271680176 0.70751618974631381
2149 -0.6444974561244684 0.28213653993051402 0.71064900048133917
2150 -0.6690399753340478 0.20914958169121639 0.71319139358478356
2151 -0.68715214520765411 0.12886390262964467 0.71499372300431863
2152 -0.69681120637977156 0.043554260593284932 0.71593098064529914
2153 -0.69681120633058735 -0.043554260813508786 0.71593098067977212
2154 -0.68715214511907829 -0.12886390267227613 0.71499372308176201
2155 -0.66903997545278382 -0.20914958206767262 0.71319139336299942
2156 -0.64449745611980136 -0.28213654015934236 0.71064900039472401
2157 -0.61580934463583759 -0.34669827271713527 0.70751618974701591
2158 -0.5850589264662065 -0.40270511706359624 0.70394221442743798
2159 -0.55388071925799631 -0.4507017313477017 0.70006006756165506
2160 -0.52341052521744624 -0.49158290378427183 0.69597964826467473
2161 -0.53595194237618293 0.50366336767941011 0.677553486834089
2162 -0.56943625567042577 0.46368253174795465 0.67877894817079631
2163 -0.60386158428209502 0.41597493646318229 0.67993826136111057
2164 -0.63797072715229963 0.35948782373828547 0.68100062839962006
2165 -0.66992803922073851 0.29354537346438131 0.68192927491310518
2166 -0.69736876277003168 0.21822333523393703 0.68268249184520036
2167 -0.71767860746428525 0.13472853263521792 0.68321712425998604
2168 -0.72852982567438229 0.045585117830343046 0.68349564017281628
2169 -0.72852982569306235 -0.045585118375442032 0.68349564011655051
2170 -0.71767860742071388 -0.13472853277783156 0.68321712427763237
2171 -0.6973687628045846 -0.21822333499390409 0.68268249188663199
2172 -0.6699280394575623 -0.29354537342916476 0.68192927469560882
2173 -0.63797072714062553 -0.35948782395147227 0.681000628298019
2174 -0.60386158425673619 -0.41597493666031382 0.67993826126303025
2175 -0.56943625551517929 -0.46368253175581114 0.67877894829566765
2176 -0.53595194221842457 -0.50366336750330332 0.67755348708978758
2177 -0.39782280713214013 -0.42422055068546038 0.81349489150309284
2178 -0.35088129416788832 -0.43152313427018413 0.83106564240901248
2179 -0.30170093615403309 -0.43833106132580091 0.84666547455342545
2180 -0.25038247853694817 -0.44447290247050947 0.86008863113700995
2181 -0.19710231487788307 -0.44975397837986503 0.87113261699999711
2182 -0.14213020490369774 -0.45396700279492647 0.87960955271496688
2183 -0.085840821561646158 -0.4569130008826926 0.88535973647890398
2184 -0.028710201798105003 -0.45843134652791956 0.8882659651440612
2185 0.028710201805530928 -0.45843134599033164 0.88826596542126879
2186 0.085840821460277231 -0.45691300098299448 0.88535973643696875
2187 0.14213020463180639 -0.4539670025491423 0.87960955288574938
2188 0.19710231484193627 -0.4497539787144022 0.87113261683541354
2189 0.25038247803178293 -0.44447290270200418 0.86008863116443912
2190 0.30170093598021008 -0.43833106135639477 0.84666547459952668
2191 0.35088129418107578 -0.43152313419736521 0.83106564244125525
2192 0.39782280719213953 -0.42422055075548437 0.8134948914372353
2193 -0.41651557446806059 -0.44456071691127957 0.7930198895392665
2194 -0.37058752553441726 -0.45619822588331321 0.80904144802302624
2195 -0.32142451098242636 -0.46745690508642312 0.82351097480648716
2196 -0.26897803268076292 -0.4779817174063587 0.83617240791624692
2197 -0.2133403684274742 -0.48733096922853114 0.84675522651472901
2198 -0.1548057542659301 -0.49500010968056474 0.85499126888079102
2199 -0.093919643917752177 -0.50047911720576521 0.86063915419140702
2200 -0.031486875825522974 -0.50334150493108687 0.86351369767042874
2201 0.031486875630006697 -0.50334150500286812 0.86351369763571684
2202 0.093919644103664102 -0.50047911719720417 0.86063915417609727
2203 0.15480575405400709 -0.49500010977673214 0.85499126886348564
2204 0.21334036805504403 -0.48733096934110554 0.84675522654377333
2205 0.26897803276345922 -0.47798171723399702 0.83617240798817249
2206 0.32142451101317293 -0.46745690492207853 0.82351097488777492
2207 0.37058752569003661 -0.45619822586019515 0.80904144796477928
2208 0.41651557452357962 -0.44456071697636057 0.79301988947362267
2209 -0.43359043149333298 -0.46320923774434081 0.77294019159682215
2210 -0.38868863059489545 -0.47894759070834503 0.78710250526912728
2211 -0.33965208101944744 -0.49447255408400126 0.80008334385662794
2212 -0.28627081114232006 -0.50925579848157032 0.8116080053824114
2213 -0.22853105824892139 -0.52260945449921425 0.82137257896989824
2214 -0.1667249568517965 -0.53372027734411442 0.82906299779599879
2215 -0.10154543016795094 -0.54174509605622145 0.83438646711882936
2216 -0.03411317786049637 -0.54596638744059744 0.83711229526349784
2217 0.034113177865709284 -0.54596638723756519 0.83711229539570342
2218 0.10154543017194613 -0.54174509600323084 0.83438646715274856
2219 0.16672495720697764 -0.5337202773659615 0.8290629977105074
2220 0.22853105825895981 -0.52260945443629758 0.821372579007137
2221 0.28627081126528109 -0.5092557983718532 0.81160800540788425
2222 0.33965208093050414 -0.49447255435800674 0.80008334372504353
2223 0.38868863085800692 -0.47894759056339548 0.78710250522739811
2224 0.43359043155636873 -0.46320923775805312 0.77294019155324389
2225 -0.44927192094640217 -0.48040430749743096 0.75323730814866274
2226 -0.40537963394005738 -0.5000103497294599 0.7652823025198271
2227 -0.35653474393355344 -0.51959787932455992 0.7764670116429
2228 -0.30236195066441801 -0.53847651870683932 0.78652418245834699
2229 -0.24272934944482694 -0.5557183793017002 0.79514749941402862
2230 -0.17790885881035967 -0.57019986061402017 0.8020103221982543
2231 -0.10872151936200326 -0.5807351093811095 0.80680007682184096
2232 -0.03658843856589087 -0.58630238170424132 0.80926559507447493
2233 0.036588438750564514 -0.58630238156399939 0.80926559516772911
2234 0.10872151936168881 -0.58073510944939954 0.80680007677272803
2235 0.17790885889170971 -0.57019986064524664 0.8020103221580076
2236 0.2427293494346196 -0.55571837944722602 0.79514749931543838
2237 0.30236195061011623 -0.53847651860425416 0.78652418254945478
2238 0.35653474371071325 -0.51959787966372317 0.77646701151826081
2239 0.40537963389168619 -0.5000103496721221 0.76528230258291274
2240 0.44927192107359093 -0.48040430732645445 0.75323730818184698
2241 -0.46373933504474285 -0.49633638694078563 0.73389101379620836
2242 -0.42082048465871785 -0.51958312581079558 0.74360170458672603
2243 -0.3722008857301794 -0.54302052866429162 0.75272518631358631
2244 -0.31734182507049191 -0.56580709504998938 0.761023322410044
2245 -0.2559886100506254 -0.58678421696620076 0.76821488806434324
2246 -0.18838188030812467 -0.60452340459120424 0.773992067448391
2247 -0.11545534193062282 -0.61749671959135533 0.7780538961496164
2248 -0.038913720494422349 -0.62437528130979181 0.78015461957652998
2249 0.038913720493145502 -0.62437528137105935 0.78015461952755993
2250 0.11545534201672436 -0.61749671947307361 0.77805389623071319
2251 0.18838188040762976 -0.60452340460679543 0.77399206741199489
2252 0.25598860994372752 -0.58678421691192639 0.76821488814142058
2253 0.31734182515366616 -0.5658070951493116 0.76102332230151626
2254 0.37220088564951104 -0.54302052871099438 0.75272518631978291
2255 0.4208204845584389 -0.51958312593504252 0.74360170455666019
2256 0.46373933491329239 -0.49633638678451053 0.73389101398496082
2257 -0.47713859513357171 -0.51116076812989097 0.71488001102200449
2258 -0.43514460875112743 -0.53783047318917121 0.72207170806225351
2259 -0.38676116891987183 -0.56490313333275077 0.72890345599851214
2260 -0.33129200533267766 -0.59139609958785255 0.73518450785835243
2261 -0.26836058296547227 -0.61593102540714351 0.74068317751339319
2262 -0.19817093420352969 -0.63678504412203452 0.74513964356984719
2263 -0.1217575627201119 -0.65209662121064482 0.74829478985632314
2264 -0.041091484162490539 -0.66023528250387853 0.74993390486518707
2265 0.041091484078313117 -0.66023528250612307 0.7499339048678233
2266 0.12175756269485755 -0.65209662134906088 0.74829478973981056
2267 0.19817093424127863 -0.63678504373744449 0.74513964388847254
2268 0.26836058291269338 -0.61593102532596133 0.74068317760002456
2269 0.33129200537096409 -0.59139609945775695 0.73518450794575085
2270 0.38676116846586506 -0.56490313362882816 0.72890345600994988
2271 0.43514460859283283 -0.53783047324622468 0.72207170811515131
2272 0.47713859532026126 -0.51116076824607304 0.71488001081432706
2273 -0.48959033930623252 -0.52500612797775337 0.69618235056902655
2274 -0.44846481391186221 -0.55489209968460684 0.70069541770344634
2275 -0.40031197961063336 -0.5853883269567377 0.70503249970693371
2276 -0.34428651249470693 -0.61537977875873651 0.70906595265114825
2277 -0.27989512812834921 -0.64328006520475167 0.71263558356300538
2278 -0.20730450144910753 -0.66708587260445995 0.71555662407001941
2279 -0.12764122118816421 -0.68461649916950107 0.71764055607141553
2280 -0.043125251199636137 -0.69395210445148559 0.71872852276525312
2281 0.043125251186026246 -0.69395210467258606 0.71872852255259101
2282 0.12764122110706649 -0.68461649927376345 0.71764055598637544
2283 0.20730450101976858 -0.66708587261594654 0.71555662418369503
2284 0.27989512828592422 -0.64328006519425174 0.71263558351059431
2285 0.34428651228900314 -0.6153797785970192 0.70906595289137775
2286 0.40031197958769849 -0.58538832706199428 0.70503249963256132
2287 0.44846481397634913 -0.55489209958168273 0.70069541774368016
2288 0.4895903391423167 -0.52500612814588377 0.69618235055750954
2289 -0.50119561139735425 -0.53798055763259045 0.67777568466665972
2290 -0.46087751335688232 -0.57088804438120533 0.67946946838292877
2291 -0.41293790757270121 -0.60460239563540508 0.68113011068474161
2292 -0.35639266004839493 -0.63788369919281407 0.68270686108147527
2293 -0.29063987659816187 -0.6689493014767528 0.68413105044630851
2294 -0.21581172966319148 -0.69553153639005871 0.6853183050427486
2295 -0.13312090222753487 -0.71514922993288665 0.68617811413402452
2296 -0.045019277056725066 -0.7256104807319117 0.68663141127193816
2297 0.045019277019089227 -0.72561048069992273 0.68663141130821115
2298 0.13312090196231008 -0.71514923027211807 0.68617811383192473
2299 0.21581172943636343 -0.69553153664646816 0.68531830485394785
2300 0.29063987621597825 -0.66894930177611711 0.68413105031595112
2301 0.35639266022074445 -0.63788369921935673 0.68270686096670374
2302 0.41293790782052964 -0.60460239551288841 0.68113011064324591
2303 0.46087751329538024 -0.57088804445298469 0.67946946836433608
2304 0.50119561120792777 -0.53798055747584062 0.67777568493115459
$EndElementData
